2026-05-26 09:02:44.234 [main] INFO  c.h.backend.HeleneBackendApplication.logStarting - Starting HeleneBackendApplication using Java 21.0.7 with PID 6632 (C:\Users\celia\Desktop\Helene\target\classes started by celia in C:\Users\celia\Desktop\Helene)
2026-05-26 09:02:44.246 [main] INFO  c.h.backend.HeleneBackendApplication.logStartupProfileInfo - No active profile set, falling back to 1 default profile: "default"
2026-05-26 09:02:45.877 [main] INFO  o.s.d.r.c.RepositoryConfigurationDelegate.registerRepositoriesIn - Bootstrapping Spring Data JPA repositories in DEFAULT mode.
2026-05-26 09:02:46.055 [main] INFO  o.s.d.r.c.RepositoryConfigurationDelegate.registerRepositoriesIn - Finished Spring Data repository scanning in 171 ms. Found 7 JPA repository interfaces.
2026-05-26 09:02:46.629 [main] INFO  o.s.b.w.e.tomcat.TomcatWebServer.initialize - Tomcat initialized with port 8080 (http)
2026-05-26 09:02:46.640 [main] INFO  o.a.catalina.core.StandardService.log - Starting service [Tomcat]
2026-05-26 09:02:46.641 [main] INFO  o.a.catalina.core.StandardEngine.log - Starting Servlet engine: [Apache Tomcat/10.1.17]
2026-05-26 09:02:46.705 [main] INFO  o.a.c.c.C.[Tomcat].[localhost].[/].log - Initializing Spring embedded WebApplicationContext
2026-05-26 09:02:46.705 [main] INFO  o.s.b.w.s.c.ServletWebServerApplicationContext.prepareWebApplicationContext - Root WebApplicationContext: initialization completed in 2409 ms
2026-05-26 09:02:46.959 [main] INFO  com.zaxxer.hikari.HikariDataSource.getConnection - HikariPool-1 - Starting...
2026-05-26 09:02:47.102 [main] INFO  com.zaxxer.hikari.pool.HikariPool.checkFailFast - HikariPool-1 - Added connection com.mysql.cj.jdbc.ConnectionImpl@150f41b9
2026-05-26 09:02:47.103 [main] INFO  com.zaxxer.hikari.HikariDataSource.getConnection - HikariPool-1 - Start completed.
2026-05-26 09:02:47.145 [main] INFO  org.flywaydb.core.FlywayExecutor.info - Database: jdbc:mysql://localhost:3306/helene_db?createDatabaseIfNotExist=true&useSSL=false&serverTimezone=UTC (MySQL 8.0)
2026-05-26 09:02:47.221 [main] INFO  o.f.core.internal.command.DbValidate.info - Successfully validated 2 migrations (execution time 00:00.053s)
2026-05-26 09:02:47.235 [main] INFO  o.f.core.internal.command.DbMigrate.info - Current version of schema `helene_db`: 1
2026-05-26 09:02:47.239 [main] INFO  o.f.core.internal.command.DbMigrate.info - Schema `helene_db` is up to date. No migration necessary.
2026-05-26 09:02:47.264 [main] INFO  o.f.core.internal.command.DbValidate.info - Successfully validated 2 migrations (execution time 00:00.004s)
2026-05-26 09:02:47.270 [main] INFO  o.f.core.internal.command.DbMigrate.info - Current version of schema `helene_db`: 1
2026-05-26 09:02:47.270 [main] INFO  o.f.core.internal.command.DbMigrate.info - Schema `helene_db` is up to date. No migration necessary.
2026-05-26 09:02:47.351 [main] INFO  o.h.jpa.internal.util.LogHelper.logPersistenceUnitInformation - HHH000204: Processing PersistenceUnitInfo [name: default]
2026-05-26 09:02:47.417 [main] INFO  org.hibernate.Version.logVersion - HHH000412: Hibernate ORM core version 6.4.1.Final
2026-05-26 09:02:47.455 [main] INFO  o.h.c.i.RegionFactoryInitiator.initiateService - HHH000026: Second-level cache disabled
2026-05-26 09:02:47.699 [main] INFO  o.s.o.j.p.SpringPersistenceUnitInfo.addTransformer - No LoadTimeWeaver setup: ignoring JPA class transformer
2026-05-26 09:02:47.754 [main] WARN  org.hibernate.orm.deprecation.constructDialect - HHH90000025: MySQL8Dialect does not need to be specified explicitly using 'hibernate.dialect' (remove the property setting and it will be selected by default)
2026-05-26 09:02:47.755 [main] WARN  org.hibernate.orm.deprecation.logSelectedDialect - HHH90000026: MySQL8Dialect has been deprecated; use org.hibernate.dialect.MySQLDialect instead
2026-05-26 09:02:47.773 [main] DEBUG o.h.t.d.sql.spi.DdlTypeRegistry.addDescriptor - addDescriptor(12, org.hibernate.type.descriptor.sql.internal.CapacityDependentDdlType@4be1dce6) replaced previous registration(org.hibernate.type.descriptor.sql.internal.CapacityDependentDdlType@206bd7a0)
2026-05-26 09:02:47.773 [main] DEBUG o.h.t.d.sql.spi.DdlTypeRegistry.addDescriptor - addDescriptor(-9, org.hibernate.type.descriptor.sql.internal.CapacityDependentDdlType@79fcd194) replaced previous registration(org.hibernate.type.descriptor.sql.internal.CapacityDependentDdlType@73d8c8d7)
2026-05-26 09:02:47.773 [main] DEBUG o.h.t.d.sql.spi.DdlTypeRegistry.addDescriptor - addDescriptor(-3, org.hibernate.type.descriptor.sql.internal.CapacityDependentDdlType@361b3ca6) replaced previous registration(org.hibernate.type.descriptor.sql.internal.CapacityDependentDdlType@48333b12)
2026-05-26 09:02:47.774 [main] DEBUG o.h.t.d.sql.spi.DdlTypeRegistry.addDescriptor - addDescriptor(4003, org.hibernate.type.descriptor.sql.internal.DdlTypeImpl@575c23f1) replaced previous registration(org.hibernate.type.descriptor.sql.internal.DdlTypeImpl@62f7d7bd)
2026-05-26 09:02:47.774 [main] DEBUG o.h.t.d.sql.spi.DdlTypeRegistry.addDescriptor - addDescriptor(4001, org.hibernate.type.descriptor.sql.internal.DdlTypeImpl@de63949) replaced previous registration(org.hibernate.type.descriptor.sql.internal.DdlTypeImpl@5c5c784c)
2026-05-26 09:02:47.774 [main] DEBUG o.h.t.d.sql.spi.DdlTypeRegistry.addDescriptor - addDescriptor(4002, org.hibernate.type.descriptor.sql.internal.DdlTypeImpl@6a299b9d) replaced previous registration(org.hibernate.type.descriptor.sql.internal.DdlTypeImpl@363fe35a)
2026-05-26 09:02:47.774 [main] DEBUG o.h.t.d.sql.spi.DdlTypeRegistry.addDescriptor - addDescriptor(2004, org.hibernate.type.descriptor.sql.internal.CapacityDependentDdlType@a2fb8a5) replaced previous registration(org.hibernate.type.descriptor.sql.internal.DdlTypeImpl@350e3fb4)
2026-05-26 09:02:47.774 [main] DEBUG o.h.t.d.sql.spi.DdlTypeRegistry.addDescriptor - addDescriptor(2005, org.hibernate.type.descriptor.sql.internal.CapacityDependentDdlType@13ddaffb) replaced previous registration(org.hibernate.type.descriptor.sql.internal.DdlTypeImpl@5a31abe9)
2026-05-26 09:02:47.775 [main] DEBUG o.h.t.d.sql.spi.DdlTypeRegistry.addDescriptor - addDescriptor(2011, org.hibernate.type.descriptor.sql.internal.CapacityDependentDdlType@2dacda9a) replaced previous registration(org.hibernate.type.descriptor.sql.internal.DdlTypeImpl@699bb304)
2026-05-26 09:02:48.761 [main] INFO  o.h.e.t.j.p.i.JtaPlatformInitiator.initiateService - HHH000489: No JTA platform available (set 'hibernate.transaction.jta.platform' to enable JTA platform integration)
2026-05-26 09:02:48.846 [main] INFO  o.s.o.j.LocalContainerEntityManagerFactoryBean.buildNativeEntityManagerFactory - Initialized JPA EntityManagerFactory for persistence unit 'default'
2026-05-26 09:02:49.195 [main] INFO  o.s.d.j.r.query.QueryEnhancerFactory.<clinit> - Hibernate is in classpath; If applicable, HQL parser will be used.
2026-05-26 09:02:50.882 [main] WARN  o.s.b.a.o.j.JpaBaseConfiguration$JpaWebConfiguration.openEntityManagerInViewInterceptor - spring.jpa.open-in-view is enabled by default. Therefore, database queries may be performed during view rendering. Explicitly configure spring.jpa.open-in-view to disable this warning
2026-05-26 09:02:50.905 [main] WARN  o.s.b.a.s.s.UserDetailsServiceAutoConfiguration.getOrDeducePassword - 

Using generated security password: f41da961-25fc-45f3-8f51-84d78bcc3e58

This generated password is for development use only. Your security configuration must be updated before running your application in production.

2026-05-26 09:02:51.054 [main] DEBUG o.s.w.s.m.m.a.RequestMappingHandlerMapping.handlerMethodsInitialized - 48 mappings in 'requestMappingHandlerMapping'
2026-05-26 09:02:51.117 [main] DEBUG o.s.w.s.h.SimpleUrlHandlerMapping.logMappings - Patterns [/webjars/**, /**, /swagger-ui*/*swagger-initializer.js, /swagger-ui*/**] in 'resourceHandlerMapping'
2026-05-26 09:02:51.147 [main] INFO  o.s.s.web.DefaultSecurityFilterChain.<init> - Will secure any request with [org.springframework.security.web.session.DisableEncodeUrlFilter@24af33a1, org.springframework.security.web.context.request.async.WebAsyncManagerIntegrationFilter@2ad51ba4, org.springframework.security.web.context.SecurityContextHolderFilter@776a3e76, org.springframework.security.web.header.HeaderWriterFilter@698cc99d, org.springframework.web.filter.CorsFilter@109f7381, org.springframework.security.web.authentication.logout.LogoutFilter@70d7282a, com.helene.backend.security.JwtAuthenticationFilter@514377fc, org.springframework.security.web.savedrequest.RequestCacheAwareFilter@102ee705, org.springframework.security.web.servletapi.SecurityContextHolderAwareRequestFilter@24c036b7, org.springframework.security.web.authentication.AnonymousAuthenticationFilter@d5f3118, org.springframework.security.web.access.ExceptionTranslationFilter@387f53cf, org.springframework.security.web.access.intercept.AuthorizationFilter@3eb60858]
2026-05-26 09:02:51.215 [main] DEBUG o.s.w.s.m.m.a.RequestMappingHandlerAdapter.initControllerAdviceCache - ControllerAdvice beans: 0 @ModelAttribute, 0 @InitBinder, 1 RequestBodyAdvice, 1 ResponseBodyAdvice
2026-05-26 09:02:51.255 [main] DEBUG o.s.w.s.m.m.a.ExceptionHandlerExceptionResolver.initExceptionHandlerAdviceCache - ControllerAdvice beans: 2 @ExceptionHandler, 1 ResponseBodyAdvice
2026-05-26 09:02:51.483 [main] INFO  o.s.b.w.e.tomcat.TomcatWebServer.start - Tomcat started on port 8080 (http) with context path ''
2026-05-26 09:02:51.491 [main] INFO  c.h.backend.HeleneBackendApplication.logStarted - Started HeleneBackendApplication in 7.798 seconds (process running for 13.8)
2026-05-26 09:02:51.551 [main] DEBUG org.hibernate.SQL.logStatement - select count(*) from categorias c1_0
2026-05-26 09:02:51.564 [main] DEBUG org.hibernate.SQL.logStatement - select count(*) from roles r1_0
2026-05-26 09:02:55.348 [http-nio-8080-exec-1] INFO  o.a.c.c.C.[Tomcat].[localhost].[/].log - Initializing Spring DispatcherServlet 'dispatcherServlet'
2026-05-26 09:02:55.349 [http-nio-8080-exec-1] INFO  o.s.web.servlet.DispatcherServlet.initServletBean - Initializing Servlet 'dispatcherServlet'
2026-05-26 09:02:55.349 [http-nio-8080-exec-1] DEBUG o.s.web.servlet.DispatcherServlet.initMultipartResolver - Detected StandardServletMultipartResolver
2026-05-26 09:02:55.349 [http-nio-8080-exec-1] DEBUG o.s.web.servlet.DispatcherServlet.initLocaleResolver - Detected AcceptHeaderLocaleResolver
2026-05-26 09:02:55.349 [http-nio-8080-exec-1] DEBUG o.s.web.servlet.DispatcherServlet.initThemeResolver - Detected FixedThemeResolver
2026-05-26 09:02:55.350 [http-nio-8080-exec-1] DEBUG o.s.web.servlet.DispatcherServlet.initRequestToViewNameTranslator - Detected org.springframework.web.servlet.view.DefaultRequestToViewNameTranslator@745b4ed4
2026-05-26 09:02:55.351 [http-nio-8080-exec-1] DEBUG o.s.web.servlet.DispatcherServlet.initFlashMapManager - Detected org.springframework.web.servlet.support.SessionFlashMapManager@548051d7
2026-05-26 09:02:55.351 [http-nio-8080-exec-1] DEBUG o.s.web.servlet.DispatcherServlet.initServletBean - enableLoggingRequestDetails='false': request parameters and headers will be masked to prevent unsafe logging of potentially sensitive data
2026-05-26 09:02:55.351 [http-nio-8080-exec-1] INFO  o.s.web.servlet.DispatcherServlet.initServletBean - Completed initialization in 2 ms
2026-05-26 09:02:55.407 [http-nio-8080-exec-1] DEBUG o.s.web.servlet.DispatcherServlet.traceDebug - GET "/api/carrito", parameters={}
2026-05-26 09:02:55.409 [http-nio-8080-exec-1] DEBUG o.s.w.s.m.m.a.RequestMappingHandlerMapping.getHandler - Mapped to com.helene.backend.controller.CarritoController#obtener()
2026-05-26 09:02:55.417 [http-nio-8080-exec-1] INFO  c.h.b.controller.CarritoController.obtener - Obteniendo contenido del carrito
2026-05-26 09:02:55.447 [http-nio-8080-exec-1] DEBUG org.hibernate.SQL.logStatement - select u1_0.id,u1_0.email,u1_0.fecha_registro,u1_0.password,u1_0.username from usuarios u1_0 where u1_0.username=?
2026-05-26 09:02:55.463 [http-nio-8080-exec-1] DEBUG org.hibernate.SQL.logStatement - select r1_0.usuario_id,r1_1.id,r1_1.nombre from usuarios_roles r1_0 join roles r1_1 on r1_1.id=r1_0.rol_id where r1_0.usuario_id=?
2026-05-26 09:02:55.471 [http-nio-8080-exec-1] DEBUG org.hibernate.SQL.logStatement - select c1_0.id,c1_0.cantidad,c1_0.producto_id,c1_0.usuario_id from carrito_items c1_0 left join usuarios u1_0 on u1_0.id=c1_0.usuario_id where u1_0.id=?
2026-05-26 09:02:55.472 [http-nio-8080-exec-1] INFO  c.h.b.controller.CarritoController.obtener - Carrito obtenido con 0 items
2026-05-26 09:02:55.479 [http-nio-8080-exec-1] DEBUG o.s.w.s.m.m.a.RequestResponseBodyMethodProcessor.writeWithMessageConverters - Using 'application/json', given [*/*] and supported [application/json, application/*+json]
2026-05-26 09:02:55.480 [http-nio-8080-exec-1] DEBUG o.s.w.s.m.m.a.RequestResponseBodyMethodProcessor.traceDebug - Writing [[]]
2026-05-26 09:02:55.487 [http-nio-8080-exec-1] DEBUG o.s.web.servlet.DispatcherServlet.logResult - Completed 200 OK
2026-05-26 09:02:55.513 [http-nio-8080-exec-2] DEBUG o.s.web.servlet.DispatcherServlet.traceDebug - GET "/api/carrito", parameters={}
2026-05-26 09:02:55.513 [http-nio-8080-exec-2] DEBUG o.s.w.s.m.m.a.RequestMappingHandlerMapping.getHandler - Mapped to com.helene.backend.controller.CarritoController#obtener()
2026-05-26 09:02:55.514 [http-nio-8080-exec-2] INFO  c.h.b.controller.CarritoController.obtener - Obteniendo contenido del carrito
2026-05-26 09:02:55.515 [http-nio-8080-exec-2] DEBUG org.hibernate.SQL.logStatement - select u1_0.id,u1_0.email,u1_0.fecha_registro,u1_0.password,u1_0.username from usuarios u1_0 where u1_0.username=?
2026-05-26 09:02:55.516 [http-nio-8080-exec-2] DEBUG org.hibernate.SQL.logStatement - select r1_0.usuario_id,r1_1.id,r1_1.nombre from usuarios_roles r1_0 join roles r1_1 on r1_1.id=r1_0.rol_id where r1_0.usuario_id=?
2026-05-26 09:02:55.518 [http-nio-8080-exec-2] DEBUG org.hibernate.SQL.logStatement - select c1_0.id,c1_0.cantidad,c1_0.producto_id,c1_0.usuario_id from carrito_items c1_0 left join usuarios u1_0 on u1_0.id=c1_0.usuario_id where u1_0.id=?
2026-05-26 09:02:55.519 [http-nio-8080-exec-2] INFO  c.h.b.controller.CarritoController.obtener - Carrito obtenido con 0 items
2026-05-26 09:02:55.519 [http-nio-8080-exec-2] DEBUG o.s.w.s.m.m.a.RequestResponseBodyMethodProcessor.writeWithMessageConverters - Using 'application/json', given [*/*] and supported [application/json, application/*+json]
2026-05-26 09:02:55.520 [http-nio-8080-exec-2] DEBUG o.s.w.s.m.m.a.RequestResponseBodyMethodProcessor.traceDebug - Writing [[]]
2026-05-26 09:02:55.521 [http-nio-8080-exec-2] DEBUG o.s.web.servlet.DispatcherServlet.logResult - Completed 200 OK
2026-05-26 09:02:57.356 [http-nio-8080-exec-3] DEBUG o.s.web.servlet.DispatcherServlet.traceDebug - GET "/api/carrito", parameters={}
2026-05-26 09:02:57.356 [http-nio-8080-exec-3] DEBUG o.s.w.s.m.m.a.RequestMappingHandlerMapping.getHandler - Mapped to com.helene.backend.controller.CarritoController#obtener()
2026-05-26 09:02:57.356 [http-nio-8080-exec-3] INFO  c.h.b.controller.CarritoController.obtener - Obteniendo contenido del carrito
2026-05-26 09:02:57.357 [http-nio-8080-exec-3] DEBUG org.hibernate.SQL.logStatement - select u1_0.id,u1_0.email,u1_0.fecha_registro,u1_0.password,u1_0.username from usuarios u1_0 where u1_0.username=?
2026-05-26 09:02:57.359 [http-nio-8080-exec-3] DEBUG org.hibernate.SQL.logStatement - select r1_0.usuario_id,r1_1.id,r1_1.nombre from usuarios_roles r1_0 join roles r1_1 on r1_1.id=r1_0.rol_id where r1_0.usuario_id=?
2026-05-26 09:02:57.362 [http-nio-8080-exec-3] DEBUG org.hibernate.SQL.logStatement - select c1_0.id,c1_0.cantidad,c1_0.producto_id,c1_0.usuario_id from carrito_items c1_0 left join usuarios u1_0 on u1_0.id=c1_0.usuario_id where u1_0.id=?
2026-05-26 09:02:57.363 [http-nio-8080-exec-3] INFO  c.h.b.controller.CarritoController.obtener - Carrito obtenido con 0 items
2026-05-26 09:02:57.363 [http-nio-8080-exec-3] DEBUG o.s.w.s.m.m.a.RequestResponseBodyMethodProcessor.writeWithMessageConverters - Using 'application/json', given [*/*] and supported [application/json, application/*+json]
2026-05-26 09:02:57.364 [http-nio-8080-exec-3] DEBUG o.s.w.s.m.m.a.RequestResponseBodyMethodProcessor.traceDebug - Writing [[]]
2026-05-26 09:02:57.365 [http-nio-8080-exec-3] DEBUG o.s.web.servlet.DispatcherServlet.logResult - Completed 200 OK
2026-05-26 09:03:00.961 [http-nio-8080-exec-4] DEBUG o.s.web.servlet.DispatcherServlet.traceDebug - GET "/api/carrito", parameters={}
2026-05-26 09:03:00.961 [http-nio-8080-exec-4] DEBUG o.s.w.s.m.m.a.RequestMappingHandlerMapping.getHandler - Mapped to com.helene.backend.controller.CarritoController#obtener()
2026-05-26 09:03:00.962 [http-nio-8080-exec-4] INFO  c.h.b.controller.CarritoController.obtener - Obteniendo contenido del carrito
2026-05-26 09:03:00.963 [http-nio-8080-exec-4] DEBUG org.hibernate.SQL.logStatement - select u1_0.id,u1_0.email,u1_0.fecha_registro,u1_0.password,u1_0.username from usuarios u1_0 where u1_0.username=?
2026-05-26 09:03:00.964 [http-nio-8080-exec-4] DEBUG org.hibernate.SQL.logStatement - select r1_0.usuario_id,r1_1.id,r1_1.nombre from usuarios_roles r1_0 join roles r1_1 on r1_1.id=r1_0.rol_id where r1_0.usuario_id=?
2026-05-26 09:03:00.970 [http-nio-8080-exec-4] DEBUG org.hibernate.SQL.logStatement - select c1_0.id,c1_0.cantidad,c1_0.producto_id,c1_0.usuario_id from carrito_items c1_0 left join usuarios u1_0 on u1_0.id=c1_0.usuario_id where u1_0.id=?
2026-05-26 09:03:00.973 [http-nio-8080-exec-4] INFO  c.h.b.controller.CarritoController.obtener - Carrito obtenido con 0 items
2026-05-26 09:03:00.973 [http-nio-8080-exec-4] DEBUG o.s.w.s.m.m.a.RequestResponseBodyMethodProcessor.writeWithMessageConverters - Using 'application/json', given [*/*] and supported [application/json, application/*+json]
2026-05-26 09:03:00.973 [http-nio-8080-exec-4] DEBUG o.s.w.s.m.m.a.RequestResponseBodyMethodProcessor.traceDebug - Writing [[]]
2026-05-26 09:03:00.974 [http-nio-8080-exec-4] DEBUG o.s.web.servlet.DispatcherServlet.logResult - Completed 200 OK
2026-05-26 09:03:00.984 [http-nio-8080-exec-5] DEBUG o.s.web.servlet.DispatcherServlet.traceDebug - GET "/api/carrito", parameters={}
2026-05-26 09:03:00.985 [http-nio-8080-exec-5] DEBUG o.s.w.s.m.m.a.RequestMappingHandlerMapping.getHandler - Mapped to com.helene.backend.controller.CarritoController#obtener()
2026-05-26 09:03:00.985 [http-nio-8080-exec-5] INFO  c.h.b.controller.CarritoController.obtener - Obteniendo contenido del carrito
2026-05-26 09:03:00.986 [http-nio-8080-exec-5] DEBUG org.hibernate.SQL.logStatement - select u1_0.id,u1_0.email,u1_0.fecha_registro,u1_0.password,u1_0.username from usuarios u1_0 where u1_0.username=?
2026-05-26 09:03:00.988 [http-nio-8080-exec-5] DEBUG org.hibernate.SQL.logStatement - select r1_0.usuario_id,r1_1.id,r1_1.nombre from usuarios_roles r1_0 join roles r1_1 on r1_1.id=r1_0.rol_id where r1_0.usuario_id=?
2026-05-26 09:03:00.989 [http-nio-8080-exec-5] DEBUG org.hibernate.SQL.logStatement - select c1_0.id,c1_0.cantidad,c1_0.producto_id,c1_0.usuario_id from carrito_items c1_0 left join usuarios u1_0 on u1_0.id=c1_0.usuario_id where u1_0.id=?
2026-05-26 09:03:00.990 [http-nio-8080-exec-5] INFO  c.h.b.controller.CarritoController.obtener - Carrito obtenido con 0 items
2026-05-26 09:03:00.990 [http-nio-8080-exec-5] DEBUG o.s.w.s.m.m.a.RequestResponseBodyMethodProcessor.writeWithMessageConverters - Using 'application/json', given [*/*] and supported [application/json, application/*+json]
2026-05-26 09:03:00.991 [http-nio-8080-exec-5] DEBUG o.s.w.s.m.m.a.RequestResponseBodyMethodProcessor.traceDebug - Writing [[]]
2026-05-26 09:03:00.991 [http-nio-8080-exec-5] DEBUG o.s.web.servlet.DispatcherServlet.logResult - Completed 200 OK
2026-05-26 09:03:11.389 [http-nio-8080-exec-6] DEBUG o.s.web.servlet.DispatcherServlet.traceDebug - GET "/api/carrito", parameters={}
2026-05-26 09:03:11.389 [http-nio-8080-exec-6] DEBUG o.s.w.s.m.m.a.RequestMappingHandlerMapping.getHandler - Mapped to com.helene.backend.controller.CarritoController#obtener()
2026-05-26 09:03:11.390 [http-nio-8080-exec-6] INFO  c.h.b.controller.CarritoController.obtener - Obteniendo contenido del carrito
2026-05-26 09:03:11.390 [http-nio-8080-exec-6] DEBUG org.hibernate.SQL.logStatement - select u1_0.id,u1_0.email,u1_0.fecha_registro,u1_0.password,u1_0.username from usuarios u1_0 where u1_0.username=?
2026-05-26 09:03:11.392 [http-nio-8080-exec-6] DEBUG org.hibernate.SQL.logStatement - select r1_0.usuario_id,r1_1.id,r1_1.nombre from usuarios_roles r1_0 join roles r1_1 on r1_1.id=r1_0.rol_id where r1_0.usuario_id=?
2026-05-26 09:03:11.394 [http-nio-8080-exec-6] DEBUG org.hibernate.SQL.logStatement - select c1_0.id,c1_0.cantidad,c1_0.producto_id,c1_0.usuario_id from carrito_items c1_0 left join usuarios u1_0 on u1_0.id=c1_0.usuario_id where u1_0.id=?
2026-05-26 09:03:11.395 [http-nio-8080-exec-6] INFO  c.h.b.controller.CarritoController.obtener - Carrito obtenido con 0 items
2026-05-26 09:03:11.395 [http-nio-8080-exec-6] DEBUG o.s.w.s.m.m.a.RequestResponseBodyMethodProcessor.writeWithMessageConverters - Using 'application/json', given [*/*] and supported [application/json, application/*+json]
2026-05-26 09:03:11.395 [http-nio-8080-exec-6] DEBUG o.s.w.s.m.m.a.RequestResponseBodyMethodProcessor.traceDebug - Writing [[]]
2026-05-26 09:03:11.396 [http-nio-8080-exec-6] DEBUG o.s.web.servlet.DispatcherServlet.logResult - Completed 200 OK
2026-05-26 09:03:11.414 [http-nio-8080-exec-7] DEBUG o.s.web.servlet.DispatcherServlet.traceDebug - GET "/api/carrito", parameters={}
2026-05-26 09:03:11.415 [http-nio-8080-exec-7] DEBUG o.s.w.s.m.m.a.RequestMappingHandlerMapping.getHandler - Mapped to com.helene.backend.controller.CarritoController#obtener()
2026-05-26 09:03:11.415 [http-nio-8080-exec-7] INFO  c.h.b.controller.CarritoController.obtener - Obteniendo contenido del carrito
2026-05-26 09:03:11.416 [http-nio-8080-exec-7] DEBUG org.hibernate.SQL.logStatement - select u1_0.id,u1_0.email,u1_0.fecha_registro,u1_0.password,u1_0.username from usuarios u1_0 where u1_0.username=?
2026-05-26 09:03:11.417 [http-nio-8080-exec-7] DEBUG org.hibernate.SQL.logStatement - select r1_0.usuario_id,r1_1.id,r1_1.nombre from usuarios_roles r1_0 join roles r1_1 on r1_1.id=r1_0.rol_id where r1_0.usuario_id=?
2026-05-26 09:03:11.418 [http-nio-8080-exec-7] DEBUG org.hibernate.SQL.logStatement - select c1_0.id,c1_0.cantidad,c1_0.producto_id,c1_0.usuario_id from carrito_items c1_0 left join usuarios u1_0 on u1_0.id=c1_0.usuario_id where u1_0.id=?
2026-05-26 09:03:11.419 [http-nio-8080-exec-7] INFO  c.h.b.controller.CarritoController.obtener - Carrito obtenido con 0 items
2026-05-26 09:03:11.419 [http-nio-8080-exec-7] DEBUG o.s.w.s.m.m.a.RequestResponseBodyMethodProcessor.writeWithMessageConverters - Using 'application/json', given [*/*] and supported [application/json, application/*+json]
2026-05-26 09:03:11.419 [http-nio-8080-exec-7] DEBUG o.s.w.s.m.m.a.RequestResponseBodyMethodProcessor.traceDebug - Writing [[]]
2026-05-26 09:03:11.420 [http-nio-8080-exec-7] DEBUG o.s.web.servlet.DispatcherServlet.logResult - Completed 200 OK
2026-05-26 09:03:40.166 [http-nio-8080-exec-8] DEBUG o.s.web.servlet.DispatcherServlet.traceDebug - GET "/api/carrito", parameters={}
2026-05-26 09:03:40.166 [http-nio-8080-exec-8] DEBUG o.s.w.s.m.m.a.RequestMappingHandlerMapping.getHandler - Mapped to com.helene.backend.controller.CarritoController#obtener()
2026-05-26 09:03:40.167 [http-nio-8080-exec-8] INFO  c.h.b.controller.CarritoController.obtener - Obteniendo contenido del carrito
2026-05-26 09:03:40.168 [http-nio-8080-exec-8] DEBUG org.hibernate.SQL.logStatement - select u1_0.id,u1_0.email,u1_0.fecha_registro,u1_0.password,u1_0.username from usuarios u1_0 where u1_0.username=?
2026-05-26 09:03:40.169 [http-nio-8080-exec-8] DEBUG org.hibernate.SQL.logStatement - select r1_0.usuario_id,r1_1.id,r1_1.nombre from usuarios_roles r1_0 join roles r1_1 on r1_1.id=r1_0.rol_id where r1_0.usuario_id=?
2026-05-26 09:03:40.170 [http-nio-8080-exec-8] DEBUG org.hibernate.SQL.logStatement - select c1_0.id,c1_0.cantidad,c1_0.producto_id,c1_0.usuario_id from carrito_items c1_0 left join usuarios u1_0 on u1_0.id=c1_0.usuario_id where u1_0.id=?
2026-05-26 09:03:40.171 [http-nio-8080-exec-8] INFO  c.h.b.controller.CarritoController.obtener - Carrito obtenido con 0 items
2026-05-26 09:03:40.173 [http-nio-8080-exec-8] DEBUG o.s.w.s.m.m.a.RequestResponseBodyMethodProcessor.writeWithMessageConverters - Using 'application/json', given [*/*] and supported [application/json, application/*+json]
2026-05-26 09:03:40.173 [http-nio-8080-exec-8] DEBUG o.s.w.s.m.m.a.RequestResponseBodyMethodProcessor.traceDebug - Writing [[]]
2026-05-26 09:03:40.173 [http-nio-8080-exec-8] DEBUG o.s.web.servlet.DispatcherServlet.logResult - Completed 200 OK
2026-05-26 09:03:40.197 [http-nio-8080-exec-9] DEBUG o.s.web.servlet.DispatcherServlet.traceDebug - GET "/api/carrito", parameters={}
2026-05-26 09:03:40.198 [http-nio-8080-exec-9] DEBUG o.s.w.s.m.m.a.RequestMappingHandlerMapping.getHandler - Mapped to com.helene.backend.controller.CarritoController#obtener()
2026-05-26 09:03:40.198 [http-nio-8080-exec-9] INFO  c.h.b.controller.CarritoController.obtener - Obteniendo contenido del carrito
2026-05-26 09:03:40.199 [http-nio-8080-exec-9] DEBUG org.hibernate.SQL.logStatement - select u1_0.id,u1_0.email,u1_0.fecha_registro,u1_0.password,u1_0.username from usuarios u1_0 where u1_0.username=?
2026-05-26 09:03:40.200 [http-nio-8080-exec-9] DEBUG org.hibernate.SQL.logStatement - select r1_0.usuario_id,r1_1.id,r1_1.nombre from usuarios_roles r1_0 join roles r1_1 on r1_1.id=r1_0.rol_id where r1_0.usuario_id=?
2026-05-26 09:03:40.202 [http-nio-8080-exec-9] DEBUG org.hibernate.SQL.logStatement - select c1_0.id,c1_0.cantidad,c1_0.producto_id,c1_0.usuario_id from carrito_items c1_0 left join usuarios u1_0 on u1_0.id=c1_0.usuario_id where u1_0.id=?
2026-05-26 09:03:40.204 [http-nio-8080-exec-9] INFO  c.h.b.controller.CarritoController.obtener - Carrito obtenido con 0 items
2026-05-26 09:03:40.204 [http-nio-8080-exec-9] DEBUG o.s.w.s.m.m.a.RequestResponseBodyMethodProcessor.writeWithMessageConverters - Using 'application/json', given [*/*] and supported [application/json, application/*+json]
2026-05-26 09:03:40.204 [http-nio-8080-exec-9] DEBUG o.s.w.s.m.m.a.RequestResponseBodyMethodProcessor.traceDebug - Writing [[]]
2026-05-26 09:03:40.204 [http-nio-8080-exec-9] DEBUG o.s.web.servlet.DispatcherServlet.logResult - Completed 200 OK
2026-05-26 09:03:42.884 [http-nio-8080-exec-10] DEBUG o.s.web.servlet.DispatcherServlet.traceDebug - GET "/api/carrito", parameters={}
2026-05-26 09:03:42.884 [http-nio-8080-exec-10] DEBUG o.s.w.s.m.m.a.RequestMappingHandlerMapping.getHandler - Mapped to com.helene.backend.controller.CarritoController#obtener()
2026-05-26 09:03:42.885 [http-nio-8080-exec-10] INFO  c.h.b.controller.CarritoController.obtener - Obteniendo contenido del carrito
2026-05-26 09:03:42.886 [http-nio-8080-exec-10] DEBUG org.hibernate.SQL.logStatement - select u1_0.id,u1_0.email,u1_0.fecha_registro,u1_0.password,u1_0.username from usuarios u1_0 where u1_0.username=?
2026-05-26 09:03:42.887 [http-nio-8080-exec-10] DEBUG org.hibernate.SQL.logStatement - select r1_0.usuario_id,r1_1.id,r1_1.nombre from usuarios_roles r1_0 join roles r1_1 on r1_1.id=r1_0.rol_id where r1_0.usuario_id=?
2026-05-26 09:03:42.889 [http-nio-8080-exec-10] DEBUG org.hibernate.SQL.logStatement - select c1_0.id,c1_0.cantidad,c1_0.producto_id,c1_0.usuario_id from carrito_items c1_0 left join usuarios u1_0 on u1_0.id=c1_0.usuario_id where u1_0.id=?
2026-05-26 09:03:42.889 [http-nio-8080-exec-10] INFO  c.h.b.controller.CarritoController.obtener - Carrito obtenido con 0 items
2026-05-26 09:03:42.890 [http-nio-8080-exec-10] DEBUG o.s.w.s.m.m.a.RequestResponseBodyMethodProcessor.writeWithMessageConverters - Using 'application/json', given [*/*] and supported [application/json, application/*+json]
2026-05-26 09:03:42.890 [http-nio-8080-exec-10] DEBUG o.s.w.s.m.m.a.RequestResponseBodyMethodProcessor.traceDebug - Writing [[]]
2026-05-26 09:03:42.890 [http-nio-8080-exec-10] DEBUG o.s.web.servlet.DispatcherServlet.logResult - Completed 200 OK
2026-05-26 09:03:42.909 [http-nio-8080-exec-1] DEBUG o.s.web.servlet.DispatcherServlet.traceDebug - GET "/api/carrito", parameters={}
2026-05-26 09:03:42.910 [http-nio-8080-exec-1] DEBUG o.s.w.s.m.m.a.RequestMappingHandlerMapping.getHandler - Mapped to com.helene.backend.controller.CarritoController#obtener()
2026-05-26 09:03:42.910 [http-nio-8080-exec-1] INFO  c.h.b.controller.CarritoController.obtener - Obteniendo contenido del carrito
2026-05-26 09:03:42.911 [http-nio-8080-exec-1] DEBUG org.hibernate.SQL.logStatement - select u1_0.id,u1_0.email,u1_0.fecha_registro,u1_0.password,u1_0.username from usuarios u1_0 where u1_0.username=?
2026-05-26 09:03:42.912 [http-nio-8080-exec-1] DEBUG org.hibernate.SQL.logStatement - select r1_0.usuario_id,r1_1.id,r1_1.nombre from usuarios_roles r1_0 join roles r1_1 on r1_1.id=r1_0.rol_id where r1_0.usuario_id=?
2026-05-26 09:03:42.915 [http-nio-8080-exec-1] DEBUG org.hibernate.SQL.logStatement - select c1_0.id,c1_0.cantidad,c1_0.producto_id,c1_0.usuario_id from carrito_items c1_0 left join usuarios u1_0 on u1_0.id=c1_0.usuario_id where u1_0.id=?
2026-05-26 09:03:42.916 [http-nio-8080-exec-1] INFO  c.h.b.controller.CarritoController.obtener - Carrito obtenido con 0 items
2026-05-26 09:03:42.916 [http-nio-8080-exec-1] DEBUG o.s.w.s.m.m.a.RequestResponseBodyMethodProcessor.writeWithMessageConverters - Using 'application/json', given [*/*] and supported [application/json, application/*+json]
2026-05-26 09:03:42.918 [http-nio-8080-exec-1] DEBUG o.s.w.s.m.m.a.RequestResponseBodyMethodProcessor.traceDebug - Writing [[]]
2026-05-26 09:03:42.918 [http-nio-8080-exec-1] DEBUG o.s.web.servlet.DispatcherServlet.logResult - Completed 200 OK
2026-05-26 09:07:52.428 [http-nio-8080-exec-8] DEBUG o.s.web.servlet.DispatcherServlet.traceDebug - GET "/api/carrito", parameters={}
2026-05-26 09:07:52.428 [http-nio-8080-exec-8] DEBUG o.s.w.s.m.m.a.RequestMappingHandlerMapping.getHandler - Mapped to com.helene.backend.controller.CarritoController#obtener()
2026-05-26 09:07:52.429 [http-nio-8080-exec-8] INFO  c.h.b.controller.CarritoController.obtener - Obteniendo contenido del carrito
2026-05-26 09:07:52.429 [http-nio-8080-exec-8] DEBUG org.hibernate.SQL.logStatement - select u1_0.id,u1_0.email,u1_0.fecha_registro,u1_0.password,u1_0.username from usuarios u1_0 where u1_0.username=?
2026-05-26 09:07:52.432 [http-nio-8080-exec-8] DEBUG org.hibernate.SQL.logStatement - select r1_0.usuario_id,r1_1.id,r1_1.nombre from usuarios_roles r1_0 join roles r1_1 on r1_1.id=r1_0.rol_id where r1_0.usuario_id=?
2026-05-26 09:07:52.434 [http-nio-8080-exec-8] DEBUG org.hibernate.SQL.logStatement - select c1_0.id,c1_0.cantidad,c1_0.producto_id,c1_0.usuario_id from carrito_items c1_0 left join usuarios u1_0 on u1_0.id=c1_0.usuario_id where u1_0.id=?
2026-05-26 09:07:52.435 [http-nio-8080-exec-8] INFO  c.h.b.controller.CarritoController.obtener - Carrito obtenido con 0 items
2026-05-26 09:07:52.435 [http-nio-8080-exec-8] DEBUG o.s.w.s.m.m.a.RequestResponseBodyMethodProcessor.writeWithMessageConverters - Using 'application/json', given [*/*] and supported [application/json, application/*+json]
2026-05-26 09:07:52.436 [http-nio-8080-exec-8] DEBUG o.s.w.s.m.m.a.RequestResponseBodyMethodProcessor.traceDebug - Writing [[]]
2026-05-26 09:07:52.436 [http-nio-8080-exec-8] DEBUG o.s.web.servlet.DispatcherServlet.logResult - Completed 200 OK
2026-05-26 09:07:52.505 [http-nio-8080-exec-9] DEBUG o.s.web.servlet.DispatcherServlet.traceDebug - GET "/api/carrito", parameters={}
2026-05-26 09:07:52.505 [http-nio-8080-exec-9] DEBUG o.s.w.s.m.m.a.RequestMappingHandlerMapping.getHandler - Mapped to com.helene.backend.controller.CarritoController#obtener()
2026-05-26 09:07:52.505 [http-nio-8080-exec-9] INFO  c.h.b.controller.CarritoController.obtener - Obteniendo contenido del carrito
2026-05-26 09:07:52.507 [http-nio-8080-exec-9] DEBUG org.hibernate.SQL.logStatement - select u1_0.id,u1_0.email,u1_0.fecha_registro,u1_0.password,u1_0.username from usuarios u1_0 where u1_0.username=?
2026-05-26 09:07:52.508 [http-nio-8080-exec-9] DEBUG org.hibernate.SQL.logStatement - select r1_0.usuario_id,r1_1.id,r1_1.nombre from usuarios_roles r1_0 join roles r1_1 on r1_1.id=r1_0.rol_id where r1_0.usuario_id=?
2026-05-26 09:07:52.509 [http-nio-8080-exec-9] DEBUG org.hibernate.SQL.logStatement - select c1_0.id,c1_0.cantidad,c1_0.producto_id,c1_0.usuario_id from carrito_items c1_0 left join usuarios u1_0 on u1_0.id=c1_0.usuario_id where u1_0.id=?
2026-05-26 09:07:52.510 [http-nio-8080-exec-9] INFO  c.h.b.controller.CarritoController.obtener - Carrito obtenido con 0 items
2026-05-26 09:07:52.510 [http-nio-8080-exec-9] DEBUG o.s.w.s.m.m.a.RequestResponseBodyMethodProcessor.writeWithMessageConverters - Using 'application/json', given [*/*] and supported [application/json, application/*+json]
2026-05-26 09:07:52.510 [http-nio-8080-exec-9] DEBUG o.s.w.s.m.m.a.RequestResponseBodyMethodProcessor.traceDebug - Writing [[]]
2026-05-26 09:07:52.511 [http-nio-8080-exec-9] DEBUG o.s.web.servlet.DispatcherServlet.logResult - Completed 200 OK
2026-05-26 09:07:56.465 [http-nio-8080-exec-10] DEBUG o.s.web.servlet.DispatcherServlet.traceDebug - GET "/api/carrito", parameters={}
2026-05-26 09:07:56.465 [http-nio-8080-exec-10] DEBUG o.s.w.s.m.m.a.RequestMappingHandlerMapping.getHandler - Mapped to com.helene.backend.controller.CarritoController#obtener()
2026-05-26 09:07:56.465 [http-nio-8080-exec-10] INFO  c.h.b.controller.CarritoController.obtener - Obteniendo contenido del carrito
2026-05-26 09:07:56.466 [http-nio-8080-exec-10] DEBUG org.hibernate.SQL.logStatement - select u1_0.id,u1_0.email,u1_0.fecha_registro,u1_0.password,u1_0.username from usuarios u1_0 where u1_0.username=?
2026-05-26 09:07:56.467 [http-nio-8080-exec-10] DEBUG org.hibernate.SQL.logStatement - select r1_0.usuario_id,r1_1.id,r1_1.nombre from usuarios_roles r1_0 join roles r1_1 on r1_1.id=r1_0.rol_id where r1_0.usuario_id=?
2026-05-26 09:07:56.470 [http-nio-8080-exec-10] DEBUG org.hibernate.SQL.logStatement - select c1_0.id,c1_0.cantidad,c1_0.producto_id,c1_0.usuario_id from carrito_items c1_0 left join usuarios u1_0 on u1_0.id=c1_0.usuario_id where u1_0.id=?
2026-05-26 09:07:56.472 [http-nio-8080-exec-10] INFO  c.h.b.controller.CarritoController.obtener - Carrito obtenido con 0 items
2026-05-26 09:07:56.472 [http-nio-8080-exec-10] DEBUG o.s.w.s.m.m.a.RequestResponseBodyMethodProcessor.writeWithMessageConverters - Using 'application/json', given [*/*] and supported [application/json, application/*+json]
2026-05-26 09:07:56.472 [http-nio-8080-exec-10] DEBUG o.s.w.s.m.m.a.RequestResponseBodyMethodProcessor.traceDebug - Writing [[]]
2026-05-26 09:07:56.473 [http-nio-8080-exec-10] DEBUG o.s.web.servlet.DispatcherServlet.logResult - Completed 200 OK
2026-05-26 09:07:56.496 [http-nio-8080-exec-1] DEBUG o.s.web.servlet.DispatcherServlet.traceDebug - GET "/api/carrito", parameters={}
2026-05-26 09:07:56.496 [http-nio-8080-exec-1] DEBUG o.s.w.s.m.m.a.RequestMappingHandlerMapping.getHandler - Mapped to com.helene.backend.controller.CarritoController#obtener()
2026-05-26 09:07:56.497 [http-nio-8080-exec-1] INFO  c.h.b.controller.CarritoController.obtener - Obteniendo contenido del carrito
2026-05-26 09:07:56.498 [http-nio-8080-exec-1] DEBUG org.hibernate.SQL.logStatement - select u1_0.id,u1_0.email,u1_0.fecha_registro,u1_0.password,u1_0.username from usuarios u1_0 where u1_0.username=?
2026-05-26 09:07:56.499 [http-nio-8080-exec-1] DEBUG org.hibernate.SQL.logStatement - select r1_0.usuario_id,r1_1.id,r1_1.nombre from usuarios_roles r1_0 join roles r1_1 on r1_1.id=r1_0.rol_id where r1_0.usuario_id=?
2026-05-26 09:07:56.501 [http-nio-8080-exec-1] DEBUG org.hibernate.SQL.logStatement - select c1_0.id,c1_0.cantidad,c1_0.producto_id,c1_0.usuario_id from carrito_items c1_0 left join usuarios u1_0 on u1_0.id=c1_0.usuario_id where u1_0.id=?
2026-05-26 09:07:56.501 [http-nio-8080-exec-1] INFO  c.h.b.controller.CarritoController.obtener - Carrito obtenido con 0 items
2026-05-26 09:07:56.502 [http-nio-8080-exec-1] DEBUG o.s.w.s.m.m.a.RequestResponseBodyMethodProcessor.writeWithMessageConverters - Using 'application/json', given [*/*] and supported [application/json, application/*+json]
2026-05-26 09:07:56.502 [http-nio-8080-exec-1] DEBUG o.s.w.s.m.m.a.RequestResponseBodyMethodProcessor.traceDebug - Writing [[]]
2026-05-26 09:07:56.502 [http-nio-8080-exec-1] DEBUG o.s.web.servlet.DispatcherServlet.logResult - Completed 200 OK
2026-05-26 09:08:12.128 [http-nio-8080-exec-2] DEBUG o.s.web.servlet.DispatcherServlet.traceDebug - GET "/api/carrito", parameters={}
2026-05-26 09:08:12.129 [http-nio-8080-exec-2] DEBUG o.s.w.s.m.m.a.RequestMappingHandlerMapping.getHandler - Mapped to com.helene.backend.controller.CarritoController#obtener()
2026-05-26 09:08:12.129 [http-nio-8080-exec-2] INFO  c.h.b.controller.CarritoController.obtener - Obteniendo contenido del carrito
2026-05-26 09:08:12.131 [http-nio-8080-exec-2] DEBUG org.hibernate.SQL.logStatement - select u1_0.id,u1_0.email,u1_0.fecha_registro,u1_0.password,u1_0.username from usuarios u1_0 where u1_0.username=?
2026-05-26 09:08:12.132 [http-nio-8080-exec-2] DEBUG org.hibernate.SQL.logStatement - select r1_0.usuario_id,r1_1.id,r1_1.nombre from usuarios_roles r1_0 join roles r1_1 on r1_1.id=r1_0.rol_id where r1_0.usuario_id=?
2026-05-26 09:08:12.133 [http-nio-8080-exec-2] DEBUG org.hibernate.SQL.logStatement - select c1_0.id,c1_0.cantidad,c1_0.producto_id,c1_0.usuario_id from carrito_items c1_0 left join usuarios u1_0 on u1_0.id=c1_0.usuario_id where u1_0.id=?
2026-05-26 09:08:12.134 [http-nio-8080-exec-2] INFO  c.h.b.controller.CarritoController.obtener - Carrito obtenido con 0 items
2026-05-26 09:08:12.134 [http-nio-8080-exec-2] DEBUG o.s.w.s.m.m.a.RequestResponseBodyMethodProcessor.writeWithMessageConverters - Using 'application/json', given [*/*] and supported [application/json, application/*+json]
2026-05-26 09:08:12.134 [http-nio-8080-exec-2] DEBUG o.s.w.s.m.m.a.RequestResponseBodyMethodProcessor.traceDebug - Writing [[]]
2026-05-26 09:08:12.135 [http-nio-8080-exec-2] DEBUG o.s.web.servlet.DispatcherServlet.logResult - Completed 200 OK
2026-05-26 09:08:12.157 [http-nio-8080-exec-3] DEBUG o.s.web.servlet.DispatcherServlet.traceDebug - GET "/api/carrito", parameters={}
2026-05-26 09:08:12.158 [http-nio-8080-exec-3] DEBUG o.s.w.s.m.m.a.RequestMappingHandlerMapping.getHandler - Mapped to com.helene.backend.controller.CarritoController#obtener()
2026-05-26 09:08:12.158 [http-nio-8080-exec-3] INFO  c.h.b.controller.CarritoController.obtener - Obteniendo contenido del carrito
2026-05-26 09:08:12.159 [http-nio-8080-exec-3] DEBUG org.hibernate.SQL.logStatement - select u1_0.id,u1_0.email,u1_0.fecha_registro,u1_0.password,u1_0.username from usuarios u1_0 where u1_0.username=?
2026-05-26 09:08:12.160 [http-nio-8080-exec-3] DEBUG org.hibernate.SQL.logStatement - select r1_0.usuario_id,r1_1.id,r1_1.nombre from usuarios_roles r1_0 join roles r1_1 on r1_1.id=r1_0.rol_id where r1_0.usuario_id=?
2026-05-26 09:08:12.162 [http-nio-8080-exec-3] DEBUG org.hibernate.SQL.logStatement - select c1_0.id,c1_0.cantidad,c1_0.producto_id,c1_0.usuario_id from carrito_items c1_0 left join usuarios u1_0 on u1_0.id=c1_0.usuario_id where u1_0.id=?
2026-05-26 09:08:12.162 [http-nio-8080-exec-3] INFO  c.h.b.controller.CarritoController.obtener - Carrito obtenido con 0 items
2026-05-26 09:08:12.163 [http-nio-8080-exec-3] DEBUG o.s.w.s.m.m.a.RequestResponseBodyMethodProcessor.writeWithMessageConverters - Using 'application/json', given [*/*] and supported [application/json, application/*+json]
2026-05-26 09:08:12.163 [http-nio-8080-exec-3] DEBUG o.s.w.s.m.m.a.RequestResponseBodyMethodProcessor.traceDebug - Writing [[]]
2026-05-26 09:08:12.163 [http-nio-8080-exec-3] DEBUG o.s.web.servlet.DispatcherServlet.logResult - Completed 200 OK
2026-05-26 09:09:12.042 [http-nio-8080-exec-7] DEBUG o.s.web.servlet.DispatcherServlet.traceDebug - GET "/api/carrito", parameters={}
2026-05-26 09:09:12.042 [http-nio-8080-exec-7] DEBUG o.s.w.s.m.m.a.RequestMappingHandlerMapping.getHandler - Mapped to com.helene.backend.controller.CarritoController#obtener()
2026-05-26 09:09:12.042 [http-nio-8080-exec-7] INFO  c.h.b.controller.CarritoController.obtener - Obteniendo contenido del carrito
2026-05-26 09:09:12.044 [http-nio-8080-exec-7] DEBUG org.hibernate.SQL.logStatement - select u1_0.id,u1_0.email,u1_0.fecha_registro,u1_0.password,u1_0.username from usuarios u1_0 where u1_0.username=?
2026-05-26 09:09:12.046 [http-nio-8080-exec-7] DEBUG org.hibernate.SQL.logStatement - select r1_0.usuario_id,r1_1.id,r1_1.nombre from usuarios_roles r1_0 join roles r1_1 on r1_1.id=r1_0.rol_id where r1_0.usuario_id=?
2026-05-26 09:09:12.048 [http-nio-8080-exec-7] DEBUG org.hibernate.SQL.logStatement - select c1_0.id,c1_0.cantidad,c1_0.producto_id,c1_0.usuario_id from carrito_items c1_0 left join usuarios u1_0 on u1_0.id=c1_0.usuario_id where u1_0.id=?
2026-05-26 09:09:12.049 [http-nio-8080-exec-7] INFO  c.h.b.controller.CarritoController.obtener - Carrito obtenido con 0 items
2026-05-26 09:09:12.049 [http-nio-8080-exec-7] DEBUG o.s.w.s.m.m.a.RequestResponseBodyMethodProcessor.writeWithMessageConverters - Using 'application/json', given [*/*] and supported [application/json, application/*+json]
2026-05-26 09:09:12.050 [http-nio-8080-exec-7] DEBUG o.s.w.s.m.m.a.RequestResponseBodyMethodProcessor.traceDebug - Writing [[]]
2026-05-26 09:09:12.050 [http-nio-8080-exec-7] DEBUG o.s.web.servlet.DispatcherServlet.logResult - Completed 200 OK
2026-05-26 09:09:12.068 [http-nio-8080-exec-8] DEBUG o.s.web.servlet.DispatcherServlet.traceDebug - GET "/api/carrito", parameters={}
2026-05-26 09:09:12.068 [http-nio-8080-exec-8] DEBUG o.s.w.s.m.m.a.RequestMappingHandlerMapping.getHandler - Mapped to com.helene.backend.controller.CarritoController#obtener()
2026-05-26 09:09:12.068 [http-nio-8080-exec-8] INFO  c.h.b.controller.CarritoController.obtener - Obteniendo contenido del carrito
2026-05-26 09:09:12.069 [http-nio-8080-exec-8] DEBUG org.hibernate.SQL.logStatement - select u1_0.id,u1_0.email,u1_0.fecha_registro,u1_0.password,u1_0.username from usuarios u1_0 where u1_0.username=?
2026-05-26 09:09:12.071 [http-nio-8080-exec-8] DEBUG org.hibernate.SQL.logStatement - select r1_0.usuario_id,r1_1.id,r1_1.nombre from usuarios_roles r1_0 join roles r1_1 on r1_1.id=r1_0.rol_id where r1_0.usuario_id=?
2026-05-26 09:09:12.073 [http-nio-8080-exec-8] DEBUG org.hibernate.SQL.logStatement - select c1_0.id,c1_0.cantidad,c1_0.producto_id,c1_0.usuario_id from carrito_items c1_0 left join usuarios u1_0 on u1_0.id=c1_0.usuario_id where u1_0.id=?
2026-05-26 09:09:12.074 [http-nio-8080-exec-8] INFO  c.h.b.controller.CarritoController.obtener - Carrito obtenido con 0 items
2026-05-26 09:09:12.075 [http-nio-8080-exec-8] DEBUG o.s.w.s.m.m.a.RequestResponseBodyMethodProcessor.writeWithMessageConverters - Using 'application/json', given [*/*] and supported [application/json, application/*+json]
2026-05-26 09:09:12.075 [http-nio-8080-exec-8] DEBUG o.s.w.s.m.m.a.RequestResponseBodyMethodProcessor.traceDebug - Writing [[]]
2026-05-26 09:09:12.075 [http-nio-8080-exec-8] DEBUG o.s.web.servlet.DispatcherServlet.logResult - Completed 200 OK
2026-05-26 09:16:03.009 [http-nio-8080-exec-10] DEBUG o.s.web.servlet.DispatcherServlet.traceDebug - GET "/api/carrito", parameters={}
2026-05-26 09:16:03.009 [http-nio-8080-exec-10] DEBUG o.s.w.s.m.m.a.RequestMappingHandlerMapping.getHandler - Mapped to com.helene.backend.controller.CarritoController#obtener()
2026-05-26 09:16:03.010 [http-nio-8080-exec-10] INFO  c.h.b.controller.CarritoController.obtener - Obteniendo contenido del carrito
2026-05-26 09:16:03.011 [http-nio-8080-exec-10] DEBUG org.hibernate.SQL.logStatement - select u1_0.id,u1_0.email,u1_0.fecha_registro,u1_0.password,u1_0.username from usuarios u1_0 where u1_0.username=?
2026-05-26 09:16:03.013 [http-nio-8080-exec-10] DEBUG org.hibernate.SQL.logStatement - select r1_0.usuario_id,r1_1.id,r1_1.nombre from usuarios_roles r1_0 join roles r1_1 on r1_1.id=r1_0.rol_id where r1_0.usuario_id=?
2026-05-26 09:16:03.015 [http-nio-8080-exec-10] DEBUG org.hibernate.SQL.logStatement - select c1_0.id,c1_0.cantidad,c1_0.producto_id,c1_0.usuario_id from carrito_items c1_0 left join usuarios u1_0 on u1_0.id=c1_0.usuario_id where u1_0.id=?
2026-05-26 09:16:03.017 [http-nio-8080-exec-10] INFO  c.h.b.controller.CarritoController.obtener - Carrito obtenido con 0 items
2026-05-26 09:16:03.017 [http-nio-8080-exec-10] DEBUG o.s.w.s.m.m.a.RequestResponseBodyMethodProcessor.writeWithMessageConverters - Using 'application/json', given [*/*] and supported [application/json, application/*+json]
2026-05-26 09:16:03.017 [http-nio-8080-exec-10] DEBUG o.s.w.s.m.m.a.RequestResponseBodyMethodProcessor.traceDebug - Writing [[]]
2026-05-26 09:16:03.018 [http-nio-8080-exec-10] DEBUG o.s.web.servlet.DispatcherServlet.logResult - Completed 200 OK
2026-05-26 09:18:45.310 [http-nio-8080-exec-2] DEBUG o.s.web.servlet.DispatcherServlet.traceDebug - GET "/api/carrito", parameters={}
2026-05-26 09:18:45.310 [http-nio-8080-exec-2] DEBUG o.s.w.s.m.m.a.RequestMappingHandlerMapping.getHandler - Mapped to com.helene.backend.controller.CarritoController#obtener()
2026-05-26 09:18:45.311 [http-nio-8080-exec-2] INFO  c.h.b.controller.CarritoController.obtener - Obteniendo contenido del carrito
2026-05-26 09:18:45.311 [http-nio-8080-exec-2] DEBUG org.hibernate.SQL.logStatement - select u1_0.id,u1_0.email,u1_0.fecha_registro,u1_0.password,u1_0.username from usuarios u1_0 where u1_0.username=?
2026-05-26 09:18:45.314 [http-nio-8080-exec-2] DEBUG org.hibernate.SQL.logStatement - select r1_0.usuario_id,r1_1.id,r1_1.nombre from usuarios_roles r1_0 join roles r1_1 on r1_1.id=r1_0.rol_id where r1_0.usuario_id=?
2026-05-26 09:18:45.316 [http-nio-8080-exec-2] DEBUG org.hibernate.SQL.logStatement - select c1_0.id,c1_0.cantidad,c1_0.producto_id,c1_0.usuario_id from carrito_items c1_0 left join usuarios u1_0 on u1_0.id=c1_0.usuario_id where u1_0.id=?
2026-05-26 09:18:45.317 [http-nio-8080-exec-2] INFO  c.h.b.controller.CarritoController.obtener - Carrito obtenido con 0 items
2026-05-26 09:18:45.317 [http-nio-8080-exec-2] DEBUG o.s.w.s.m.m.a.RequestResponseBodyMethodProcessor.writeWithMessageConverters - Using 'application/json', given [*/*] and supported [application/json, application/*+json]
2026-05-26 09:18:45.317 [http-nio-8080-exec-2] DEBUG o.s.w.s.m.m.a.RequestResponseBodyMethodProcessor.traceDebug - Writing [[]]
2026-05-26 09:18:45.318 [http-nio-8080-exec-2] DEBUG o.s.web.servlet.DispatcherServlet.logResult - Completed 200 OK
2026-05-26 09:18:45.359 [http-nio-8080-exec-3] DEBUG o.s.web.servlet.DispatcherServlet.traceDebug - GET "/api/carrito", parameters={}
2026-05-26 09:18:45.360 [http-nio-8080-exec-3] DEBUG o.s.w.s.m.m.a.RequestMappingHandlerMapping.getHandler - Mapped to com.helene.backend.controller.CarritoController#obtener()
2026-05-26 09:18:45.360 [http-nio-8080-exec-3] INFO  c.h.b.controller.CarritoController.obtener - Obteniendo contenido del carrito
2026-05-26 09:18:45.361 [http-nio-8080-exec-3] DEBUG org.hibernate.SQL.logStatement - select u1_0.id,u1_0.email,u1_0.fecha_registro,u1_0.password,u1_0.username from usuarios u1_0 where u1_0.username=?
2026-05-26 09:18:45.362 [http-nio-8080-exec-3] DEBUG org.hibernate.SQL.logStatement - select r1_0.usuario_id,r1_1.id,r1_1.nombre from usuarios_roles r1_0 join roles r1_1 on r1_1.id=r1_0.rol_id where r1_0.usuario_id=?
2026-05-26 09:18:45.365 [http-nio-8080-exec-3] DEBUG org.hibernate.SQL.logStatement - select c1_0.id,c1_0.cantidad,c1_0.producto_id,c1_0.usuario_id from carrito_items c1_0 left join usuarios u1_0 on u1_0.id=c1_0.usuario_id where u1_0.id=?
2026-05-26 09:18:45.366 [http-nio-8080-exec-3] INFO  c.h.b.controller.CarritoController.obtener - Carrito obtenido con 0 items
2026-05-26 09:18:45.367 [http-nio-8080-exec-3] DEBUG o.s.w.s.m.m.a.RequestResponseBodyMethodProcessor.writeWithMessageConverters - Using 'application/json', given [*/*] and supported [application/json, application/*+json]
2026-05-26 09:18:45.367 [http-nio-8080-exec-3] DEBUG o.s.w.s.m.m.a.RequestResponseBodyMethodProcessor.traceDebug - Writing [[]]
2026-05-26 09:18:45.368 [http-nio-8080-exec-3] DEBUG o.s.web.servlet.DispatcherServlet.logResult - Completed 200 OK
2026-05-26 09:18:57.200 [http-nio-8080-exec-5] DEBUG o.s.web.servlet.DispatcherServlet.traceDebug - GET "/api/carrito", parameters={}
2026-05-26 09:18:57.201 [http-nio-8080-exec-5] DEBUG o.s.w.s.m.m.a.RequestMappingHandlerMapping.getHandler - Mapped to com.helene.backend.controller.CarritoController#obtener()
2026-05-26 09:18:57.201 [http-nio-8080-exec-5] INFO  c.h.b.controller.CarritoController.obtener - Obteniendo contenido del carrito
2026-05-26 09:18:57.202 [http-nio-8080-exec-5] DEBUG org.hibernate.SQL.logStatement - select u1_0.id,u1_0.email,u1_0.fecha_registro,u1_0.password,u1_0.username from usuarios u1_0 where u1_0.username=?
2026-05-26 09:18:57.203 [http-nio-8080-exec-5] DEBUG org.hibernate.SQL.logStatement - select r1_0.usuario_id,r1_1.id,r1_1.nombre from usuarios_roles r1_0 join roles r1_1 on r1_1.id=r1_0.rol_id where r1_0.usuario_id=?
2026-05-26 09:18:57.205 [http-nio-8080-exec-5] DEBUG org.hibernate.SQL.logStatement - select c1_0.id,c1_0.cantidad,c1_0.producto_id,c1_0.usuario_id from carrito_items c1_0 left join usuarios u1_0 on u1_0.id=c1_0.usuario_id where u1_0.id=?
2026-05-26 09:18:57.206 [http-nio-8080-exec-5] INFO  c.h.b.controller.CarritoController.obtener - Carrito obtenido con 0 items
2026-05-26 09:18:57.206 [http-nio-8080-exec-5] DEBUG o.s.w.s.m.m.a.RequestResponseBodyMethodProcessor.writeWithMessageConverters - Using 'application/json', given [*/*] and supported [application/json, application/*+json]
2026-05-26 09:18:57.206 [http-nio-8080-exec-5] DEBUG o.s.w.s.m.m.a.RequestResponseBodyMethodProcessor.traceDebug - Writing [[]]
2026-05-26 09:18:57.208 [http-nio-8080-exec-5] DEBUG o.s.web.servlet.DispatcherServlet.logResult - Completed 200 OK
2026-05-26 09:18:57.219 [http-nio-8080-exec-6] DEBUG o.s.web.servlet.DispatcherServlet.traceDebug - GET "/api/carrito", parameters={}
2026-05-26 09:18:57.220 [http-nio-8080-exec-6] DEBUG o.s.w.s.m.m.a.RequestMappingHandlerMapping.getHandler - Mapped to com.helene.backend.controller.CarritoController#obtener()
2026-05-26 09:18:57.220 [http-nio-8080-exec-6] INFO  c.h.b.controller.CarritoController.obtener - Obteniendo contenido del carrito
2026-05-26 09:18:57.221 [http-nio-8080-exec-6] DEBUG org.hibernate.SQL.logStatement - select u1_0.id,u1_0.email,u1_0.fecha_registro,u1_0.password,u1_0.username from usuarios u1_0 where u1_0.username=?
2026-05-26 09:18:57.222 [http-nio-8080-exec-6] DEBUG org.hibernate.SQL.logStatement - select r1_0.usuario_id,r1_1.id,r1_1.nombre from usuarios_roles r1_0 join roles r1_1 on r1_1.id=r1_0.rol_id where r1_0.usuario_id=?
2026-05-26 09:18:57.224 [http-nio-8080-exec-6] DEBUG org.hibernate.SQL.logStatement - select c1_0.id,c1_0.cantidad,c1_0.producto_id,c1_0.usuario_id from carrito_items c1_0 left join usuarios u1_0 on u1_0.id=c1_0.usuario_id where u1_0.id=?
2026-05-26 09:18:57.225 [http-nio-8080-exec-6] INFO  c.h.b.controller.CarritoController.obtener - Carrito obtenido con 0 items
2026-05-26 09:18:57.225 [http-nio-8080-exec-6] DEBUG o.s.w.s.m.m.a.RequestResponseBodyMethodProcessor.writeWithMessageConverters - Using 'application/json', given [*/*] and supported [application/json, application/*+json]
2026-05-26 09:18:57.225 [http-nio-8080-exec-6] DEBUG o.s.w.s.m.m.a.RequestResponseBodyMethodProcessor.traceDebug - Writing [[]]
2026-05-26 09:18:57.226 [http-nio-8080-exec-6] DEBUG o.s.web.servlet.DispatcherServlet.logResult - Completed 200 OK
2026-05-26 09:20:09.426 [http-nio-8080-exec-8] DEBUG o.s.web.servlet.DispatcherServlet.traceDebug - GET "/api/carrito", parameters={}
2026-05-26 09:20:09.426 [http-nio-8080-exec-8] DEBUG o.s.w.s.m.m.a.RequestMappingHandlerMapping.getHandler - Mapped to com.helene.backend.controller.CarritoController#obtener()
2026-05-26 09:20:09.427 [http-nio-8080-exec-8] INFO  c.h.b.controller.CarritoController.obtener - Obteniendo contenido del carrito
2026-05-26 09:20:09.428 [http-nio-8080-exec-8] DEBUG org.hibernate.SQL.logStatement - select u1_0.id,u1_0.email,u1_0.fecha_registro,u1_0.password,u1_0.username from usuarios u1_0 where u1_0.username=?
2026-05-26 09:20:09.430 [http-nio-8080-exec-8] DEBUG org.hibernate.SQL.logStatement - select r1_0.usuario_id,r1_1.id,r1_1.nombre from usuarios_roles r1_0 join roles r1_1 on r1_1.id=r1_0.rol_id where r1_0.usuario_id=?
2026-05-26 09:20:09.432 [http-nio-8080-exec-8] DEBUG org.hibernate.SQL.logStatement - select c1_0.id,c1_0.cantidad,c1_0.producto_id,c1_0.usuario_id from carrito_items c1_0 left join usuarios u1_0 on u1_0.id=c1_0.usuario_id where u1_0.id=?
2026-05-26 09:20:09.433 [http-nio-8080-exec-8] INFO  c.h.b.controller.CarritoController.obtener - Carrito obtenido con 0 items
2026-05-26 09:20:09.433 [http-nio-8080-exec-8] DEBUG o.s.w.s.m.m.a.RequestResponseBodyMethodProcessor.writeWithMessageConverters - Using 'application/json', given [*/*] and supported [application/json, application/*+json]
2026-05-26 09:20:09.433 [http-nio-8080-exec-8] DEBUG o.s.w.s.m.m.a.RequestResponseBodyMethodProcessor.traceDebug - Writing [[]]
2026-05-26 09:20:09.434 [http-nio-8080-exec-8] DEBUG o.s.web.servlet.DispatcherServlet.logResult - Completed 200 OK
2026-05-26 09:20:09.473 [http-nio-8080-exec-9] DEBUG o.s.web.servlet.DispatcherServlet.traceDebug - GET "/api/productos/categoria/1", parameters={}
2026-05-26 09:20:09.474 [http-nio-8080-exec-9] DEBUG o.s.w.s.m.m.a.RequestMappingHandlerMapping.getHandler - Mapped to com.helene.backend.controller.ProductoController#listarPorCategoria(Long)
2026-05-26 09:20:09.482 [http-nio-8080-exec-9] INFO  c.h.b.controller.ProductoController.listarPorCategoria - Listando productos de la categoría id=1
2026-05-26 09:20:09.485 [http-nio-8080-exec-9] DEBUG org.hibernate.SQL.logStatement - select p1_0.id,p1_0.categoria_id,p1_0.descripcion,p1_0.descuento,p1_0.imagen_url,p1_0.nombre,p1_0.precio_final,p1_0.precio_original from productos p1_0 left join categorias c1_0 on c1_0.id=p1_0.categoria_id where c1_0.id=?
2026-05-26 09:20:09.492 [http-nio-8080-exec-9] DEBUG org.hibernate.SQL.logStatement - select c1_0.id,c1_0.nombre from categorias c1_0 where c1_0.id=?
2026-05-26 09:20:09.496 [http-nio-8080-exec-9] INFO  c.h.b.controller.ProductoController.listarPorCategoria - Se devuelven 2 productos para categoría id=1
2026-05-26 09:20:09.497 [http-nio-8080-exec-9] DEBUG o.s.w.s.m.m.a.RequestResponseBodyMethodProcessor.writeWithMessageConverters - Using 'application/json', given [*/*] and supported [application/json, application/*+json]
2026-05-26 09:20:09.498 [http-nio-8080-exec-9] DEBUG o.s.w.s.m.m.a.RequestResponseBodyMethodProcessor.traceDebug - Writing [[ProductoDTO(id=2, nombre=Agua micelar, precioOriginal=29.99, precioFinal=29.99, descuento=0, descri (truncated)...]
2026-05-26 09:20:09.507 [http-nio-8080-exec-9] DEBUG o.s.web.servlet.DispatcherServlet.logResult - Completed 200 OK
2026-05-26 09:20:09.546 [http-nio-8080-exec-10] DEBUG o.s.web.servlet.DispatcherServlet.traceDebug - GET "/api/carrito", parameters={}
2026-05-26 09:20:09.546 [http-nio-8080-exec-10] DEBUG o.s.w.s.m.m.a.RequestMappingHandlerMapping.getHandler - Mapped to com.helene.backend.controller.CarritoController#obtener()
2026-05-26 09:20:09.547 [http-nio-8080-exec-10] INFO  c.h.b.controller.CarritoController.obtener - Obteniendo contenido del carrito
2026-05-26 09:20:09.547 [http-nio-8080-exec-10] DEBUG org.hibernate.SQL.logStatement - select u1_0.id,u1_0.email,u1_0.fecha_registro,u1_0.password,u1_0.username from usuarios u1_0 where u1_0.username=?
2026-05-26 09:20:09.550 [http-nio-8080-exec-10] DEBUG org.hibernate.SQL.logStatement - select r1_0.usuario_id,r1_1.id,r1_1.nombre from usuarios_roles r1_0 join roles r1_1 on r1_1.id=r1_0.rol_id where r1_0.usuario_id=?
2026-05-26 09:20:09.552 [http-nio-8080-exec-10] DEBUG org.hibernate.SQL.logStatement - select c1_0.id,c1_0.cantidad,c1_0.producto_id,c1_0.usuario_id from carrito_items c1_0 left join usuarios u1_0 on u1_0.id=c1_0.usuario_id where u1_0.id=?
2026-05-26 09:20:09.553 [http-nio-8080-exec-10] INFO  c.h.b.controller.CarritoController.obtener - Carrito obtenido con 0 items
2026-05-26 09:20:09.553 [http-nio-8080-exec-10] DEBUG o.s.w.s.m.m.a.RequestResponseBodyMethodProcessor.writeWithMessageConverters - Using 'application/json', given [*/*] and supported [application/json, application/*+json]
2026-05-26 09:20:09.553 [http-nio-8080-exec-10] DEBUG o.s.w.s.m.m.a.RequestResponseBodyMethodProcessor.traceDebug - Writing [[]]
2026-05-26 09:20:09.553 [http-nio-8080-exec-10] DEBUG o.s.web.servlet.DispatcherServlet.logResult - Completed 200 OK
2026-05-26 09:22:38.042 [http-nio-8080-exec-2] DEBUG o.s.web.servlet.DispatcherServlet.traceDebug - GET "/api/carrito", parameters={}
2026-05-26 09:22:38.042 [http-nio-8080-exec-2] DEBUG o.s.w.s.m.m.a.RequestMappingHandlerMapping.getHandler - Mapped to com.helene.backend.controller.CarritoController#obtener()
2026-05-26 09:22:38.043 [http-nio-8080-exec-2] INFO  c.h.b.controller.CarritoController.obtener - Obteniendo contenido del carrito
2026-05-26 09:22:38.045 [http-nio-8080-exec-2] DEBUG org.hibernate.SQL.logStatement - select u1_0.id,u1_0.email,u1_0.fecha_registro,u1_0.password,u1_0.username from usuarios u1_0 where u1_0.username=?
2026-05-26 09:22:38.046 [http-nio-8080-exec-2] DEBUG org.hibernate.SQL.logStatement - select r1_0.usuario_id,r1_1.id,r1_1.nombre from usuarios_roles r1_0 join roles r1_1 on r1_1.id=r1_0.rol_id where r1_0.usuario_id=?
2026-05-26 09:22:38.048 [http-nio-8080-exec-2] DEBUG org.hibernate.SQL.logStatement - select c1_0.id,c1_0.cantidad,c1_0.producto_id,c1_0.usuario_id from carrito_items c1_0 left join usuarios u1_0 on u1_0.id=c1_0.usuario_id where u1_0.id=?
2026-05-26 09:22:38.049 [http-nio-8080-exec-2] INFO  c.h.b.controller.CarritoController.obtener - Carrito obtenido con 0 items
2026-05-26 09:22:38.049 [http-nio-8080-exec-2] DEBUG o.s.w.s.m.m.a.RequestResponseBodyMethodProcessor.writeWithMessageConverters - Using 'application/json', given [*/*] and supported [application/json, application/*+json]
2026-05-26 09:22:38.049 [http-nio-8080-exec-2] DEBUG o.s.w.s.m.m.a.RequestResponseBodyMethodProcessor.traceDebug - Writing [[]]
2026-05-26 09:22:38.050 [http-nio-8080-exec-2] DEBUG o.s.web.servlet.DispatcherServlet.logResult - Completed 200 OK
2026-05-26 09:22:38.093 [http-nio-8080-exec-3] DEBUG o.s.web.servlet.DispatcherServlet.traceDebug - GET "/api/carrito", parameters={}
2026-05-26 09:22:38.093 [http-nio-8080-exec-3] DEBUG o.s.w.s.m.m.a.RequestMappingHandlerMapping.getHandler - Mapped to com.helene.backend.controller.CarritoController#obtener()
2026-05-26 09:22:38.094 [http-nio-8080-exec-3] INFO  c.h.b.controller.CarritoController.obtener - Obteniendo contenido del carrito
2026-05-26 09:22:38.094 [http-nio-8080-exec-3] DEBUG org.hibernate.SQL.logStatement - select u1_0.id,u1_0.email,u1_0.fecha_registro,u1_0.password,u1_0.username from usuarios u1_0 where u1_0.username=?
2026-05-26 09:22:38.096 [http-nio-8080-exec-3] DEBUG org.hibernate.SQL.logStatement - select r1_0.usuario_id,r1_1.id,r1_1.nombre from usuarios_roles r1_0 join roles r1_1 on r1_1.id=r1_0.rol_id where r1_0.usuario_id=?
2026-05-26 09:22:38.098 [http-nio-8080-exec-3] DEBUG org.hibernate.SQL.logStatement - select c1_0.id,c1_0.cantidad,c1_0.producto_id,c1_0.usuario_id from carrito_items c1_0 left join usuarios u1_0 on u1_0.id=c1_0.usuario_id where u1_0.id=?
2026-05-26 09:22:38.099 [http-nio-8080-exec-3] INFO  c.h.b.controller.CarritoController.obtener - Carrito obtenido con 0 items
2026-05-26 09:22:38.099 [http-nio-8080-exec-3] DEBUG o.s.w.s.m.m.a.RequestResponseBodyMethodProcessor.writeWithMessageConverters - Using 'application/json', given [*/*] and supported [application/json, application/*+json]
2026-05-26 09:22:38.100 [http-nio-8080-exec-3] DEBUG o.s.w.s.m.m.a.RequestResponseBodyMethodProcessor.traceDebug - Writing [[]]
2026-05-26 09:22:38.100 [http-nio-8080-exec-3] DEBUG o.s.web.servlet.DispatcherServlet.logResult - Completed 200 OK
2026-05-26 09:22:43.253 [http-nio-8080-exec-5] DEBUG o.s.web.servlet.DispatcherServlet.traceDebug - GET "/api/carrito", parameters={}
2026-05-26 09:22:43.253 [http-nio-8080-exec-5] DEBUG o.s.w.s.m.m.a.RequestMappingHandlerMapping.getHandler - Mapped to com.helene.backend.controller.CarritoController#obtener()
2026-05-26 09:22:43.254 [http-nio-8080-exec-5] INFO  c.h.b.controller.CarritoController.obtener - Obteniendo contenido del carrito
2026-05-26 09:22:43.255 [http-nio-8080-exec-5] DEBUG org.hibernate.SQL.logStatement - select u1_0.id,u1_0.email,u1_0.fecha_registro,u1_0.password,u1_0.username from usuarios u1_0 where u1_0.username=?
2026-05-26 09:22:43.256 [http-nio-8080-exec-5] DEBUG org.hibernate.SQL.logStatement - select r1_0.usuario_id,r1_1.id,r1_1.nombre from usuarios_roles r1_0 join roles r1_1 on r1_1.id=r1_0.rol_id where r1_0.usuario_id=?
2026-05-26 09:22:43.257 [http-nio-8080-exec-5] DEBUG org.hibernate.SQL.logStatement - select c1_0.id,c1_0.cantidad,c1_0.producto_id,c1_0.usuario_id from carrito_items c1_0 left join usuarios u1_0 on u1_0.id=c1_0.usuario_id where u1_0.id=?
2026-05-26 09:22:43.257 [http-nio-8080-exec-5] INFO  c.h.b.controller.CarritoController.obtener - Carrito obtenido con 0 items
2026-05-26 09:22:43.258 [http-nio-8080-exec-5] DEBUG o.s.w.s.m.m.a.RequestResponseBodyMethodProcessor.writeWithMessageConverters - Using 'application/json', given [*/*] and supported [application/json, application/*+json]
2026-05-26 09:22:43.258 [http-nio-8080-exec-5] DEBUG o.s.w.s.m.m.a.RequestResponseBodyMethodProcessor.traceDebug - Writing [[]]
2026-05-26 09:22:43.259 [http-nio-8080-exec-5] DEBUG o.s.web.servlet.DispatcherServlet.logResult - Completed 200 OK
2026-05-26 09:22:43.279 [http-nio-8080-exec-6] DEBUG o.s.web.servlet.DispatcherServlet.traceDebug - GET "/api/carrito", parameters={}
2026-05-26 09:22:43.280 [http-nio-8080-exec-6] DEBUG o.s.w.s.m.m.a.RequestMappingHandlerMapping.getHandler - Mapped to com.helene.backend.controller.CarritoController#obtener()
2026-05-26 09:22:43.280 [http-nio-8080-exec-6] INFO  c.h.b.controller.CarritoController.obtener - Obteniendo contenido del carrito
2026-05-26 09:22:43.281 [http-nio-8080-exec-6] DEBUG org.hibernate.SQL.logStatement - select u1_0.id,u1_0.email,u1_0.fecha_registro,u1_0.password,u1_0.username from usuarios u1_0 where u1_0.username=?
2026-05-26 09:22:43.282 [http-nio-8080-exec-6] DEBUG org.hibernate.SQL.logStatement - select r1_0.usuario_id,r1_1.id,r1_1.nombre from usuarios_roles r1_0 join roles r1_1 on r1_1.id=r1_0.rol_id where r1_0.usuario_id=?
2026-05-26 09:22:43.284 [http-nio-8080-exec-6] DEBUG org.hibernate.SQL.logStatement - select c1_0.id,c1_0.cantidad,c1_0.producto_id,c1_0.usuario_id from carrito_items c1_0 left join usuarios u1_0 on u1_0.id=c1_0.usuario_id where u1_0.id=?
2026-05-26 09:22:43.284 [http-nio-8080-exec-6] INFO  c.h.b.controller.CarritoController.obtener - Carrito obtenido con 0 items
2026-05-26 09:22:43.285 [http-nio-8080-exec-6] DEBUG o.s.w.s.m.m.a.RequestResponseBodyMethodProcessor.writeWithMessageConverters - Using 'application/json', given [*/*] and supported [application/json, application/*+json]
2026-05-26 09:22:43.285 [http-nio-8080-exec-6] DEBUG o.s.w.s.m.m.a.RequestResponseBodyMethodProcessor.traceDebug - Writing [[]]
2026-05-26 09:22:43.286 [http-nio-8080-exec-6] DEBUG o.s.web.servlet.DispatcherServlet.logResult - Completed 200 OK
2026-05-26 09:23:00.551 [http-nio-8080-exec-4] DEBUG o.s.web.servlet.DispatcherServlet.traceDebug - GET "/api/pedidos/usuario/1", parameters={}
2026-05-26 09:23:00.552 [http-nio-8080-exec-4] DEBUG o.s.w.s.m.m.a.RequestMappingHandlerMapping.getHandler - Mapped to com.helene.backend.controller.PedidoController#listarPorUsuario(Long)
2026-05-26 09:23:00.553 [http-nio-8080-exec-4] INFO  c.h.b.controller.PedidoController.listarPorUsuario - Obteniendo pedidos del usuarioId=1
2026-05-26 09:23:00.558 [http-nio-8080-exec-4] DEBUG org.hibernate.SQL.logStatement - select p1_0.id,p1_0.coste_envio,p1_0.descuento_aplicado,p1_0.calle,p1_0.ciudad,p1_0.codigo_postal,p1_0.instrucciones_especiales,p1_0.nombre_completo,p1_0.numero,p1_0.pais,p1_0.piso,p1_0.provincia,p1_0.telefono,p1_0.estado,p1_0.fecha_creacion,p1_0.fecha_entrega,p1_0.metodo_pago,p1_0.notas,p1_0.numero_pedido,p1_0.paypal_payment_id,p1_0.subtotal,p1_0.total,p1_0.usuario_id from pedidos p1_0 left join usuarios u1_0 on u1_0.id=p1_0.usuario_id where u1_0.id=?
2026-05-26 09:23:00.574 [http-nio-8080-exec-4] DEBUG org.hibernate.SQL.logStatement - select u1_0.id,u1_0.email,u1_0.fecha_registro,u1_0.password,r1_0.usuario_id,r1_1.id,r1_1.nombre,u1_0.username from usuarios u1_0 left join usuarios_roles r1_0 on u1_0.id=r1_0.usuario_id left join roles r1_1 on r1_1.id=r1_0.rol_id where u1_0.id=?
2026-05-26 09:23:00.577 [http-nio-8080-exec-4] DEBUG org.hibernate.SQL.logStatement - select i1_0.pedido_id,i1_0.id,i1_0.cantidad,i1_0.descuento_aplicado,i1_0.imagen_producto,i1_0.nombre_producto,i1_0.precio_unitario,i1_0.producto_id,i1_0.subtotal from pedido_items i1_0 where i1_0.pedido_id=?
2026-05-26 09:23:00.580 [http-nio-8080-exec-4] DEBUG org.hibernate.SQL.logStatement - select p1_0.id,p1_0.categoria_id,c1_0.id,c1_0.nombre,p1_0.descripcion,p1_0.descuento,p1_0.imagen_url,p1_0.nombre,p1_0.precio_final,p1_0.precio_original from productos p1_0 join categorias c1_0 on c1_0.id=p1_0.categoria_id where p1_0.id=?
2026-05-26 09:23:00.581 [http-nio-8080-exec-4] DEBUG org.hibernate.SQL.logStatement - select p1_0.id,p1_0.categoria_id,c1_0.id,c1_0.nombre,p1_0.descripcion,p1_0.descuento,p1_0.imagen_url,p1_0.nombre,p1_0.precio_final,p1_0.precio_original from productos p1_0 join categorias c1_0 on c1_0.id=p1_0.categoria_id where p1_0.id=?
2026-05-26 09:23:00.582 [http-nio-8080-exec-4] DEBUG org.hibernate.SQL.logStatement - select i1_0.pedido_id,i1_0.id,i1_0.cantidad,i1_0.descuento_aplicado,i1_0.imagen_producto,i1_0.nombre_producto,i1_0.precio_unitario,i1_0.producto_id,i1_0.subtotal from pedido_items i1_0 where i1_0.pedido_id=?
2026-05-26 09:23:00.583 [http-nio-8080-exec-4] DEBUG org.hibernate.SQL.logStatement - select i1_0.pedido_id,i1_0.id,i1_0.cantidad,i1_0.descuento_aplicado,i1_0.imagen_producto,i1_0.nombre_producto,i1_0.precio_unitario,i1_0.producto_id,i1_0.subtotal from pedido_items i1_0 where i1_0.pedido_id=?
2026-05-26 09:23:00.584 [http-nio-8080-exec-4] DEBUG org.hibernate.SQL.logStatement - select i1_0.pedido_id,i1_0.id,i1_0.cantidad,i1_0.descuento_aplicado,i1_0.imagen_producto,i1_0.nombre_producto,i1_0.precio_unitario,i1_0.producto_id,i1_0.subtotal from pedido_items i1_0 where i1_0.pedido_id=?
2026-05-26 09:23:00.585 [http-nio-8080-exec-4] DEBUG org.hibernate.SQL.logStatement - select i1_0.pedido_id,i1_0.id,i1_0.cantidad,i1_0.descuento_aplicado,i1_0.imagen_producto,i1_0.nombre_producto,i1_0.precio_unitario,i1_0.producto_id,i1_0.subtotal from pedido_items i1_0 where i1_0.pedido_id=?
2026-05-26 09:23:00.586 [http-nio-8080-exec-4] DEBUG org.hibernate.SQL.logStatement - select i1_0.pedido_id,i1_0.id,i1_0.cantidad,i1_0.descuento_aplicado,i1_0.imagen_producto,i1_0.nombre_producto,i1_0.precio_unitario,i1_0.producto_id,i1_0.subtotal from pedido_items i1_0 where i1_0.pedido_id=?
2026-05-26 09:23:00.587 [http-nio-8080-exec-4] DEBUG org.hibernate.SQL.logStatement - select i1_0.pedido_id,i1_0.id,i1_0.cantidad,i1_0.descuento_aplicado,i1_0.imagen_producto,i1_0.nombre_producto,i1_0.precio_unitario,i1_0.producto_id,i1_0.subtotal from pedido_items i1_0 where i1_0.pedido_id=?
2026-05-26 09:23:00.589 [http-nio-8080-exec-4] DEBUG org.hibernate.SQL.logStatement - select i1_0.pedido_id,i1_0.id,i1_0.cantidad,i1_0.descuento_aplicado,i1_0.imagen_producto,i1_0.nombre_producto,i1_0.precio_unitario,i1_0.producto_id,i1_0.subtotal from pedido_items i1_0 where i1_0.pedido_id=?
2026-05-26 09:23:00.601 [http-nio-8080-exec-4] DEBUG org.hibernate.SQL.logStatement - select i1_0.pedido_id,i1_0.id,i1_0.cantidad,i1_0.descuento_aplicado,i1_0.imagen_producto,i1_0.nombre_producto,i1_0.precio_unitario,i1_0.producto_id,i1_0.subtotal from pedido_items i1_0 where i1_0.pedido_id=?
2026-05-26 09:23:00.603 [http-nio-8080-exec-4] DEBUG org.hibernate.SQL.logStatement - select i1_0.pedido_id,i1_0.id,i1_0.cantidad,i1_0.descuento_aplicado,i1_0.imagen_producto,i1_0.nombre_producto,i1_0.precio_unitario,i1_0.producto_id,i1_0.subtotal from pedido_items i1_0 where i1_0.pedido_id=?
2026-05-26 09:23:00.605 [http-nio-8080-exec-4] DEBUG org.hibernate.SQL.logStatement - select i1_0.pedido_id,i1_0.id,i1_0.cantidad,i1_0.descuento_aplicado,i1_0.imagen_producto,i1_0.nombre_producto,i1_0.precio_unitario,i1_0.producto_id,i1_0.subtotal from pedido_items i1_0 where i1_0.pedido_id=?
2026-05-26 09:23:00.607 [http-nio-8080-exec-4] DEBUG org.hibernate.SQL.logStatement - select i1_0.pedido_id,i1_0.id,i1_0.cantidad,i1_0.descuento_aplicado,i1_0.imagen_producto,i1_0.nombre_producto,i1_0.precio_unitario,i1_0.producto_id,i1_0.subtotal from pedido_items i1_0 where i1_0.pedido_id=?
2026-05-26 09:23:00.608 [http-nio-8080-exec-4] DEBUG org.hibernate.SQL.logStatement - select i1_0.pedido_id,i1_0.id,i1_0.cantidad,i1_0.descuento_aplicado,i1_0.imagen_producto,i1_0.nombre_producto,i1_0.precio_unitario,i1_0.producto_id,i1_0.subtotal from pedido_items i1_0 where i1_0.pedido_id=?
2026-05-26 09:23:00.609 [http-nio-8080-exec-4] DEBUG org.hibernate.SQL.logStatement - select i1_0.pedido_id,i1_0.id,i1_0.cantidad,i1_0.descuento_aplicado,i1_0.imagen_producto,i1_0.nombre_producto,i1_0.precio_unitario,i1_0.producto_id,i1_0.subtotal from pedido_items i1_0 where i1_0.pedido_id=?
2026-05-26 09:23:00.610 [http-nio-8080-exec-4] DEBUG org.hibernate.SQL.logStatement - select i1_0.pedido_id,i1_0.id,i1_0.cantidad,i1_0.descuento_aplicado,i1_0.imagen_producto,i1_0.nombre_producto,i1_0.precio_unitario,i1_0.producto_id,i1_0.subtotal from pedido_items i1_0 where i1_0.pedido_id=?
2026-05-26 09:23:00.611 [http-nio-8080-exec-4] DEBUG org.hibernate.SQL.logStatement - select i1_0.pedido_id,i1_0.id,i1_0.cantidad,i1_0.descuento_aplicado,i1_0.imagen_producto,i1_0.nombre_producto,i1_0.precio_unitario,i1_0.producto_id,i1_0.subtotal from pedido_items i1_0 where i1_0.pedido_id=?
2026-05-26 09:23:00.611 [http-nio-8080-exec-4] DEBUG org.hibernate.SQL.logStatement - select i1_0.pedido_id,i1_0.id,i1_0.cantidad,i1_0.descuento_aplicado,i1_0.imagen_producto,i1_0.nombre_producto,i1_0.precio_unitario,i1_0.producto_id,i1_0.subtotal from pedido_items i1_0 where i1_0.pedido_id=?
2026-05-26 09:23:00.612 [http-nio-8080-exec-4] DEBUG org.hibernate.SQL.logStatement - select i1_0.pedido_id,i1_0.id,i1_0.cantidad,i1_0.descuento_aplicado,i1_0.imagen_producto,i1_0.nombre_producto,i1_0.precio_unitario,i1_0.producto_id,i1_0.subtotal from pedido_items i1_0 where i1_0.pedido_id=?
2026-05-26 09:23:00.613 [http-nio-8080-exec-4] DEBUG org.hibernate.SQL.logStatement - select i1_0.pedido_id,i1_0.id,i1_0.cantidad,i1_0.descuento_aplicado,i1_0.imagen_producto,i1_0.nombre_producto,i1_0.precio_unitario,i1_0.producto_id,i1_0.subtotal from pedido_items i1_0 where i1_0.pedido_id=?
2026-05-26 09:23:00.614 [http-nio-8080-exec-4] DEBUG org.hibernate.SQL.logStatement - select i1_0.pedido_id,i1_0.id,i1_0.cantidad,i1_0.descuento_aplicado,i1_0.imagen_producto,i1_0.nombre_producto,i1_0.precio_unitario,i1_0.producto_id,i1_0.subtotal from pedido_items i1_0 where i1_0.pedido_id=?
2026-05-26 09:23:00.615 [http-nio-8080-exec-4] DEBUG org.hibernate.SQL.logStatement - select i1_0.pedido_id,i1_0.id,i1_0.cantidad,i1_0.descuento_aplicado,i1_0.imagen_producto,i1_0.nombre_producto,i1_0.precio_unitario,i1_0.producto_id,i1_0.subtotal from pedido_items i1_0 where i1_0.pedido_id=?
2026-05-26 09:23:00.616 [http-nio-8080-exec-4] DEBUG org.hibernate.SQL.logStatement - select i1_0.pedido_id,i1_0.id,i1_0.cantidad,i1_0.descuento_aplicado,i1_0.imagen_producto,i1_0.nombre_producto,i1_0.precio_unitario,i1_0.producto_id,i1_0.subtotal from pedido_items i1_0 where i1_0.pedido_id=?
2026-05-26 09:23:00.617 [http-nio-8080-exec-4] DEBUG org.hibernate.SQL.logStatement - select i1_0.pedido_id,i1_0.id,i1_0.cantidad,i1_0.descuento_aplicado,i1_0.imagen_producto,i1_0.nombre_producto,i1_0.precio_unitario,i1_0.producto_id,i1_0.subtotal from pedido_items i1_0 where i1_0.pedido_id=?
2026-05-26 09:23:00.618 [http-nio-8080-exec-4] DEBUG org.hibernate.SQL.logStatement - select i1_0.pedido_id,i1_0.id,i1_0.cantidad,i1_0.descuento_aplicado,i1_0.imagen_producto,i1_0.nombre_producto,i1_0.precio_unitario,i1_0.producto_id,i1_0.subtotal from pedido_items i1_0 where i1_0.pedido_id=?
2026-05-26 09:23:00.619 [http-nio-8080-exec-4] DEBUG org.hibernate.SQL.logStatement - select i1_0.pedido_id,i1_0.id,i1_0.cantidad,i1_0.descuento_aplicado,i1_0.imagen_producto,i1_0.nombre_producto,i1_0.precio_unitario,i1_0.producto_id,i1_0.subtotal from pedido_items i1_0 where i1_0.pedido_id=?
2026-05-26 09:23:00.620 [http-nio-8080-exec-4] DEBUG org.hibernate.SQL.logStatement - select i1_0.pedido_id,i1_0.id,i1_0.cantidad,i1_0.descuento_aplicado,i1_0.imagen_producto,i1_0.nombre_producto,i1_0.precio_unitario,i1_0.producto_id,i1_0.subtotal from pedido_items i1_0 where i1_0.pedido_id=?
2026-05-26 09:23:00.623 [http-nio-8080-exec-4] DEBUG org.hibernate.SQL.logStatement - select i1_0.pedido_id,i1_0.id,i1_0.cantidad,i1_0.descuento_aplicado,i1_0.imagen_producto,i1_0.nombre_producto,i1_0.precio_unitario,i1_0.producto_id,i1_0.subtotal from pedido_items i1_0 where i1_0.pedido_id=?
2026-05-26 09:23:00.624 [http-nio-8080-exec-4] DEBUG org.hibernate.SQL.logStatement - select i1_0.pedido_id,i1_0.id,i1_0.cantidad,i1_0.descuento_aplicado,i1_0.imagen_producto,i1_0.nombre_producto,i1_0.precio_unitario,i1_0.producto_id,i1_0.subtotal from pedido_items i1_0 where i1_0.pedido_id=?
2026-05-26 09:23:00.625 [http-nio-8080-exec-4] DEBUG org.hibernate.SQL.logStatement - select i1_0.pedido_id,i1_0.id,i1_0.cantidad,i1_0.descuento_aplicado,i1_0.imagen_producto,i1_0.nombre_producto,i1_0.precio_unitario,i1_0.producto_id,i1_0.subtotal from pedido_items i1_0 where i1_0.pedido_id=?
2026-05-26 09:23:00.626 [http-nio-8080-exec-4] DEBUG org.hibernate.SQL.logStatement - select i1_0.pedido_id,i1_0.id,i1_0.cantidad,i1_0.descuento_aplicado,i1_0.imagen_producto,i1_0.nombre_producto,i1_0.precio_unitario,i1_0.producto_id,i1_0.subtotal from pedido_items i1_0 where i1_0.pedido_id=?
2026-05-26 09:23:00.627 [http-nio-8080-exec-4] DEBUG org.hibernate.SQL.logStatement - select i1_0.pedido_id,i1_0.id,i1_0.cantidad,i1_0.descuento_aplicado,i1_0.imagen_producto,i1_0.nombre_producto,i1_0.precio_unitario,i1_0.producto_id,i1_0.subtotal from pedido_items i1_0 where i1_0.pedido_id=?
2026-05-26 09:23:00.628 [http-nio-8080-exec-4] DEBUG org.hibernate.SQL.logStatement - select i1_0.pedido_id,i1_0.id,i1_0.cantidad,i1_0.descuento_aplicado,i1_0.imagen_producto,i1_0.nombre_producto,i1_0.precio_unitario,i1_0.producto_id,i1_0.subtotal from pedido_items i1_0 where i1_0.pedido_id=?
2026-05-26 09:23:00.628 [http-nio-8080-exec-4] INFO  c.h.b.controller.PedidoController.listarPorUsuario - Se devuelven 32 pedidos para usuarioId=1
2026-05-26 09:23:00.630 [http-nio-8080-exec-4] DEBUG o.s.w.s.m.m.a.HttpEntityMethodProcessor.writeWithMessageConverters - Using 'application/json', given [*/*] and supported [application/json, application/*+json]
2026-05-26 09:23:00.637 [http-nio-8080-exec-4] DEBUG o.s.w.s.m.m.a.HttpEntityMethodProcessor.traceDebug - Writing [[PedidoDTO(id=1, numeroPedido=HEL-2026-34300, fechaCreacion=2026-05-15T15:13:54.300423, fechaEntrega (truncated)...]
2026-05-26 09:23:00.648 [http-nio-8080-exec-4] DEBUG o.s.web.servlet.DispatcherServlet.logResult - Completed 200 OK
2026-05-26 09:23:02.949 [http-nio-8080-exec-7] DEBUG o.s.web.servlet.DispatcherServlet.traceDebug - GET "/api/carrito", parameters={}
2026-05-26 09:23:02.949 [http-nio-8080-exec-7] DEBUG o.s.w.s.m.m.a.RequestMappingHandlerMapping.getHandler - Mapped to com.helene.backend.controller.CarritoController#obtener()
2026-05-26 09:23:02.949 [http-nio-8080-exec-7] INFO  c.h.b.controller.CarritoController.obtener - Obteniendo contenido del carrito
2026-05-26 09:23:02.951 [http-nio-8080-exec-7] DEBUG org.hibernate.SQL.logStatement - select u1_0.id,u1_0.email,u1_0.fecha_registro,u1_0.password,u1_0.username from usuarios u1_0 where u1_0.username=?
2026-05-26 09:23:02.952 [http-nio-8080-exec-7] DEBUG org.hibernate.SQL.logStatement - select r1_0.usuario_id,r1_1.id,r1_1.nombre from usuarios_roles r1_0 join roles r1_1 on r1_1.id=r1_0.rol_id where r1_0.usuario_id=?
2026-05-26 09:23:02.953 [http-nio-8080-exec-7] DEBUG org.hibernate.SQL.logStatement - select c1_0.id,c1_0.cantidad,c1_0.producto_id,c1_0.usuario_id from carrito_items c1_0 left join usuarios u1_0 on u1_0.id=c1_0.usuario_id where u1_0.id=?
2026-05-26 09:23:02.954 [http-nio-8080-exec-7] INFO  c.h.b.controller.CarritoController.obtener - Carrito obtenido con 0 items
2026-05-26 09:23:02.954 [http-nio-8080-exec-7] DEBUG o.s.w.s.m.m.a.RequestResponseBodyMethodProcessor.writeWithMessageConverters - Using 'application/json', given [*/*] and supported [application/json, application/*+json]
2026-05-26 09:23:02.955 [http-nio-8080-exec-7] DEBUG o.s.w.s.m.m.a.RequestResponseBodyMethodProcessor.traceDebug - Writing [[]]
2026-05-26 09:23:02.955 [http-nio-8080-exec-7] DEBUG o.s.web.servlet.DispatcherServlet.logResult - Completed 200 OK
2026-05-26 09:23:05.268 [http-nio-8080-exec-8] DEBUG o.s.web.servlet.DispatcherServlet.traceDebug - GET "/api/carrito", parameters={}
2026-05-26 09:23:05.268 [http-nio-8080-exec-8] DEBUG o.s.w.s.m.m.a.RequestMappingHandlerMapping.getHandler - Mapped to com.helene.backend.controller.CarritoController#obtener()
2026-05-26 09:23:05.268 [http-nio-8080-exec-8] INFO  c.h.b.controller.CarritoController.obtener - Obteniendo contenido del carrito
2026-05-26 09:23:05.269 [http-nio-8080-exec-8] DEBUG org.hibernate.SQL.logStatement - select u1_0.id,u1_0.email,u1_0.fecha_registro,u1_0.password,u1_0.username from usuarios u1_0 where u1_0.username=?
2026-05-26 09:23:05.271 [http-nio-8080-exec-8] DEBUG org.hibernate.SQL.logStatement - select r1_0.usuario_id,r1_1.id,r1_1.nombre from usuarios_roles r1_0 join roles r1_1 on r1_1.id=r1_0.rol_id where r1_0.usuario_id=?
2026-05-26 09:23:05.273 [http-nio-8080-exec-8] DEBUG org.hibernate.SQL.logStatement - select c1_0.id,c1_0.cantidad,c1_0.producto_id,c1_0.usuario_id from carrito_items c1_0 left join usuarios u1_0 on u1_0.id=c1_0.usuario_id where u1_0.id=?
2026-05-26 09:23:05.274 [http-nio-8080-exec-8] INFO  c.h.b.controller.CarritoController.obtener - Carrito obtenido con 0 items
2026-05-26 09:23:05.274 [http-nio-8080-exec-8] DEBUG o.s.w.s.m.m.a.RequestResponseBodyMethodProcessor.writeWithMessageConverters - Using 'application/json', given [*/*] and supported [application/json, application/*+json]
2026-05-26 09:23:05.274 [http-nio-8080-exec-8] DEBUG o.s.w.s.m.m.a.RequestResponseBodyMethodProcessor.traceDebug - Writing [[]]
2026-05-26 09:23:05.275 [http-nio-8080-exec-8] DEBUG o.s.web.servlet.DispatcherServlet.logResult - Completed 200 OK
2026-05-26 09:23:05.296 [http-nio-8080-exec-9] DEBUG o.s.web.servlet.DispatcherServlet.traceDebug - GET "/api/carrito", parameters={}
2026-05-26 09:23:05.296 [http-nio-8080-exec-9] DEBUG o.s.w.s.m.m.a.RequestMappingHandlerMapping.getHandler - Mapped to com.helene.backend.controller.CarritoController#obtener()
2026-05-26 09:23:05.296 [http-nio-8080-exec-9] INFO  c.h.b.controller.CarritoController.obtener - Obteniendo contenido del carrito
2026-05-26 09:23:05.298 [http-nio-8080-exec-9] DEBUG org.hibernate.SQL.logStatement - select u1_0.id,u1_0.email,u1_0.fecha_registro,u1_0.password,u1_0.username from usuarios u1_0 where u1_0.username=?
2026-05-26 09:23:05.300 [http-nio-8080-exec-9] DEBUG org.hibernate.SQL.logStatement - select r1_0.usuario_id,r1_1.id,r1_1.nombre from usuarios_roles r1_0 join roles r1_1 on r1_1.id=r1_0.rol_id where r1_0.usuario_id=?
2026-05-26 09:23:05.302 [http-nio-8080-exec-9] DEBUG org.hibernate.SQL.logStatement - select c1_0.id,c1_0.cantidad,c1_0.producto_id,c1_0.usuario_id from carrito_items c1_0 left join usuarios u1_0 on u1_0.id=c1_0.usuario_id where u1_0.id=?
2026-05-26 09:23:05.303 [http-nio-8080-exec-9] INFO  c.h.b.controller.CarritoController.obtener - Carrito obtenido con 0 items
2026-05-26 09:23:05.303 [http-nio-8080-exec-9] DEBUG o.s.w.s.m.m.a.RequestResponseBodyMethodProcessor.writeWithMessageConverters - Using 'application/json', given [*/*] and supported [application/json, application/*+json]
2026-05-26 09:23:05.304 [http-nio-8080-exec-9] DEBUG o.s.w.s.m.m.a.RequestResponseBodyMethodProcessor.traceDebug - Writing [[]]
2026-05-26 09:23:05.304 [http-nio-8080-exec-9] DEBUG o.s.web.servlet.DispatcherServlet.logResult - Completed 200 OK
2026-05-26 09:25:59.742 [http-nio-8080-exec-5] DEBUG o.s.web.servlet.DispatcherServlet.traceDebug - GET "/api/carrito", parameters={}
2026-05-26 09:25:59.742 [http-nio-8080-exec-5] DEBUG o.s.w.s.m.m.a.RequestMappingHandlerMapping.getHandler - Mapped to com.helene.backend.controller.CarritoController#obtener()
2026-05-26 09:25:59.743 [http-nio-8080-exec-5] INFO  c.h.b.controller.CarritoController.obtener - Obteniendo contenido del carrito
2026-05-26 09:25:59.744 [http-nio-8080-exec-5] DEBUG org.hibernate.SQL.logStatement - select u1_0.id,u1_0.email,u1_0.fecha_registro,u1_0.password,u1_0.username from usuarios u1_0 where u1_0.username=?
2026-05-26 09:25:59.745 [http-nio-8080-exec-5] DEBUG org.hibernate.SQL.logStatement - select r1_0.usuario_id,r1_1.id,r1_1.nombre from usuarios_roles r1_0 join roles r1_1 on r1_1.id=r1_0.rol_id where r1_0.usuario_id=?
2026-05-26 09:25:59.748 [http-nio-8080-exec-5] DEBUG org.hibernate.SQL.logStatement - select c1_0.id,c1_0.cantidad,c1_0.producto_id,c1_0.usuario_id from carrito_items c1_0 left join usuarios u1_0 on u1_0.id=c1_0.usuario_id where u1_0.id=?
2026-05-26 09:25:59.748 [http-nio-8080-exec-5] INFO  c.h.b.controller.CarritoController.obtener - Carrito obtenido con 0 items
2026-05-26 09:25:59.749 [http-nio-8080-exec-5] DEBUG o.s.w.s.m.m.a.RequestResponseBodyMethodProcessor.writeWithMessageConverters - Using 'application/json', given [*/*] and supported [application/json, application/*+json]
2026-05-26 09:25:59.749 [http-nio-8080-exec-5] DEBUG o.s.w.s.m.m.a.RequestResponseBodyMethodProcessor.traceDebug - Writing [[]]
2026-05-26 09:25:59.749 [http-nio-8080-exec-5] DEBUG o.s.web.servlet.DispatcherServlet.logResult - Completed 200 OK
2026-05-26 09:25:59.792 [http-nio-8080-exec-6] DEBUG o.s.web.servlet.DispatcherServlet.traceDebug - GET "/api/carrito", parameters={}
2026-05-26 09:25:59.792 [http-nio-8080-exec-6] DEBUG o.s.w.s.m.m.a.RequestMappingHandlerMapping.getHandler - Mapped to com.helene.backend.controller.CarritoController#obtener()
2026-05-26 09:25:59.792 [http-nio-8080-exec-6] INFO  c.h.b.controller.CarritoController.obtener - Obteniendo contenido del carrito
2026-05-26 09:25:59.793 [http-nio-8080-exec-6] DEBUG org.hibernate.SQL.logStatement - select u1_0.id,u1_0.email,u1_0.fecha_registro,u1_0.password,u1_0.username from usuarios u1_0 where u1_0.username=?
2026-05-26 09:25:59.795 [http-nio-8080-exec-6] DEBUG org.hibernate.SQL.logStatement - select r1_0.usuario_id,r1_1.id,r1_1.nombre from usuarios_roles r1_0 join roles r1_1 on r1_1.id=r1_0.rol_id where r1_0.usuario_id=?
2026-05-26 09:25:59.796 [http-nio-8080-exec-6] DEBUG org.hibernate.SQL.logStatement - select c1_0.id,c1_0.cantidad,c1_0.producto_id,c1_0.usuario_id from carrito_items c1_0 left join usuarios u1_0 on u1_0.id=c1_0.usuario_id where u1_0.id=?
2026-05-26 09:25:59.796 [http-nio-8080-exec-6] INFO  c.h.b.controller.CarritoController.obtener - Carrito obtenido con 0 items
2026-05-26 09:25:59.796 [http-nio-8080-exec-6] DEBUG o.s.w.s.m.m.a.RequestResponseBodyMethodProcessor.writeWithMessageConverters - Using 'application/json', given [*/*] and supported [application/json, application/*+json]
2026-05-26 09:25:59.798 [http-nio-8080-exec-6] DEBUG o.s.w.s.m.m.a.RequestResponseBodyMethodProcessor.traceDebug - Writing [[]]
2026-05-26 09:25:59.798 [http-nio-8080-exec-6] DEBUG o.s.web.servlet.DispatcherServlet.logResult - Completed 200 OK
2026-05-26 09:26:16.300 [http-nio-8080-exec-4] DEBUG o.s.web.servlet.DispatcherServlet.traceDebug - GET "/api/carrito", parameters={}
2026-05-26 09:26:16.301 [http-nio-8080-exec-4] DEBUG o.s.w.s.m.m.a.RequestMappingHandlerMapping.getHandler - Mapped to com.helene.backend.controller.CarritoController#obtener()
2026-05-26 09:26:16.301 [http-nio-8080-exec-4] INFO  c.h.b.controller.CarritoController.obtener - Obteniendo contenido del carrito
2026-05-26 09:26:16.302 [http-nio-8080-exec-4] DEBUG org.hibernate.SQL.logStatement - select u1_0.id,u1_0.email,u1_0.fecha_registro,u1_0.password,u1_0.username from usuarios u1_0 where u1_0.username=?
2026-05-26 09:26:16.303 [http-nio-8080-exec-4] DEBUG org.hibernate.SQL.logStatement - select r1_0.usuario_id,r1_1.id,r1_1.nombre from usuarios_roles r1_0 join roles r1_1 on r1_1.id=r1_0.rol_id where r1_0.usuario_id=?
2026-05-26 09:26:16.306 [http-nio-8080-exec-4] DEBUG org.hibernate.SQL.logStatement - select c1_0.id,c1_0.cantidad,c1_0.producto_id,c1_0.usuario_id from carrito_items c1_0 left join usuarios u1_0 on u1_0.id=c1_0.usuario_id where u1_0.id=?
2026-05-26 09:26:16.307 [http-nio-8080-exec-4] INFO  c.h.b.controller.CarritoController.obtener - Carrito obtenido con 0 items
2026-05-26 09:26:16.307 [http-nio-8080-exec-4] DEBUG o.s.w.s.m.m.a.RequestResponseBodyMethodProcessor.writeWithMessageConverters - Using 'application/json', given [*/*] and supported [application/json, application/*+json]
2026-05-26 09:26:16.307 [http-nio-8080-exec-4] DEBUG o.s.w.s.m.m.a.RequestResponseBodyMethodProcessor.traceDebug - Writing [[]]
2026-05-26 09:26:16.308 [http-nio-8080-exec-4] DEBUG o.s.web.servlet.DispatcherServlet.logResult - Completed 200 OK
2026-05-26 09:26:19.494 [http-nio-8080-exec-7] DEBUG o.s.web.servlet.DispatcherServlet.traceDebug - GET "/api/pedidos/usuario/1", parameters={}
2026-05-26 09:26:19.494 [http-nio-8080-exec-7] DEBUG o.s.w.s.m.m.a.RequestMappingHandlerMapping.getHandler - Mapped to com.helene.backend.controller.PedidoController#listarPorUsuario(Long)
2026-05-26 09:26:19.496 [http-nio-8080-exec-7] INFO  c.h.b.controller.PedidoController.listarPorUsuario - Obteniendo pedidos del usuarioId=1
2026-05-26 09:26:19.497 [http-nio-8080-exec-7] DEBUG org.hibernate.SQL.logStatement - select p1_0.id,p1_0.coste_envio,p1_0.descuento_aplicado,p1_0.calle,p1_0.ciudad,p1_0.codigo_postal,p1_0.instrucciones_especiales,p1_0.nombre_completo,p1_0.numero,p1_0.pais,p1_0.piso,p1_0.provincia,p1_0.telefono,p1_0.estado,p1_0.fecha_creacion,p1_0.fecha_entrega,p1_0.metodo_pago,p1_0.notas,p1_0.numero_pedido,p1_0.paypal_payment_id,p1_0.subtotal,p1_0.total,p1_0.usuario_id from pedidos p1_0 left join usuarios u1_0 on u1_0.id=p1_0.usuario_id where u1_0.id=?
2026-05-26 09:26:19.504 [http-nio-8080-exec-7] DEBUG org.hibernate.SQL.logStatement - select u1_0.id,u1_0.email,u1_0.fecha_registro,u1_0.password,r1_0.usuario_id,r1_1.id,r1_1.nombre,u1_0.username from usuarios u1_0 left join usuarios_roles r1_0 on u1_0.id=r1_0.usuario_id left join roles r1_1 on r1_1.id=r1_0.rol_id where u1_0.id=?
2026-05-26 09:26:19.505 [http-nio-8080-exec-7] DEBUG org.hibernate.SQL.logStatement - select i1_0.pedido_id,i1_0.id,i1_0.cantidad,i1_0.descuento_aplicado,i1_0.imagen_producto,i1_0.nombre_producto,i1_0.precio_unitario,i1_0.producto_id,i1_0.subtotal from pedido_items i1_0 where i1_0.pedido_id=?
2026-05-26 09:26:19.506 [http-nio-8080-exec-7] DEBUG org.hibernate.SQL.logStatement - select p1_0.id,p1_0.categoria_id,c1_0.id,c1_0.nombre,p1_0.descripcion,p1_0.descuento,p1_0.imagen_url,p1_0.nombre,p1_0.precio_final,p1_0.precio_original from productos p1_0 join categorias c1_0 on c1_0.id=p1_0.categoria_id where p1_0.id=?
2026-05-26 09:26:19.508 [http-nio-8080-exec-7] DEBUG org.hibernate.SQL.logStatement - select p1_0.id,p1_0.categoria_id,c1_0.id,c1_0.nombre,p1_0.descripcion,p1_0.descuento,p1_0.imagen_url,p1_0.nombre,p1_0.precio_final,p1_0.precio_original from productos p1_0 join categorias c1_0 on c1_0.id=p1_0.categoria_id where p1_0.id=?
2026-05-26 09:26:19.509 [http-nio-8080-exec-7] DEBUG org.hibernate.SQL.logStatement - select i1_0.pedido_id,i1_0.id,i1_0.cantidad,i1_0.descuento_aplicado,i1_0.imagen_producto,i1_0.nombre_producto,i1_0.precio_unitario,i1_0.producto_id,i1_0.subtotal from pedido_items i1_0 where i1_0.pedido_id=?
2026-05-26 09:26:19.510 [http-nio-8080-exec-7] DEBUG org.hibernate.SQL.logStatement - select i1_0.pedido_id,i1_0.id,i1_0.cantidad,i1_0.descuento_aplicado,i1_0.imagen_producto,i1_0.nombre_producto,i1_0.precio_unitario,i1_0.producto_id,i1_0.subtotal from pedido_items i1_0 where i1_0.pedido_id=?
2026-05-26 09:26:19.511 [http-nio-8080-exec-7] DEBUG org.hibernate.SQL.logStatement - select i1_0.pedido_id,i1_0.id,i1_0.cantidad,i1_0.descuento_aplicado,i1_0.imagen_producto,i1_0.nombre_producto,i1_0.precio_unitario,i1_0.producto_id,i1_0.subtotal from pedido_items i1_0 where i1_0.pedido_id=?
2026-05-26 09:26:19.512 [http-nio-8080-exec-7] DEBUG org.hibernate.SQL.logStatement - select i1_0.pedido_id,i1_0.id,i1_0.cantidad,i1_0.descuento_aplicado,i1_0.imagen_producto,i1_0.nombre_producto,i1_0.precio_unitario,i1_0.producto_id,i1_0.subtotal from pedido_items i1_0 where i1_0.pedido_id=?
2026-05-26 09:26:19.513 [http-nio-8080-exec-7] DEBUG org.hibernate.SQL.logStatement - select i1_0.pedido_id,i1_0.id,i1_0.cantidad,i1_0.descuento_aplicado,i1_0.imagen_producto,i1_0.nombre_producto,i1_0.precio_unitario,i1_0.producto_id,i1_0.subtotal from pedido_items i1_0 where i1_0.pedido_id=?
2026-05-26 09:26:19.514 [http-nio-8080-exec-7] DEBUG org.hibernate.SQL.logStatement - select i1_0.pedido_id,i1_0.id,i1_0.cantidad,i1_0.descuento_aplicado,i1_0.imagen_producto,i1_0.nombre_producto,i1_0.precio_unitario,i1_0.producto_id,i1_0.subtotal from pedido_items i1_0 where i1_0.pedido_id=?
2026-05-26 09:26:19.515 [http-nio-8080-exec-7] DEBUG org.hibernate.SQL.logStatement - select i1_0.pedido_id,i1_0.id,i1_0.cantidad,i1_0.descuento_aplicado,i1_0.imagen_producto,i1_0.nombre_producto,i1_0.precio_unitario,i1_0.producto_id,i1_0.subtotal from pedido_items i1_0 where i1_0.pedido_id=?
2026-05-26 09:26:19.515 [http-nio-8080-exec-7] DEBUG org.hibernate.SQL.logStatement - select i1_0.pedido_id,i1_0.id,i1_0.cantidad,i1_0.descuento_aplicado,i1_0.imagen_producto,i1_0.nombre_producto,i1_0.precio_unitario,i1_0.producto_id,i1_0.subtotal from pedido_items i1_0 where i1_0.pedido_id=?
2026-05-26 09:26:19.516 [http-nio-8080-exec-7] DEBUG org.hibernate.SQL.logStatement - select i1_0.pedido_id,i1_0.id,i1_0.cantidad,i1_0.descuento_aplicado,i1_0.imagen_producto,i1_0.nombre_producto,i1_0.precio_unitario,i1_0.producto_id,i1_0.subtotal from pedido_items i1_0 where i1_0.pedido_id=?
2026-05-26 09:26:19.517 [http-nio-8080-exec-7] DEBUG org.hibernate.SQL.logStatement - select i1_0.pedido_id,i1_0.id,i1_0.cantidad,i1_0.descuento_aplicado,i1_0.imagen_producto,i1_0.nombre_producto,i1_0.precio_unitario,i1_0.producto_id,i1_0.subtotal from pedido_items i1_0 where i1_0.pedido_id=?
2026-05-26 09:26:19.517 [http-nio-8080-exec-7] DEBUG org.hibernate.SQL.logStatement - select i1_0.pedido_id,i1_0.id,i1_0.cantidad,i1_0.descuento_aplicado,i1_0.imagen_producto,i1_0.nombre_producto,i1_0.precio_unitario,i1_0.producto_id,i1_0.subtotal from pedido_items i1_0 where i1_0.pedido_id=?
2026-05-26 09:26:19.518 [http-nio-8080-exec-7] DEBUG org.hibernate.SQL.logStatement - select i1_0.pedido_id,i1_0.id,i1_0.cantidad,i1_0.descuento_aplicado,i1_0.imagen_producto,i1_0.nombre_producto,i1_0.precio_unitario,i1_0.producto_id,i1_0.subtotal from pedido_items i1_0 where i1_0.pedido_id=?
2026-05-26 09:26:19.519 [http-nio-8080-exec-7] DEBUG org.hibernate.SQL.logStatement - select i1_0.pedido_id,i1_0.id,i1_0.cantidad,i1_0.descuento_aplicado,i1_0.imagen_producto,i1_0.nombre_producto,i1_0.precio_unitario,i1_0.producto_id,i1_0.subtotal from pedido_items i1_0 where i1_0.pedido_id=?
2026-05-26 09:26:19.519 [http-nio-8080-exec-7] DEBUG org.hibernate.SQL.logStatement - select i1_0.pedido_id,i1_0.id,i1_0.cantidad,i1_0.descuento_aplicado,i1_0.imagen_producto,i1_0.nombre_producto,i1_0.precio_unitario,i1_0.producto_id,i1_0.subtotal from pedido_items i1_0 where i1_0.pedido_id=?
2026-05-26 09:26:19.520 [http-nio-8080-exec-7] DEBUG org.hibernate.SQL.logStatement - select i1_0.pedido_id,i1_0.id,i1_0.cantidad,i1_0.descuento_aplicado,i1_0.imagen_producto,i1_0.nombre_producto,i1_0.precio_unitario,i1_0.producto_id,i1_0.subtotal from pedido_items i1_0 where i1_0.pedido_id=?
2026-05-26 09:26:19.522 [http-nio-8080-exec-7] DEBUG org.hibernate.SQL.logStatement - select i1_0.pedido_id,i1_0.id,i1_0.cantidad,i1_0.descuento_aplicado,i1_0.imagen_producto,i1_0.nombre_producto,i1_0.precio_unitario,i1_0.producto_id,i1_0.subtotal from pedido_items i1_0 where i1_0.pedido_id=?
2026-05-26 09:26:19.523 [http-nio-8080-exec-7] DEBUG org.hibernate.SQL.logStatement - select i1_0.pedido_id,i1_0.id,i1_0.cantidad,i1_0.descuento_aplicado,i1_0.imagen_producto,i1_0.nombre_producto,i1_0.precio_unitario,i1_0.producto_id,i1_0.subtotal from pedido_items i1_0 where i1_0.pedido_id=?
2026-05-26 09:26:19.524 [http-nio-8080-exec-7] DEBUG org.hibernate.SQL.logStatement - select i1_0.pedido_id,i1_0.id,i1_0.cantidad,i1_0.descuento_aplicado,i1_0.imagen_producto,i1_0.nombre_producto,i1_0.precio_unitario,i1_0.producto_id,i1_0.subtotal from pedido_items i1_0 where i1_0.pedido_id=?
2026-05-26 09:26:19.524 [http-nio-8080-exec-7] DEBUG org.hibernate.SQL.logStatement - select i1_0.pedido_id,i1_0.id,i1_0.cantidad,i1_0.descuento_aplicado,i1_0.imagen_producto,i1_0.nombre_producto,i1_0.precio_unitario,i1_0.producto_id,i1_0.subtotal from pedido_items i1_0 where i1_0.pedido_id=?
2026-05-26 09:26:19.525 [http-nio-8080-exec-7] DEBUG org.hibernate.SQL.logStatement - select i1_0.pedido_id,i1_0.id,i1_0.cantidad,i1_0.descuento_aplicado,i1_0.imagen_producto,i1_0.nombre_producto,i1_0.precio_unitario,i1_0.producto_id,i1_0.subtotal from pedido_items i1_0 where i1_0.pedido_id=?
2026-05-26 09:26:19.526 [http-nio-8080-exec-7] DEBUG org.hibernate.SQL.logStatement - select i1_0.pedido_id,i1_0.id,i1_0.cantidad,i1_0.descuento_aplicado,i1_0.imagen_producto,i1_0.nombre_producto,i1_0.precio_unitario,i1_0.producto_id,i1_0.subtotal from pedido_items i1_0 where i1_0.pedido_id=?
2026-05-26 09:26:19.527 [http-nio-8080-exec-7] DEBUG org.hibernate.SQL.logStatement - select i1_0.pedido_id,i1_0.id,i1_0.cantidad,i1_0.descuento_aplicado,i1_0.imagen_producto,i1_0.nombre_producto,i1_0.precio_unitario,i1_0.producto_id,i1_0.subtotal from pedido_items i1_0 where i1_0.pedido_id=?
2026-05-26 09:26:19.528 [http-nio-8080-exec-7] DEBUG org.hibernate.SQL.logStatement - select i1_0.pedido_id,i1_0.id,i1_0.cantidad,i1_0.descuento_aplicado,i1_0.imagen_producto,i1_0.nombre_producto,i1_0.precio_unitario,i1_0.producto_id,i1_0.subtotal from pedido_items i1_0 where i1_0.pedido_id=?
2026-05-26 09:26:19.529 [http-nio-8080-exec-7] DEBUG org.hibernate.SQL.logStatement - select i1_0.pedido_id,i1_0.id,i1_0.cantidad,i1_0.descuento_aplicado,i1_0.imagen_producto,i1_0.nombre_producto,i1_0.precio_unitario,i1_0.producto_id,i1_0.subtotal from pedido_items i1_0 where i1_0.pedido_id=?
2026-05-26 09:26:19.530 [http-nio-8080-exec-7] DEBUG org.hibernate.SQL.logStatement - select i1_0.pedido_id,i1_0.id,i1_0.cantidad,i1_0.descuento_aplicado,i1_0.imagen_producto,i1_0.nombre_producto,i1_0.precio_unitario,i1_0.producto_id,i1_0.subtotal from pedido_items i1_0 where i1_0.pedido_id=?
2026-05-26 09:26:19.530 [http-nio-8080-exec-7] DEBUG org.hibernate.SQL.logStatement - select i1_0.pedido_id,i1_0.id,i1_0.cantidad,i1_0.descuento_aplicado,i1_0.imagen_producto,i1_0.nombre_producto,i1_0.precio_unitario,i1_0.producto_id,i1_0.subtotal from pedido_items i1_0 where i1_0.pedido_id=?
2026-05-26 09:26:19.531 [http-nio-8080-exec-7] DEBUG org.hibernate.SQL.logStatement - select i1_0.pedido_id,i1_0.id,i1_0.cantidad,i1_0.descuento_aplicado,i1_0.imagen_producto,i1_0.nombre_producto,i1_0.precio_unitario,i1_0.producto_id,i1_0.subtotal from pedido_items i1_0 where i1_0.pedido_id=?
2026-05-26 09:26:19.531 [http-nio-8080-exec-7] DEBUG org.hibernate.SQL.logStatement - select i1_0.pedido_id,i1_0.id,i1_0.cantidad,i1_0.descuento_aplicado,i1_0.imagen_producto,i1_0.nombre_producto,i1_0.precio_unitario,i1_0.producto_id,i1_0.subtotal from pedido_items i1_0 where i1_0.pedido_id=?
2026-05-26 09:26:19.532 [http-nio-8080-exec-7] DEBUG org.hibernate.SQL.logStatement - select i1_0.pedido_id,i1_0.id,i1_0.cantidad,i1_0.descuento_aplicado,i1_0.imagen_producto,i1_0.nombre_producto,i1_0.precio_unitario,i1_0.producto_id,i1_0.subtotal from pedido_items i1_0 where i1_0.pedido_id=?
2026-05-26 09:26:19.533 [http-nio-8080-exec-7] DEBUG org.hibernate.SQL.logStatement - select i1_0.pedido_id,i1_0.id,i1_0.cantidad,i1_0.descuento_aplicado,i1_0.imagen_producto,i1_0.nombre_producto,i1_0.precio_unitario,i1_0.producto_id,i1_0.subtotal from pedido_items i1_0 where i1_0.pedido_id=?
2026-05-26 09:26:19.533 [http-nio-8080-exec-7] DEBUG org.hibernate.SQL.logStatement - select i1_0.pedido_id,i1_0.id,i1_0.cantidad,i1_0.descuento_aplicado,i1_0.imagen_producto,i1_0.nombre_producto,i1_0.precio_unitario,i1_0.producto_id,i1_0.subtotal from pedido_items i1_0 where i1_0.pedido_id=?
2026-05-26 09:26:19.534 [http-nio-8080-exec-7] INFO  c.h.b.controller.PedidoController.listarPorUsuario - Se devuelven 32 pedidos para usuarioId=1
2026-05-26 09:26:19.534 [http-nio-8080-exec-7] DEBUG o.s.w.s.m.m.a.HttpEntityMethodProcessor.writeWithMessageConverters - Using 'application/json', given [*/*] and supported [application/json, application/*+json]
2026-05-26 09:26:19.535 [http-nio-8080-exec-7] DEBUG o.s.w.s.m.m.a.HttpEntityMethodProcessor.traceDebug - Writing [[PedidoDTO(id=1, numeroPedido=HEL-2026-34300, fechaCreacion=2026-05-15T15:13:54.300423, fechaEntrega (truncated)...]
2026-05-26 09:26:19.537 [http-nio-8080-exec-7] DEBUG o.s.web.servlet.DispatcherServlet.logResult - Completed 200 OK
2026-05-26 09:26:23.788 [http-nio-8080-exec-8] DEBUG o.s.web.servlet.DispatcherServlet.traceDebug - GET "/api/carrito", parameters={}
2026-05-26 09:26:23.788 [http-nio-8080-exec-8] DEBUG o.s.w.s.m.m.a.RequestMappingHandlerMapping.getHandler - Mapped to com.helene.backend.controller.CarritoController#obtener()
2026-05-26 09:26:23.788 [http-nio-8080-exec-8] INFO  c.h.b.controller.CarritoController.obtener - Obteniendo contenido del carrito
2026-05-26 09:26:23.789 [http-nio-8080-exec-8] DEBUG org.hibernate.SQL.logStatement - select u1_0.id,u1_0.email,u1_0.fecha_registro,u1_0.password,u1_0.username from usuarios u1_0 where u1_0.username=?
2026-05-26 09:26:23.791 [http-nio-8080-exec-8] DEBUG org.hibernate.SQL.logStatement - select r1_0.usuario_id,r1_1.id,r1_1.nombre from usuarios_roles r1_0 join roles r1_1 on r1_1.id=r1_0.rol_id where r1_0.usuario_id=?
2026-05-26 09:26:23.793 [http-nio-8080-exec-8] DEBUG org.hibernate.SQL.logStatement - select c1_0.id,c1_0.cantidad,c1_0.producto_id,c1_0.usuario_id from carrito_items c1_0 left join usuarios u1_0 on u1_0.id=c1_0.usuario_id where u1_0.id=?
2026-05-26 09:26:23.793 [http-nio-8080-exec-8] INFO  c.h.b.controller.CarritoController.obtener - Carrito obtenido con 0 items
2026-05-26 09:26:23.794 [http-nio-8080-exec-8] DEBUG o.s.w.s.m.m.a.RequestResponseBodyMethodProcessor.writeWithMessageConverters - Using 'application/json', given [*/*] and supported [application/json, application/*+json]
2026-05-26 09:26:23.794 [http-nio-8080-exec-8] DEBUG o.s.w.s.m.m.a.RequestResponseBodyMethodProcessor.traceDebug - Writing [[]]
2026-05-26 09:26:23.794 [http-nio-8080-exec-8] DEBUG o.s.web.servlet.DispatcherServlet.logResult - Completed 200 OK
2026-05-26 09:29:56.592 [http-nio-8080-exec-1] DEBUG o.s.web.servlet.DispatcherServlet.traceDebug - GET "/api/carrito", parameters={}
2026-05-26 09:29:56.592 [http-nio-8080-exec-1] DEBUG o.s.w.s.m.m.a.RequestMappingHandlerMapping.getHandler - Mapped to com.helene.backend.controller.CarritoController#obtener()
2026-05-26 09:29:56.592 [http-nio-8080-exec-1] INFO  c.h.b.controller.CarritoController.obtener - Obteniendo contenido del carrito
2026-05-26 09:29:56.593 [http-nio-8080-exec-1] DEBUG org.hibernate.SQL.logStatement - select u1_0.id,u1_0.email,u1_0.fecha_registro,u1_0.password,u1_0.username from usuarios u1_0 where u1_0.username=?
2026-05-26 09:29:56.594 [http-nio-8080-exec-1] DEBUG org.hibernate.SQL.logStatement - select r1_0.usuario_id,r1_1.id,r1_1.nombre from usuarios_roles r1_0 join roles r1_1 on r1_1.id=r1_0.rol_id where r1_0.usuario_id=?
2026-05-26 09:29:56.595 [http-nio-8080-exec-1] DEBUG org.hibernate.SQL.logStatement - select c1_0.id,c1_0.cantidad,c1_0.producto_id,c1_0.usuario_id from carrito_items c1_0 left join usuarios u1_0 on u1_0.id=c1_0.usuario_id where u1_0.id=?
2026-05-26 09:29:56.596 [http-nio-8080-exec-1] INFO  c.h.b.controller.CarritoController.obtener - Carrito obtenido con 0 items
2026-05-26 09:29:56.596 [http-nio-8080-exec-1] DEBUG o.s.w.s.m.m.a.RequestResponseBodyMethodProcessor.writeWithMessageConverters - Using 'application/json', given [*/*] and supported [application/json, application/*+json]
2026-05-26 09:29:56.596 [http-nio-8080-exec-1] DEBUG o.s.w.s.m.m.a.RequestResponseBodyMethodProcessor.traceDebug - Writing [[]]
2026-05-26 09:29:56.597 [http-nio-8080-exec-1] DEBUG o.s.web.servlet.DispatcherServlet.logResult - Completed 200 OK
2026-05-26 09:29:56.624 [http-nio-8080-exec-2] DEBUG o.s.web.servlet.DispatcherServlet.traceDebug - GET "/api/carrito", parameters={}
2026-05-26 09:29:56.624 [http-nio-8080-exec-2] DEBUG o.s.w.s.m.m.a.RequestMappingHandlerMapping.getHandler - Mapped to com.helene.backend.controller.CarritoController#obtener()
2026-05-26 09:29:56.624 [http-nio-8080-exec-2] INFO  c.h.b.controller.CarritoController.obtener - Obteniendo contenido del carrito
2026-05-26 09:29:56.625 [http-nio-8080-exec-2] DEBUG org.hibernate.SQL.logStatement - select u1_0.id,u1_0.email,u1_0.fecha_registro,u1_0.password,u1_0.username from usuarios u1_0 where u1_0.username=?
2026-05-26 09:29:56.626 [http-nio-8080-exec-2] DEBUG org.hibernate.SQL.logStatement - select r1_0.usuario_id,r1_1.id,r1_1.nombre from usuarios_roles r1_0 join roles r1_1 on r1_1.id=r1_0.rol_id where r1_0.usuario_id=?
2026-05-26 09:29:56.628 [http-nio-8080-exec-2] DEBUG org.hibernate.SQL.logStatement - select c1_0.id,c1_0.cantidad,c1_0.producto_id,c1_0.usuario_id from carrito_items c1_0 left join usuarios u1_0 on u1_0.id=c1_0.usuario_id where u1_0.id=?
2026-05-26 09:29:56.629 [http-nio-8080-exec-2] INFO  c.h.b.controller.CarritoController.obtener - Carrito obtenido con 0 items
2026-05-26 09:29:56.629 [http-nio-8080-exec-2] DEBUG o.s.w.s.m.m.a.RequestResponseBodyMethodProcessor.writeWithMessageConverters - Using 'application/json', given [*/*] and supported [application/json, application/*+json]
2026-05-26 09:29:56.630 [http-nio-8080-exec-2] DEBUG o.s.w.s.m.m.a.RequestResponseBodyMethodProcessor.traceDebug - Writing [[]]
2026-05-26 09:29:56.630 [http-nio-8080-exec-2] DEBUG o.s.web.servlet.DispatcherServlet.logResult - Completed 200 OK
2026-05-26 09:30:00.710 [http-nio-8080-exec-3] DEBUG o.s.web.servlet.DispatcherServlet.traceDebug - GET "/api/carrito", parameters={}
2026-05-26 09:30:00.710 [http-nio-8080-exec-3] DEBUG o.s.w.s.m.m.a.RequestMappingHandlerMapping.getHandler - Mapped to com.helene.backend.controller.CarritoController#obtener()
2026-05-26 09:30:00.711 [http-nio-8080-exec-3] INFO  c.h.b.controller.CarritoController.obtener - Obteniendo contenido del carrito
2026-05-26 09:30:00.713 [http-nio-8080-exec-3] DEBUG org.hibernate.SQL.logStatement - select u1_0.id,u1_0.email,u1_0.fecha_registro,u1_0.password,u1_0.username from usuarios u1_0 where u1_0.username=?
2026-05-26 09:30:00.714 [http-nio-8080-exec-3] DEBUG org.hibernate.SQL.logStatement - select r1_0.usuario_id,r1_1.id,r1_1.nombre from usuarios_roles r1_0 join roles r1_1 on r1_1.id=r1_0.rol_id where r1_0.usuario_id=?
2026-05-26 09:30:00.715 [http-nio-8080-exec-3] DEBUG org.hibernate.SQL.logStatement - select c1_0.id,c1_0.cantidad,c1_0.producto_id,c1_0.usuario_id from carrito_items c1_0 left join usuarios u1_0 on u1_0.id=c1_0.usuario_id where u1_0.id=?
2026-05-26 09:30:00.716 [http-nio-8080-exec-3] INFO  c.h.b.controller.CarritoController.obtener - Carrito obtenido con 0 items
2026-05-26 09:30:00.717 [http-nio-8080-exec-3] DEBUG o.s.w.s.m.m.a.RequestResponseBodyMethodProcessor.writeWithMessageConverters - Using 'application/json', given [*/*] and supported [application/json, application/*+json]
2026-05-26 09:30:00.717 [http-nio-8080-exec-3] DEBUG o.s.w.s.m.m.a.RequestResponseBodyMethodProcessor.traceDebug - Writing [[]]
2026-05-26 09:30:00.718 [http-nio-8080-exec-3] DEBUG o.s.web.servlet.DispatcherServlet.logResult - Completed 200 OK
2026-05-26 09:30:00.730 [http-nio-8080-exec-5] DEBUG o.s.web.servlet.DispatcherServlet.traceDebug - GET "/api/carrito", parameters={}
2026-05-26 09:30:00.731 [http-nio-8080-exec-5] DEBUG o.s.w.s.m.m.a.RequestMappingHandlerMapping.getHandler - Mapped to com.helene.backend.controller.CarritoController#obtener()
2026-05-26 09:30:00.731 [http-nio-8080-exec-5] INFO  c.h.b.controller.CarritoController.obtener - Obteniendo contenido del carrito
2026-05-26 09:30:00.732 [http-nio-8080-exec-5] DEBUG org.hibernate.SQL.logStatement - select u1_0.id,u1_0.email,u1_0.fecha_registro,u1_0.password,u1_0.username from usuarios u1_0 where u1_0.username=?
2026-05-26 09:30:00.733 [http-nio-8080-exec-5] DEBUG org.hibernate.SQL.logStatement - select r1_0.usuario_id,r1_1.id,r1_1.nombre from usuarios_roles r1_0 join roles r1_1 on r1_1.id=r1_0.rol_id where r1_0.usuario_id=?
2026-05-26 09:30:00.734 [http-nio-8080-exec-5] DEBUG org.hibernate.SQL.logStatement - select c1_0.id,c1_0.cantidad,c1_0.producto_id,c1_0.usuario_id from carrito_items c1_0 left join usuarios u1_0 on u1_0.id=c1_0.usuario_id where u1_0.id=?
2026-05-26 09:30:00.735 [http-nio-8080-exec-5] INFO  c.h.b.controller.CarritoController.obtener - Carrito obtenido con 0 items
2026-05-26 09:30:00.735 [http-nio-8080-exec-5] DEBUG o.s.w.s.m.m.a.RequestResponseBodyMethodProcessor.writeWithMessageConverters - Using 'application/json', given [*/*] and supported [application/json, application/*+json]
2026-05-26 09:30:00.735 [http-nio-8080-exec-5] DEBUG o.s.w.s.m.m.a.RequestResponseBodyMethodProcessor.traceDebug - Writing [[]]
2026-05-26 09:30:00.736 [http-nio-8080-exec-5] DEBUG o.s.web.servlet.DispatcherServlet.logResult - Completed 200 OK
2026-05-26 09:30:05.415 [http-nio-8080-exec-6] DEBUG o.s.web.servlet.DispatcherServlet.traceDebug - GET "/api/carrito", parameters={}
2026-05-26 09:30:05.416 [http-nio-8080-exec-6] DEBUG o.s.w.s.m.m.a.RequestMappingHandlerMapping.getHandler - Mapped to com.helene.backend.controller.CarritoController#obtener()
2026-05-26 09:30:05.416 [http-nio-8080-exec-6] INFO  c.h.b.controller.CarritoController.obtener - Obteniendo contenido del carrito
2026-05-26 09:30:05.417 [http-nio-8080-exec-6] DEBUG org.hibernate.SQL.logStatement - select u1_0.id,u1_0.email,u1_0.fecha_registro,u1_0.password,u1_0.username from usuarios u1_0 where u1_0.username=?
2026-05-26 09:30:05.419 [http-nio-8080-exec-6] DEBUG org.hibernate.SQL.logStatement - select r1_0.usuario_id,r1_1.id,r1_1.nombre from usuarios_roles r1_0 join roles r1_1 on r1_1.id=r1_0.rol_id where r1_0.usuario_id=?
2026-05-26 09:30:05.420 [http-nio-8080-exec-6] DEBUG org.hibernate.SQL.logStatement - select c1_0.id,c1_0.cantidad,c1_0.producto_id,c1_0.usuario_id from carrito_items c1_0 left join usuarios u1_0 on u1_0.id=c1_0.usuario_id where u1_0.id=?
2026-05-26 09:30:05.421 [http-nio-8080-exec-6] INFO  c.h.b.controller.CarritoController.obtener - Carrito obtenido con 0 items
2026-05-26 09:30:05.422 [http-nio-8080-exec-6] DEBUG o.s.w.s.m.m.a.RequestResponseBodyMethodProcessor.writeWithMessageConverters - Using 'application/json', given [*/*] and supported [application/json, application/*+json]
2026-05-26 09:30:05.422 [http-nio-8080-exec-6] DEBUG o.s.w.s.m.m.a.RequestResponseBodyMethodProcessor.traceDebug - Writing [[]]
2026-05-26 09:30:05.424 [http-nio-8080-exec-6] DEBUG o.s.web.servlet.DispatcherServlet.logResult - Completed 200 OK
2026-05-26 09:30:05.437 [http-nio-8080-exec-4] DEBUG o.s.web.servlet.DispatcherServlet.traceDebug - GET "/api/carrito", parameters={}
2026-05-26 09:30:05.437 [http-nio-8080-exec-4] DEBUG o.s.w.s.m.m.a.RequestMappingHandlerMapping.getHandler - Mapped to com.helene.backend.controller.CarritoController#obtener()
2026-05-26 09:30:05.438 [http-nio-8080-exec-4] INFO  c.h.b.controller.CarritoController.obtener - Obteniendo contenido del carrito
2026-05-26 09:30:05.438 [http-nio-8080-exec-4] DEBUG org.hibernate.SQL.logStatement - select u1_0.id,u1_0.email,u1_0.fecha_registro,u1_0.password,u1_0.username from usuarios u1_0 where u1_0.username=?
2026-05-26 09:30:05.441 [http-nio-8080-exec-4] DEBUG org.hibernate.SQL.logStatement - select r1_0.usuario_id,r1_1.id,r1_1.nombre from usuarios_roles r1_0 join roles r1_1 on r1_1.id=r1_0.rol_id where r1_0.usuario_id=?
2026-05-26 09:30:05.442 [http-nio-8080-exec-4] DEBUG org.hibernate.SQL.logStatement - select c1_0.id,c1_0.cantidad,c1_0.producto_id,c1_0.usuario_id from carrito_items c1_0 left join usuarios u1_0 on u1_0.id=c1_0.usuario_id where u1_0.id=?
2026-05-26 09:30:05.442 [http-nio-8080-exec-4] INFO  c.h.b.controller.CarritoController.obtener - Carrito obtenido con 0 items
2026-05-26 09:30:05.443 [http-nio-8080-exec-4] DEBUG o.s.w.s.m.m.a.RequestResponseBodyMethodProcessor.writeWithMessageConverters - Using 'application/json', given [*/*] and supported [application/json, application/*+json]
2026-05-26 09:30:05.443 [http-nio-8080-exec-4] DEBUG o.s.w.s.m.m.a.RequestResponseBodyMethodProcessor.traceDebug - Writing [[]]
2026-05-26 09:30:05.444 [http-nio-8080-exec-4] DEBUG o.s.web.servlet.DispatcherServlet.logResult - Completed 200 OK
2026-05-26 09:30:07.124 [http-nio-8080-exec-7] DEBUG o.s.web.servlet.DispatcherServlet.traceDebug - GET "/api/pedidos/usuario/1", parameters={}
2026-05-26 09:30:07.125 [http-nio-8080-exec-7] DEBUG o.s.w.s.m.m.a.RequestMappingHandlerMapping.getHandler - Mapped to com.helene.backend.controller.PedidoController#listarPorUsuario(Long)
2026-05-26 09:30:07.125 [http-nio-8080-exec-7] INFO  c.h.b.controller.PedidoController.listarPorUsuario - Obteniendo pedidos del usuarioId=1
2026-05-26 09:30:07.126 [http-nio-8080-exec-7] DEBUG org.hibernate.SQL.logStatement - select p1_0.id,p1_0.coste_envio,p1_0.descuento_aplicado,p1_0.calle,p1_0.ciudad,p1_0.codigo_postal,p1_0.instrucciones_especiales,p1_0.nombre_completo,p1_0.numero,p1_0.pais,p1_0.piso,p1_0.provincia,p1_0.telefono,p1_0.estado,p1_0.fecha_creacion,p1_0.fecha_entrega,p1_0.metodo_pago,p1_0.notas,p1_0.numero_pedido,p1_0.paypal_payment_id,p1_0.subtotal,p1_0.total,p1_0.usuario_id from pedidos p1_0 left join usuarios u1_0 on u1_0.id=p1_0.usuario_id where u1_0.id=?
2026-05-26 09:30:07.132 [http-nio-8080-exec-7] DEBUG org.hibernate.SQL.logStatement - select u1_0.id,u1_0.email,u1_0.fecha_registro,u1_0.password,r1_0.usuario_id,r1_1.id,r1_1.nombre,u1_0.username from usuarios u1_0 left join usuarios_roles r1_0 on u1_0.id=r1_0.usuario_id left join roles r1_1 on r1_1.id=r1_0.rol_id where u1_0.id=?
2026-05-26 09:30:07.134 [http-nio-8080-exec-7] DEBUG org.hibernate.SQL.logStatement - select i1_0.pedido_id,i1_0.id,i1_0.cantidad,i1_0.descuento_aplicado,i1_0.imagen_producto,i1_0.nombre_producto,i1_0.precio_unitario,i1_0.producto_id,i1_0.subtotal from pedido_items i1_0 where i1_0.pedido_id=?
2026-05-26 09:30:07.135 [http-nio-8080-exec-7] DEBUG org.hibernate.SQL.logStatement - select p1_0.id,p1_0.categoria_id,c1_0.id,c1_0.nombre,p1_0.descripcion,p1_0.descuento,p1_0.imagen_url,p1_0.nombre,p1_0.precio_final,p1_0.precio_original from productos p1_0 join categorias c1_0 on c1_0.id=p1_0.categoria_id where p1_0.id=?
2026-05-26 09:30:07.136 [http-nio-8080-exec-7] DEBUG org.hibernate.SQL.logStatement - select p1_0.id,p1_0.categoria_id,c1_0.id,c1_0.nombre,p1_0.descripcion,p1_0.descuento,p1_0.imagen_url,p1_0.nombre,p1_0.precio_final,p1_0.precio_original from productos p1_0 join categorias c1_0 on c1_0.id=p1_0.categoria_id where p1_0.id=?
2026-05-26 09:30:07.136 [http-nio-8080-exec-7] DEBUG org.hibernate.SQL.logStatement - select i1_0.pedido_id,i1_0.id,i1_0.cantidad,i1_0.descuento_aplicado,i1_0.imagen_producto,i1_0.nombre_producto,i1_0.precio_unitario,i1_0.producto_id,i1_0.subtotal from pedido_items i1_0 where i1_0.pedido_id=?
2026-05-26 09:30:07.137 [http-nio-8080-exec-7] DEBUG org.hibernate.SQL.logStatement - select i1_0.pedido_id,i1_0.id,i1_0.cantidad,i1_0.descuento_aplicado,i1_0.imagen_producto,i1_0.nombre_producto,i1_0.precio_unitario,i1_0.producto_id,i1_0.subtotal from pedido_items i1_0 where i1_0.pedido_id=?
2026-05-26 09:30:07.138 [http-nio-8080-exec-7] DEBUG org.hibernate.SQL.logStatement - select i1_0.pedido_id,i1_0.id,i1_0.cantidad,i1_0.descuento_aplicado,i1_0.imagen_producto,i1_0.nombre_producto,i1_0.precio_unitario,i1_0.producto_id,i1_0.subtotal from pedido_items i1_0 where i1_0.pedido_id=?
2026-05-26 09:30:07.139 [http-nio-8080-exec-7] DEBUG org.hibernate.SQL.logStatement - select i1_0.pedido_id,i1_0.id,i1_0.cantidad,i1_0.descuento_aplicado,i1_0.imagen_producto,i1_0.nombre_producto,i1_0.precio_unitario,i1_0.producto_id,i1_0.subtotal from pedido_items i1_0 where i1_0.pedido_id=?
2026-05-26 09:30:07.140 [http-nio-8080-exec-7] DEBUG org.hibernate.SQL.logStatement - select i1_0.pedido_id,i1_0.id,i1_0.cantidad,i1_0.descuento_aplicado,i1_0.imagen_producto,i1_0.nombre_producto,i1_0.precio_unitario,i1_0.producto_id,i1_0.subtotal from pedido_items i1_0 where i1_0.pedido_id=?
2026-05-26 09:30:07.140 [http-nio-8080-exec-7] DEBUG org.hibernate.SQL.logStatement - select i1_0.pedido_id,i1_0.id,i1_0.cantidad,i1_0.descuento_aplicado,i1_0.imagen_producto,i1_0.nombre_producto,i1_0.precio_unitario,i1_0.producto_id,i1_0.subtotal from pedido_items i1_0 where i1_0.pedido_id=?
2026-05-26 09:30:07.141 [http-nio-8080-exec-7] DEBUG org.hibernate.SQL.logStatement - select i1_0.pedido_id,i1_0.id,i1_0.cantidad,i1_0.descuento_aplicado,i1_0.imagen_producto,i1_0.nombre_producto,i1_0.precio_unitario,i1_0.producto_id,i1_0.subtotal from pedido_items i1_0 where i1_0.pedido_id=?
2026-05-26 09:30:07.142 [http-nio-8080-exec-7] DEBUG org.hibernate.SQL.logStatement - select i1_0.pedido_id,i1_0.id,i1_0.cantidad,i1_0.descuento_aplicado,i1_0.imagen_producto,i1_0.nombre_producto,i1_0.precio_unitario,i1_0.producto_id,i1_0.subtotal from pedido_items i1_0 where i1_0.pedido_id=?
2026-05-26 09:30:07.142 [http-nio-8080-exec-7] DEBUG org.hibernate.SQL.logStatement - select i1_0.pedido_id,i1_0.id,i1_0.cantidad,i1_0.descuento_aplicado,i1_0.imagen_producto,i1_0.nombre_producto,i1_0.precio_unitario,i1_0.producto_id,i1_0.subtotal from pedido_items i1_0 where i1_0.pedido_id=?
2026-05-26 09:30:07.143 [http-nio-8080-exec-7] DEBUG org.hibernate.SQL.logStatement - select i1_0.pedido_id,i1_0.id,i1_0.cantidad,i1_0.descuento_aplicado,i1_0.imagen_producto,i1_0.nombre_producto,i1_0.precio_unitario,i1_0.producto_id,i1_0.subtotal from pedido_items i1_0 where i1_0.pedido_id=?
2026-05-26 09:30:07.143 [http-nio-8080-exec-7] DEBUG org.hibernate.SQL.logStatement - select i1_0.pedido_id,i1_0.id,i1_0.cantidad,i1_0.descuento_aplicado,i1_0.imagen_producto,i1_0.nombre_producto,i1_0.precio_unitario,i1_0.producto_id,i1_0.subtotal from pedido_items i1_0 where i1_0.pedido_id=?
2026-05-26 09:30:07.144 [http-nio-8080-exec-7] DEBUG org.hibernate.SQL.logStatement - select i1_0.pedido_id,i1_0.id,i1_0.cantidad,i1_0.descuento_aplicado,i1_0.imagen_producto,i1_0.nombre_producto,i1_0.precio_unitario,i1_0.producto_id,i1_0.subtotal from pedido_items i1_0 where i1_0.pedido_id=?
2026-05-26 09:30:07.145 [http-nio-8080-exec-7] DEBUG org.hibernate.SQL.logStatement - select i1_0.pedido_id,i1_0.id,i1_0.cantidad,i1_0.descuento_aplicado,i1_0.imagen_producto,i1_0.nombre_producto,i1_0.precio_unitario,i1_0.producto_id,i1_0.subtotal from pedido_items i1_0 where i1_0.pedido_id=?
2026-05-26 09:30:07.146 [http-nio-8080-exec-7] DEBUG org.hibernate.SQL.logStatement - select i1_0.pedido_id,i1_0.id,i1_0.cantidad,i1_0.descuento_aplicado,i1_0.imagen_producto,i1_0.nombre_producto,i1_0.precio_unitario,i1_0.producto_id,i1_0.subtotal from pedido_items i1_0 where i1_0.pedido_id=?
2026-05-26 09:30:07.146 [http-nio-8080-exec-7] DEBUG org.hibernate.SQL.logStatement - select i1_0.pedido_id,i1_0.id,i1_0.cantidad,i1_0.descuento_aplicado,i1_0.imagen_producto,i1_0.nombre_producto,i1_0.precio_unitario,i1_0.producto_id,i1_0.subtotal from pedido_items i1_0 where i1_0.pedido_id=?
2026-05-26 09:30:07.147 [http-nio-8080-exec-7] DEBUG org.hibernate.SQL.logStatement - select i1_0.pedido_id,i1_0.id,i1_0.cantidad,i1_0.descuento_aplicado,i1_0.imagen_producto,i1_0.nombre_producto,i1_0.precio_unitario,i1_0.producto_id,i1_0.subtotal from pedido_items i1_0 where i1_0.pedido_id=?
2026-05-26 09:30:07.148 [http-nio-8080-exec-7] DEBUG org.hibernate.SQL.logStatement - select i1_0.pedido_id,i1_0.id,i1_0.cantidad,i1_0.descuento_aplicado,i1_0.imagen_producto,i1_0.nombre_producto,i1_0.precio_unitario,i1_0.producto_id,i1_0.subtotal from pedido_items i1_0 where i1_0.pedido_id=?
2026-05-26 09:30:07.148 [http-nio-8080-exec-7] DEBUG org.hibernate.SQL.logStatement - select i1_0.pedido_id,i1_0.id,i1_0.cantidad,i1_0.descuento_aplicado,i1_0.imagen_producto,i1_0.nombre_producto,i1_0.precio_unitario,i1_0.producto_id,i1_0.subtotal from pedido_items i1_0 where i1_0.pedido_id=?
2026-05-26 09:30:07.149 [http-nio-8080-exec-7] DEBUG org.hibernate.SQL.logStatement - select i1_0.pedido_id,i1_0.id,i1_0.cantidad,i1_0.descuento_aplicado,i1_0.imagen_producto,i1_0.nombre_producto,i1_0.precio_unitario,i1_0.producto_id,i1_0.subtotal from pedido_items i1_0 where i1_0.pedido_id=?
2026-05-26 09:30:07.150 [http-nio-8080-exec-7] DEBUG org.hibernate.SQL.logStatement - select i1_0.pedido_id,i1_0.id,i1_0.cantidad,i1_0.descuento_aplicado,i1_0.imagen_producto,i1_0.nombre_producto,i1_0.precio_unitario,i1_0.producto_id,i1_0.subtotal from pedido_items i1_0 where i1_0.pedido_id=?
2026-05-26 09:30:07.152 [http-nio-8080-exec-7] DEBUG org.hibernate.SQL.logStatement - select i1_0.pedido_id,i1_0.id,i1_0.cantidad,i1_0.descuento_aplicado,i1_0.imagen_producto,i1_0.nombre_producto,i1_0.precio_unitario,i1_0.producto_id,i1_0.subtotal from pedido_items i1_0 where i1_0.pedido_id=?
2026-05-26 09:30:07.153 [http-nio-8080-exec-7] DEBUG org.hibernate.SQL.logStatement - select i1_0.pedido_id,i1_0.id,i1_0.cantidad,i1_0.descuento_aplicado,i1_0.imagen_producto,i1_0.nombre_producto,i1_0.precio_unitario,i1_0.producto_id,i1_0.subtotal from pedido_items i1_0 where i1_0.pedido_id=?
2026-05-26 09:30:07.153 [http-nio-8080-exec-7] DEBUG org.hibernate.SQL.logStatement - select i1_0.pedido_id,i1_0.id,i1_0.cantidad,i1_0.descuento_aplicado,i1_0.imagen_producto,i1_0.nombre_producto,i1_0.precio_unitario,i1_0.producto_id,i1_0.subtotal from pedido_items i1_0 where i1_0.pedido_id=?
2026-05-26 09:30:07.154 [http-nio-8080-exec-7] DEBUG org.hibernate.SQL.logStatement - select i1_0.pedido_id,i1_0.id,i1_0.cantidad,i1_0.descuento_aplicado,i1_0.imagen_producto,i1_0.nombre_producto,i1_0.precio_unitario,i1_0.producto_id,i1_0.subtotal from pedido_items i1_0 where i1_0.pedido_id=?
2026-05-26 09:30:07.155 [http-nio-8080-exec-7] DEBUG org.hibernate.SQL.logStatement - select i1_0.pedido_id,i1_0.id,i1_0.cantidad,i1_0.descuento_aplicado,i1_0.imagen_producto,i1_0.nombre_producto,i1_0.precio_unitario,i1_0.producto_id,i1_0.subtotal from pedido_items i1_0 where i1_0.pedido_id=?
2026-05-26 09:30:07.155 [http-nio-8080-exec-7] DEBUG org.hibernate.SQL.logStatement - select i1_0.pedido_id,i1_0.id,i1_0.cantidad,i1_0.descuento_aplicado,i1_0.imagen_producto,i1_0.nombre_producto,i1_0.precio_unitario,i1_0.producto_id,i1_0.subtotal from pedido_items i1_0 where i1_0.pedido_id=?
2026-05-26 09:30:07.156 [http-nio-8080-exec-7] DEBUG org.hibernate.SQL.logStatement - select i1_0.pedido_id,i1_0.id,i1_0.cantidad,i1_0.descuento_aplicado,i1_0.imagen_producto,i1_0.nombre_producto,i1_0.precio_unitario,i1_0.producto_id,i1_0.subtotal from pedido_items i1_0 where i1_0.pedido_id=?
2026-05-26 09:30:07.156 [http-nio-8080-exec-7] DEBUG org.hibernate.SQL.logStatement - select i1_0.pedido_id,i1_0.id,i1_0.cantidad,i1_0.descuento_aplicado,i1_0.imagen_producto,i1_0.nombre_producto,i1_0.precio_unitario,i1_0.producto_id,i1_0.subtotal from pedido_items i1_0 where i1_0.pedido_id=?
2026-05-26 09:30:07.157 [http-nio-8080-exec-7] DEBUG org.hibernate.SQL.logStatement - select i1_0.pedido_id,i1_0.id,i1_0.cantidad,i1_0.descuento_aplicado,i1_0.imagen_producto,i1_0.nombre_producto,i1_0.precio_unitario,i1_0.producto_id,i1_0.subtotal from pedido_items i1_0 where i1_0.pedido_id=?
2026-05-26 09:30:07.157 [http-nio-8080-exec-7] DEBUG org.hibernate.SQL.logStatement - select i1_0.pedido_id,i1_0.id,i1_0.cantidad,i1_0.descuento_aplicado,i1_0.imagen_producto,i1_0.nombre_producto,i1_0.precio_unitario,i1_0.producto_id,i1_0.subtotal from pedido_items i1_0 where i1_0.pedido_id=?
2026-05-26 09:30:07.158 [http-nio-8080-exec-7] DEBUG org.hibernate.SQL.logStatement - select i1_0.pedido_id,i1_0.id,i1_0.cantidad,i1_0.descuento_aplicado,i1_0.imagen_producto,i1_0.nombre_producto,i1_0.precio_unitario,i1_0.producto_id,i1_0.subtotal from pedido_items i1_0 where i1_0.pedido_id=?
2026-05-26 09:30:07.159 [http-nio-8080-exec-7] INFO  c.h.b.controller.PedidoController.listarPorUsuario - Se devuelven 32 pedidos para usuarioId=1
2026-05-26 09:30:07.159 [http-nio-8080-exec-7] DEBUG o.s.w.s.m.m.a.HttpEntityMethodProcessor.writeWithMessageConverters - Using 'application/json', given [*/*] and supported [application/json, application/*+json]
2026-05-26 09:30:07.160 [http-nio-8080-exec-7] DEBUG o.s.w.s.m.m.a.HttpEntityMethodProcessor.traceDebug - Writing [[PedidoDTO(id=1, numeroPedido=HEL-2026-34300, fechaCreacion=2026-05-15T15:13:54.300423, fechaEntrega (truncated)...]
2026-05-26 09:30:07.161 [http-nio-8080-exec-7] DEBUG o.s.web.servlet.DispatcherServlet.logResult - Completed 200 OK
2026-05-26 09:30:16.747 [http-nio-8080-exec-8] DEBUG o.s.web.servlet.DispatcherServlet.traceDebug - GET "/api/carrito", parameters={}
2026-05-26 09:30:16.747 [http-nio-8080-exec-8] DEBUG o.s.w.s.m.m.a.RequestMappingHandlerMapping.getHandler - Mapped to com.helene.backend.controller.CarritoController#obtener()
2026-05-26 09:30:16.747 [http-nio-8080-exec-8] INFO  c.h.b.controller.CarritoController.obtener - Obteniendo contenido del carrito
2026-05-26 09:30:16.749 [http-nio-8080-exec-8] DEBUG org.hibernate.SQL.logStatement - select u1_0.id,u1_0.email,u1_0.fecha_registro,u1_0.password,u1_0.username from usuarios u1_0 where u1_0.username=?
2026-05-26 09:30:16.750 [http-nio-8080-exec-8] DEBUG org.hibernate.SQL.logStatement - select r1_0.usuario_id,r1_1.id,r1_1.nombre from usuarios_roles r1_0 join roles r1_1 on r1_1.id=r1_0.rol_id where r1_0.usuario_id=?
2026-05-26 09:30:16.751 [http-nio-8080-exec-8] DEBUG org.hibernate.SQL.logStatement - select c1_0.id,c1_0.cantidad,c1_0.producto_id,c1_0.usuario_id from carrito_items c1_0 left join usuarios u1_0 on u1_0.id=c1_0.usuario_id where u1_0.id=?
2026-05-26 09:30:16.752 [http-nio-8080-exec-8] INFO  c.h.b.controller.CarritoController.obtener - Carrito obtenido con 0 items
2026-05-26 09:30:16.752 [http-nio-8080-exec-8] DEBUG o.s.w.s.m.m.a.RequestResponseBodyMethodProcessor.writeWithMessageConverters - Using 'application/json', given [*/*] and supported [application/json, application/*+json]
2026-05-26 09:30:16.752 [http-nio-8080-exec-8] DEBUG o.s.w.s.m.m.a.RequestResponseBodyMethodProcessor.traceDebug - Writing [[]]
2026-05-26 09:30:16.753 [http-nio-8080-exec-8] DEBUG o.s.web.servlet.DispatcherServlet.logResult - Completed 200 OK
2026-05-26 09:32:46.169 [http-nio-8080-exec-3] DEBUG o.s.web.servlet.DispatcherServlet.traceDebug - GET "/api/carrito", parameters={}
2026-05-26 09:32:46.170 [http-nio-8080-exec-3] DEBUG o.s.w.s.m.m.a.RequestMappingHandlerMapping.getHandler - Mapped to com.helene.backend.controller.CarritoController#obtener()
2026-05-26 09:32:46.170 [http-nio-8080-exec-3] INFO  c.h.b.controller.CarritoController.obtener - Obteniendo contenido del carrito
2026-05-26 09:32:46.171 [http-nio-8080-exec-3] DEBUG org.hibernate.SQL.logStatement - select u1_0.id,u1_0.email,u1_0.fecha_registro,u1_0.password,u1_0.username from usuarios u1_0 where u1_0.username=?
2026-05-26 09:32:46.173 [http-nio-8080-exec-3] DEBUG org.hibernate.SQL.logStatement - select r1_0.usuario_id,r1_1.id,r1_1.nombre from usuarios_roles r1_0 join roles r1_1 on r1_1.id=r1_0.rol_id where r1_0.usuario_id=?
2026-05-26 09:32:46.175 [http-nio-8080-exec-3] DEBUG org.hibernate.SQL.logStatement - select c1_0.id,c1_0.cantidad,c1_0.producto_id,c1_0.usuario_id from carrito_items c1_0 left join usuarios u1_0 on u1_0.id=c1_0.usuario_id where u1_0.id=?
2026-05-26 09:32:46.176 [http-nio-8080-exec-3] INFO  c.h.b.controller.CarritoController.obtener - Carrito obtenido con 0 items
2026-05-26 09:32:46.177 [http-nio-8080-exec-3] DEBUG o.s.w.s.m.m.a.RequestResponseBodyMethodProcessor.writeWithMessageConverters - Using 'application/json', given [*/*] and supported [application/json, application/*+json]
2026-05-26 09:32:46.177 [http-nio-8080-exec-3] DEBUG o.s.w.s.m.m.a.RequestResponseBodyMethodProcessor.traceDebug - Writing [[]]
2026-05-26 09:32:46.177 [http-nio-8080-exec-3] DEBUG o.s.web.servlet.DispatcherServlet.logResult - Completed 200 OK
2026-05-26 09:32:46.217 [http-nio-8080-exec-5] DEBUG o.s.web.servlet.DispatcherServlet.traceDebug - GET "/api/carrito", parameters={}
2026-05-26 09:32:46.217 [http-nio-8080-exec-5] DEBUG o.s.w.s.m.m.a.RequestMappingHandlerMapping.getHandler - Mapped to com.helene.backend.controller.CarritoController#obtener()
2026-05-26 09:32:46.218 [http-nio-8080-exec-5] INFO  c.h.b.controller.CarritoController.obtener - Obteniendo contenido del carrito
2026-05-26 09:32:46.219 [http-nio-8080-exec-5] DEBUG org.hibernate.SQL.logStatement - select u1_0.id,u1_0.email,u1_0.fecha_registro,u1_0.password,u1_0.username from usuarios u1_0 where u1_0.username=?
2026-05-26 09:32:46.220 [http-nio-8080-exec-5] DEBUG org.hibernate.SQL.logStatement - select r1_0.usuario_id,r1_1.id,r1_1.nombre from usuarios_roles r1_0 join roles r1_1 on r1_1.id=r1_0.rol_id where r1_0.usuario_id=?
2026-05-26 09:32:46.221 [http-nio-8080-exec-5] DEBUG org.hibernate.SQL.logStatement - select c1_0.id,c1_0.cantidad,c1_0.producto_id,c1_0.usuario_id from carrito_items c1_0 left join usuarios u1_0 on u1_0.id=c1_0.usuario_id where u1_0.id=?
2026-05-26 09:32:46.221 [http-nio-8080-exec-5] INFO  c.h.b.controller.CarritoController.obtener - Carrito obtenido con 0 items
2026-05-26 09:32:46.221 [http-nio-8080-exec-5] DEBUG o.s.w.s.m.m.a.RequestResponseBodyMethodProcessor.writeWithMessageConverters - Using 'application/json', given [*/*] and supported [application/json, application/*+json]
2026-05-26 09:32:46.222 [http-nio-8080-exec-5] DEBUG o.s.w.s.m.m.a.RequestResponseBodyMethodProcessor.traceDebug - Writing [[]]
2026-05-26 09:32:46.222 [http-nio-8080-exec-5] DEBUG o.s.web.servlet.DispatcherServlet.logResult - Completed 200 OK
2026-05-26 09:32:47.439 [http-nio-8080-exec-6] DEBUG o.s.web.servlet.DispatcherServlet.traceDebug - GET "/api/carrito", parameters={}
2026-05-26 09:32:47.440 [http-nio-8080-exec-6] DEBUG o.s.w.s.m.m.a.RequestMappingHandlerMapping.getHandler - Mapped to com.helene.backend.controller.CarritoController#obtener()
2026-05-26 09:32:47.440 [http-nio-8080-exec-6] INFO  c.h.b.controller.CarritoController.obtener - Obteniendo contenido del carrito
2026-05-26 09:32:47.441 [http-nio-8080-exec-6] DEBUG org.hibernate.SQL.logStatement - select u1_0.id,u1_0.email,u1_0.fecha_registro,u1_0.password,u1_0.username from usuarios u1_0 where u1_0.username=?
2026-05-26 09:32:47.443 [http-nio-8080-exec-6] DEBUG org.hibernate.SQL.logStatement - select r1_0.usuario_id,r1_1.id,r1_1.nombre from usuarios_roles r1_0 join roles r1_1 on r1_1.id=r1_0.rol_id where r1_0.usuario_id=?
2026-05-26 09:32:47.445 [http-nio-8080-exec-6] DEBUG org.hibernate.SQL.logStatement - select c1_0.id,c1_0.cantidad,c1_0.producto_id,c1_0.usuario_id from carrito_items c1_0 left join usuarios u1_0 on u1_0.id=c1_0.usuario_id where u1_0.id=?
2026-05-26 09:32:47.446 [http-nio-8080-exec-6] INFO  c.h.b.controller.CarritoController.obtener - Carrito obtenido con 0 items
2026-05-26 09:32:47.446 [http-nio-8080-exec-6] DEBUG o.s.w.s.m.m.a.RequestResponseBodyMethodProcessor.writeWithMessageConverters - Using 'application/json', given [*/*] and supported [application/json, application/*+json]
2026-05-26 09:32:47.446 [http-nio-8080-exec-6] DEBUG o.s.w.s.m.m.a.RequestResponseBodyMethodProcessor.traceDebug - Writing [[]]
2026-05-26 09:32:47.446 [http-nio-8080-exec-6] DEBUG o.s.web.servlet.DispatcherServlet.logResult - Completed 200 OK
2026-05-26 09:32:47.464 [http-nio-8080-exec-4] DEBUG o.s.web.servlet.DispatcherServlet.traceDebug - GET "/api/carrito", parameters={}
2026-05-26 09:32:47.464 [http-nio-8080-exec-4] DEBUG o.s.w.s.m.m.a.RequestMappingHandlerMapping.getHandler - Mapped to com.helene.backend.controller.CarritoController#obtener()
2026-05-26 09:32:47.464 [http-nio-8080-exec-4] INFO  c.h.b.controller.CarritoController.obtener - Obteniendo contenido del carrito
2026-05-26 09:32:47.466 [http-nio-8080-exec-4] DEBUG org.hibernate.SQL.logStatement - select u1_0.id,u1_0.email,u1_0.fecha_registro,u1_0.password,u1_0.username from usuarios u1_0 where u1_0.username=?
2026-05-26 09:32:47.468 [http-nio-8080-exec-4] DEBUG org.hibernate.SQL.logStatement - select r1_0.usuario_id,r1_1.id,r1_1.nombre from usuarios_roles r1_0 join roles r1_1 on r1_1.id=r1_0.rol_id where r1_0.usuario_id=?
2026-05-26 09:32:47.470 [http-nio-8080-exec-4] DEBUG org.hibernate.SQL.logStatement - select c1_0.id,c1_0.cantidad,c1_0.producto_id,c1_0.usuario_id from carrito_items c1_0 left join usuarios u1_0 on u1_0.id=c1_0.usuario_id where u1_0.id=?
2026-05-26 09:32:47.471 [http-nio-8080-exec-4] INFO  c.h.b.controller.CarritoController.obtener - Carrito obtenido con 0 items
2026-05-26 09:32:47.471 [http-nio-8080-exec-4] DEBUG o.s.w.s.m.m.a.RequestResponseBodyMethodProcessor.writeWithMessageConverters - Using 'application/json', given [*/*] and supported [application/json, application/*+json]
2026-05-26 09:32:47.471 [http-nio-8080-exec-4] DEBUG o.s.w.s.m.m.a.RequestResponseBodyMethodProcessor.traceDebug - Writing [[]]
2026-05-26 09:32:47.472 [http-nio-8080-exec-4] DEBUG o.s.web.servlet.DispatcherServlet.logResult - Completed 200 OK
2026-05-26 09:32:52.966 [http-nio-8080-exec-7] DEBUG o.s.web.servlet.DispatcherServlet.traceDebug - GET "/api/carrito", parameters={}
2026-05-26 09:32:52.966 [http-nio-8080-exec-7] DEBUG o.s.w.s.m.m.a.RequestMappingHandlerMapping.getHandler - Mapped to com.helene.backend.controller.CarritoController#obtener()
2026-05-26 09:32:52.967 [http-nio-8080-exec-7] INFO  c.h.b.controller.CarritoController.obtener - Obteniendo contenido del carrito
2026-05-26 09:32:52.968 [http-nio-8080-exec-7] DEBUG org.hibernate.SQL.logStatement - select u1_0.id,u1_0.email,u1_0.fecha_registro,u1_0.password,u1_0.username from usuarios u1_0 where u1_0.username=?
2026-05-26 09:32:52.970 [http-nio-8080-exec-7] DEBUG org.hibernate.SQL.logStatement - select r1_0.usuario_id,r1_1.id,r1_1.nombre from usuarios_roles r1_0 join roles r1_1 on r1_1.id=r1_0.rol_id where r1_0.usuario_id=?
2026-05-26 09:32:52.972 [http-nio-8080-exec-7] DEBUG org.hibernate.SQL.logStatement - select c1_0.id,c1_0.cantidad,c1_0.producto_id,c1_0.usuario_id from carrito_items c1_0 left join usuarios u1_0 on u1_0.id=c1_0.usuario_id where u1_0.id=?
2026-05-26 09:32:52.973 [http-nio-8080-exec-7] INFO  c.h.b.controller.CarritoController.obtener - Carrito obtenido con 0 items
2026-05-26 09:32:52.973 [http-nio-8080-exec-7] DEBUG o.s.w.s.m.m.a.RequestResponseBodyMethodProcessor.writeWithMessageConverters - Using 'application/json', given [*/*] and supported [application/json, application/*+json]
2026-05-26 09:32:52.974 [http-nio-8080-exec-7] DEBUG o.s.w.s.m.m.a.RequestResponseBodyMethodProcessor.traceDebug - Writing [[]]
2026-05-26 09:32:52.975 [http-nio-8080-exec-7] DEBUG o.s.web.servlet.DispatcherServlet.logResult - Completed 200 OK
2026-05-26 09:32:56.960 [http-nio-8080-exec-8] DEBUG o.s.web.servlet.DispatcherServlet.traceDebug - GET "/api/carrito", parameters={}
2026-05-26 09:32:56.960 [http-nio-8080-exec-8] DEBUG o.s.w.s.m.m.a.RequestMappingHandlerMapping.getHandler - Mapped to com.helene.backend.controller.CarritoController#obtener()
2026-05-26 09:32:56.961 [http-nio-8080-exec-8] INFO  c.h.b.controller.CarritoController.obtener - Obteniendo contenido del carrito
2026-05-26 09:32:56.961 [http-nio-8080-exec-8] DEBUG org.hibernate.SQL.logStatement - select u1_0.id,u1_0.email,u1_0.fecha_registro,u1_0.password,u1_0.username from usuarios u1_0 where u1_0.username=?
2026-05-26 09:32:56.962 [http-nio-8080-exec-8] DEBUG org.hibernate.SQL.logStatement - select r1_0.usuario_id,r1_1.id,r1_1.nombre from usuarios_roles r1_0 join roles r1_1 on r1_1.id=r1_0.rol_id where r1_0.usuario_id=?
2026-05-26 09:32:56.963 [http-nio-8080-exec-8] DEBUG org.hibernate.SQL.logStatement - select c1_0.id,c1_0.cantidad,c1_0.producto_id,c1_0.usuario_id from carrito_items c1_0 left join usuarios u1_0 on u1_0.id=c1_0.usuario_id where u1_0.id=?
2026-05-26 09:32:56.964 [http-nio-8080-exec-8] INFO  c.h.b.controller.CarritoController.obtener - Carrito obtenido con 0 items
2026-05-26 09:32:56.964 [http-nio-8080-exec-8] DEBUG o.s.w.s.m.m.a.RequestResponseBodyMethodProcessor.writeWithMessageConverters - Using 'application/json', given [*/*] and supported [application/json, application/*+json]
2026-05-26 09:32:56.964 [http-nio-8080-exec-8] DEBUG o.s.w.s.m.m.a.RequestResponseBodyMethodProcessor.traceDebug - Writing [[]]
2026-05-26 09:32:56.965 [http-nio-8080-exec-8] DEBUG o.s.web.servlet.DispatcherServlet.logResult - Completed 200 OK
2026-05-26 09:32:56.984 [http-nio-8080-exec-9] DEBUG o.s.web.servlet.DispatcherServlet.traceDebug - GET "/api/carrito", parameters={}
2026-05-26 09:32:56.984 [http-nio-8080-exec-9] DEBUG o.s.w.s.m.m.a.RequestMappingHandlerMapping.getHandler - Mapped to com.helene.backend.controller.CarritoController#obtener()
2026-05-26 09:32:56.984 [http-nio-8080-exec-9] INFO  c.h.b.controller.CarritoController.obtener - Obteniendo contenido del carrito
2026-05-26 09:32:56.986 [http-nio-8080-exec-9] DEBUG org.hibernate.SQL.logStatement - select u1_0.id,u1_0.email,u1_0.fecha_registro,u1_0.password,u1_0.username from usuarios u1_0 where u1_0.username=?
2026-05-26 09:32:56.987 [http-nio-8080-exec-9] DEBUG org.hibernate.SQL.logStatement - select r1_0.usuario_id,r1_1.id,r1_1.nombre from usuarios_roles r1_0 join roles r1_1 on r1_1.id=r1_0.rol_id where r1_0.usuario_id=?
2026-05-26 09:32:56.988 [http-nio-8080-exec-9] DEBUG org.hibernate.SQL.logStatement - select c1_0.id,c1_0.cantidad,c1_0.producto_id,c1_0.usuario_id from carrito_items c1_0 left join usuarios u1_0 on u1_0.id=c1_0.usuario_id where u1_0.id=?
2026-05-26 09:32:56.989 [http-nio-8080-exec-9] INFO  c.h.b.controller.CarritoController.obtener - Carrito obtenido con 0 items
2026-05-26 09:32:56.989 [http-nio-8080-exec-9] DEBUG o.s.w.s.m.m.a.RequestResponseBodyMethodProcessor.writeWithMessageConverters - Using 'application/json', given [*/*] and supported [application/json, application/*+json]
2026-05-26 09:32:56.989 [http-nio-8080-exec-9] DEBUG o.s.w.s.m.m.a.RequestResponseBodyMethodProcessor.traceDebug - Writing [[]]
2026-05-26 09:32:56.990 [http-nio-8080-exec-9] DEBUG o.s.web.servlet.DispatcherServlet.logResult - Completed 200 OK
2026-05-26 09:32:57.933 [http-nio-8080-exec-10] DEBUG o.s.web.servlet.DispatcherServlet.traceDebug - GET "/api/carrito", parameters={}
2026-05-26 09:32:57.933 [http-nio-8080-exec-10] DEBUG o.s.w.s.m.m.a.RequestMappingHandlerMapping.getHandler - Mapped to com.helene.backend.controller.CarritoController#obtener()
2026-05-26 09:32:57.933 [http-nio-8080-exec-10] INFO  c.h.b.controller.CarritoController.obtener - Obteniendo contenido del carrito
2026-05-26 09:32:57.934 [http-nio-8080-exec-10] DEBUG org.hibernate.SQL.logStatement - select u1_0.id,u1_0.email,u1_0.fecha_registro,u1_0.password,u1_0.username from usuarios u1_0 where u1_0.username=?
2026-05-26 09:32:57.936 [http-nio-8080-exec-10] DEBUG org.hibernate.SQL.logStatement - select r1_0.usuario_id,r1_1.id,r1_1.nombre from usuarios_roles r1_0 join roles r1_1 on r1_1.id=r1_0.rol_id where r1_0.usuario_id=?
2026-05-26 09:32:57.937 [http-nio-8080-exec-10] DEBUG org.hibernate.SQL.logStatement - select c1_0.id,c1_0.cantidad,c1_0.producto_id,c1_0.usuario_id from carrito_items c1_0 left join usuarios u1_0 on u1_0.id=c1_0.usuario_id where u1_0.id=?
2026-05-26 09:32:57.939 [http-nio-8080-exec-10] INFO  c.h.b.controller.CarritoController.obtener - Carrito obtenido con 0 items
2026-05-26 09:32:57.939 [http-nio-8080-exec-10] DEBUG o.s.w.s.m.m.a.RequestResponseBodyMethodProcessor.writeWithMessageConverters - Using 'application/json', given [*/*] and supported [application/json, application/*+json]
2026-05-26 09:32:57.939 [http-nio-8080-exec-10] DEBUG o.s.w.s.m.m.a.RequestResponseBodyMethodProcessor.traceDebug - Writing [[]]
2026-05-26 09:32:57.941 [http-nio-8080-exec-10] DEBUG o.s.web.servlet.DispatcherServlet.logResult - Completed 200 OK
2026-05-26 09:32:57.952 [http-nio-8080-exec-1] DEBUG o.s.web.servlet.DispatcherServlet.traceDebug - GET "/api/carrito", parameters={}
2026-05-26 09:32:57.952 [http-nio-8080-exec-1] DEBUG o.s.w.s.m.m.a.RequestMappingHandlerMapping.getHandler - Mapped to com.helene.backend.controller.CarritoController#obtener()
2026-05-26 09:32:57.952 [http-nio-8080-exec-1] INFO  c.h.b.controller.CarritoController.obtener - Obteniendo contenido del carrito
2026-05-26 09:32:57.954 [http-nio-8080-exec-1] DEBUG org.hibernate.SQL.logStatement - select u1_0.id,u1_0.email,u1_0.fecha_registro,u1_0.password,u1_0.username from usuarios u1_0 where u1_0.username=?
2026-05-26 09:32:57.955 [http-nio-8080-exec-1] DEBUG org.hibernate.SQL.logStatement - select r1_0.usuario_id,r1_1.id,r1_1.nombre from usuarios_roles r1_0 join roles r1_1 on r1_1.id=r1_0.rol_id where r1_0.usuario_id=?
2026-05-26 09:32:57.957 [http-nio-8080-exec-1] DEBUG org.hibernate.SQL.logStatement - select c1_0.id,c1_0.cantidad,c1_0.producto_id,c1_0.usuario_id from carrito_items c1_0 left join usuarios u1_0 on u1_0.id=c1_0.usuario_id where u1_0.id=?
2026-05-26 09:32:57.958 [http-nio-8080-exec-1] INFO  c.h.b.controller.CarritoController.obtener - Carrito obtenido con 0 items
2026-05-26 09:32:57.958 [http-nio-8080-exec-1] DEBUG o.s.w.s.m.m.a.RequestResponseBodyMethodProcessor.writeWithMessageConverters - Using 'application/json', given [*/*] and supported [application/json, application/*+json]
2026-05-26 09:32:57.958 [http-nio-8080-exec-1] DEBUG o.s.w.s.m.m.a.RequestResponseBodyMethodProcessor.traceDebug - Writing [[]]
2026-05-26 09:32:57.959 [http-nio-8080-exec-1] DEBUG o.s.web.servlet.DispatcherServlet.logResult - Completed 200 OK
2026-05-26 09:32:59.553 [http-nio-8080-exec-2] DEBUG o.s.web.servlet.DispatcherServlet.traceDebug - GET "/api/carrito", parameters={}
2026-05-26 09:32:59.553 [http-nio-8080-exec-2] DEBUG o.s.w.s.m.m.a.RequestMappingHandlerMapping.getHandler - Mapped to com.helene.backend.controller.CarritoController#obtener()
2026-05-26 09:32:59.554 [http-nio-8080-exec-2] INFO  c.h.b.controller.CarritoController.obtener - Obteniendo contenido del carrito
2026-05-26 09:32:59.554 [http-nio-8080-exec-2] DEBUG org.hibernate.SQL.logStatement - select u1_0.id,u1_0.email,u1_0.fecha_registro,u1_0.password,u1_0.username from usuarios u1_0 where u1_0.username=?
2026-05-26 09:32:59.555 [http-nio-8080-exec-2] DEBUG org.hibernate.SQL.logStatement - select r1_0.usuario_id,r1_1.id,r1_1.nombre from usuarios_roles r1_0 join roles r1_1 on r1_1.id=r1_0.rol_id where r1_0.usuario_id=?
2026-05-26 09:32:59.556 [http-nio-8080-exec-2] DEBUG org.hibernate.SQL.logStatement - select c1_0.id,c1_0.cantidad,c1_0.producto_id,c1_0.usuario_id from carrito_items c1_0 left join usuarios u1_0 on u1_0.id=c1_0.usuario_id where u1_0.id=?
2026-05-26 09:32:59.558 [http-nio-8080-exec-2] INFO  c.h.b.controller.CarritoController.obtener - Carrito obtenido con 0 items
2026-05-26 09:32:59.558 [http-nio-8080-exec-2] DEBUG o.s.w.s.m.m.a.RequestResponseBodyMethodProcessor.writeWithMessageConverters - Using 'application/json', given [*/*] and supported [application/json, application/*+json]
2026-05-26 09:32:59.558 [http-nio-8080-exec-2] DEBUG o.s.w.s.m.m.a.RequestResponseBodyMethodProcessor.traceDebug - Writing [[]]
2026-05-26 09:32:59.559 [http-nio-8080-exec-2] DEBUG o.s.web.servlet.DispatcherServlet.logResult - Completed 200 OK
2026-05-26 09:33:06.128 [http-nio-8080-exec-3] DEBUG o.s.web.servlet.DispatcherServlet.traceDebug - GET "/api/carrito", parameters={}
2026-05-26 09:33:06.128 [http-nio-8080-exec-3] DEBUG o.s.w.s.m.m.a.RequestMappingHandlerMapping.getHandler - Mapped to com.helene.backend.controller.CarritoController#obtener()
2026-05-26 09:33:06.128 [http-nio-8080-exec-3] INFO  c.h.b.controller.CarritoController.obtener - Obteniendo contenido del carrito
2026-05-26 09:33:06.129 [http-nio-8080-exec-3] DEBUG org.hibernate.SQL.logStatement - select u1_0.id,u1_0.email,u1_0.fecha_registro,u1_0.password,u1_0.username from usuarios u1_0 where u1_0.username=?
2026-05-26 09:33:06.130 [http-nio-8080-exec-3] DEBUG org.hibernate.SQL.logStatement - select r1_0.usuario_id,r1_1.id,r1_1.nombre from usuarios_roles r1_0 join roles r1_1 on r1_1.id=r1_0.rol_id where r1_0.usuario_id=?
2026-05-26 09:33:06.131 [http-nio-8080-exec-3] DEBUG org.hibernate.SQL.logStatement - select c1_0.id,c1_0.cantidad,c1_0.producto_id,c1_0.usuario_id from carrito_items c1_0 left join usuarios u1_0 on u1_0.id=c1_0.usuario_id where u1_0.id=?
2026-05-26 09:33:06.132 [http-nio-8080-exec-3] INFO  c.h.b.controller.CarritoController.obtener - Carrito obtenido con 0 items
2026-05-26 09:33:06.132 [http-nio-8080-exec-3] DEBUG o.s.w.s.m.m.a.RequestResponseBodyMethodProcessor.writeWithMessageConverters - Using 'application/json', given [*/*] and supported [application/json, application/*+json]
2026-05-26 09:33:06.132 [http-nio-8080-exec-3] DEBUG o.s.w.s.m.m.a.RequestResponseBodyMethodProcessor.traceDebug - Writing [[]]
2026-05-26 09:33:06.133 [http-nio-8080-exec-3] DEBUG o.s.web.servlet.DispatcherServlet.logResult - Completed 200 OK
2026-05-26 09:33:06.148 [http-nio-8080-exec-5] DEBUG o.s.web.servlet.DispatcherServlet.traceDebug - GET "/api/carrito", parameters={}
2026-05-26 09:33:06.148 [http-nio-8080-exec-5] DEBUG o.s.w.s.m.m.a.RequestMappingHandlerMapping.getHandler - Mapped to com.helene.backend.controller.CarritoController#obtener()
2026-05-26 09:33:06.148 [http-nio-8080-exec-5] INFO  c.h.b.controller.CarritoController.obtener - Obteniendo contenido del carrito
2026-05-26 09:33:06.149 [http-nio-8080-exec-5] DEBUG org.hibernate.SQL.logStatement - select u1_0.id,u1_0.email,u1_0.fecha_registro,u1_0.password,u1_0.username from usuarios u1_0 where u1_0.username=?
2026-05-26 09:33:06.150 [http-nio-8080-exec-5] DEBUG org.hibernate.SQL.logStatement - select r1_0.usuario_id,r1_1.id,r1_1.nombre from usuarios_roles r1_0 join roles r1_1 on r1_1.id=r1_0.rol_id where r1_0.usuario_id=?
2026-05-26 09:33:06.151 [http-nio-8080-exec-5] DEBUG org.hibernate.SQL.logStatement - select c1_0.id,c1_0.cantidad,c1_0.producto_id,c1_0.usuario_id from carrito_items c1_0 left join usuarios u1_0 on u1_0.id=c1_0.usuario_id where u1_0.id=?
2026-05-26 09:33:06.152 [http-nio-8080-exec-5] INFO  c.h.b.controller.CarritoController.obtener - Carrito obtenido con 0 items
2026-05-26 09:33:06.152 [http-nio-8080-exec-5] DEBUG o.s.w.s.m.m.a.RequestResponseBodyMethodProcessor.writeWithMessageConverters - Using 'application/json', given [*/*] and supported [application/json, application/*+json]
2026-05-26 09:33:06.152 [http-nio-8080-exec-5] DEBUG o.s.w.s.m.m.a.RequestResponseBodyMethodProcessor.traceDebug - Writing [[]]
2026-05-26 09:33:06.153 [http-nio-8080-exec-5] DEBUG o.s.web.servlet.DispatcherServlet.logResult - Completed 200 OK
2026-05-26 09:33:15.348 [http-nio-8080-exec-6] DEBUG o.s.web.servlet.DispatcherServlet.traceDebug - GET "/api/carrito", parameters={}
2026-05-26 09:33:15.349 [http-nio-8080-exec-6] DEBUG o.s.w.s.m.m.a.RequestMappingHandlerMapping.getHandler - Mapped to com.helene.backend.controller.CarritoController#obtener()
2026-05-26 09:33:15.349 [http-nio-8080-exec-6] INFO  c.h.b.controller.CarritoController.obtener - Obteniendo contenido del carrito
2026-05-26 09:33:15.349 [http-nio-8080-exec-6] DEBUG org.hibernate.SQL.logStatement - select u1_0.id,u1_0.email,u1_0.fecha_registro,u1_0.password,u1_0.username from usuarios u1_0 where u1_0.username=?
2026-05-26 09:33:15.350 [http-nio-8080-exec-6] DEBUG org.hibernate.SQL.logStatement - select r1_0.usuario_id,r1_1.id,r1_1.nombre from usuarios_roles r1_0 join roles r1_1 on r1_1.id=r1_0.rol_id where r1_0.usuario_id=?
2026-05-26 09:33:15.352 [http-nio-8080-exec-6] DEBUG org.hibernate.SQL.logStatement - select c1_0.id,c1_0.cantidad,c1_0.producto_id,c1_0.usuario_id from carrito_items c1_0 left join usuarios u1_0 on u1_0.id=c1_0.usuario_id where u1_0.id=?
2026-05-26 09:33:15.353 [http-nio-8080-exec-6] INFO  c.h.b.controller.CarritoController.obtener - Carrito obtenido con 0 items
2026-05-26 09:33:15.353 [http-nio-8080-exec-6] DEBUG o.s.w.s.m.m.a.RequestResponseBodyMethodProcessor.writeWithMessageConverters - Using 'application/json', given [*/*] and supported [application/json, application/*+json]
2026-05-26 09:33:15.353 [http-nio-8080-exec-6] DEBUG o.s.w.s.m.m.a.RequestResponseBodyMethodProcessor.traceDebug - Writing [[]]
2026-05-26 09:33:15.354 [http-nio-8080-exec-6] DEBUG o.s.web.servlet.DispatcherServlet.logResult - Completed 200 OK
2026-05-26 09:33:15.366 [http-nio-8080-exec-4] DEBUG o.s.web.servlet.DispatcherServlet.traceDebug - GET "/api/carrito", parameters={}
2026-05-26 09:33:15.366 [http-nio-8080-exec-4] DEBUG o.s.w.s.m.m.a.RequestMappingHandlerMapping.getHandler - Mapped to com.helene.backend.controller.CarritoController#obtener()
2026-05-26 09:33:15.366 [http-nio-8080-exec-4] INFO  c.h.b.controller.CarritoController.obtener - Obteniendo contenido del carrito
2026-05-26 09:33:15.367 [http-nio-8080-exec-4] DEBUG org.hibernate.SQL.logStatement - select u1_0.id,u1_0.email,u1_0.fecha_registro,u1_0.password,u1_0.username from usuarios u1_0 where u1_0.username=?
2026-05-26 09:33:15.369 [http-nio-8080-exec-4] DEBUG org.hibernate.SQL.logStatement - select r1_0.usuario_id,r1_1.id,r1_1.nombre from usuarios_roles r1_0 join roles r1_1 on r1_1.id=r1_0.rol_id where r1_0.usuario_id=?
2026-05-26 09:33:15.370 [http-nio-8080-exec-4] DEBUG org.hibernate.SQL.logStatement - select c1_0.id,c1_0.cantidad,c1_0.producto_id,c1_0.usuario_id from carrito_items c1_0 left join usuarios u1_0 on u1_0.id=c1_0.usuario_id where u1_0.id=?
2026-05-26 09:33:15.371 [http-nio-8080-exec-4] INFO  c.h.b.controller.CarritoController.obtener - Carrito obtenido con 0 items
2026-05-26 09:33:15.371 [http-nio-8080-exec-4] DEBUG o.s.w.s.m.m.a.RequestResponseBodyMethodProcessor.writeWithMessageConverters - Using 'application/json', given [*/*] and supported [application/json, application/*+json]
2026-05-26 09:33:15.372 [http-nio-8080-exec-4] DEBUG o.s.w.s.m.m.a.RequestResponseBodyMethodProcessor.traceDebug - Writing [[]]
2026-05-26 09:33:15.372 [http-nio-8080-exec-4] DEBUG o.s.web.servlet.DispatcherServlet.logResult - Completed 200 OK
2026-05-26 09:33:22.260 [http-nio-8080-exec-7] DEBUG o.s.web.servlet.DispatcherServlet.traceDebug - GET "/api/carrito", parameters={}
2026-05-26 09:33:22.260 [http-nio-8080-exec-7] DEBUG o.s.w.s.m.m.a.RequestMappingHandlerMapping.getHandler - Mapped to com.helene.backend.controller.CarritoController#obtener()
2026-05-26 09:33:22.261 [http-nio-8080-exec-7] INFO  c.h.b.controller.CarritoController.obtener - Obteniendo contenido del carrito
2026-05-26 09:33:22.261 [http-nio-8080-exec-7] DEBUG org.hibernate.SQL.logStatement - select u1_0.id,u1_0.email,u1_0.fecha_registro,u1_0.password,u1_0.username from usuarios u1_0 where u1_0.username=?
2026-05-26 09:33:22.262 [http-nio-8080-exec-7] DEBUG org.hibernate.SQL.logStatement - select r1_0.usuario_id,r1_1.id,r1_1.nombre from usuarios_roles r1_0 join roles r1_1 on r1_1.id=r1_0.rol_id where r1_0.usuario_id=?
2026-05-26 09:33:22.264 [http-nio-8080-exec-7] DEBUG org.hibernate.SQL.logStatement - select c1_0.id,c1_0.cantidad,c1_0.producto_id,c1_0.usuario_id from carrito_items c1_0 left join usuarios u1_0 on u1_0.id=c1_0.usuario_id where u1_0.id=?
2026-05-26 09:33:22.265 [http-nio-8080-exec-7] INFO  c.h.b.controller.CarritoController.obtener - Carrito obtenido con 0 items
2026-05-26 09:33:22.265 [http-nio-8080-exec-7] DEBUG o.s.w.s.m.m.a.RequestResponseBodyMethodProcessor.writeWithMessageConverters - Using 'application/json', given [*/*] and supported [application/json, application/*+json]
2026-05-26 09:33:22.265 [http-nio-8080-exec-7] DEBUG o.s.w.s.m.m.a.RequestResponseBodyMethodProcessor.traceDebug - Writing [[]]
2026-05-26 09:33:22.266 [http-nio-8080-exec-7] DEBUG o.s.web.servlet.DispatcherServlet.logResult - Completed 200 OK
2026-05-26 09:33:22.276 [http-nio-8080-exec-8] DEBUG o.s.web.servlet.DispatcherServlet.traceDebug - GET "/api/carrito", parameters={}
2026-05-26 09:33:22.276 [http-nio-8080-exec-8] DEBUG o.s.w.s.m.m.a.RequestMappingHandlerMapping.getHandler - Mapped to com.helene.backend.controller.CarritoController#obtener()
2026-05-26 09:33:22.278 [http-nio-8080-exec-8] INFO  c.h.b.controller.CarritoController.obtener - Obteniendo contenido del carrito
2026-05-26 09:33:22.279 [http-nio-8080-exec-8] DEBUG org.hibernate.SQL.logStatement - select u1_0.id,u1_0.email,u1_0.fecha_registro,u1_0.password,u1_0.username from usuarios u1_0 where u1_0.username=?
2026-05-26 09:33:22.280 [http-nio-8080-exec-8] DEBUG org.hibernate.SQL.logStatement - select r1_0.usuario_id,r1_1.id,r1_1.nombre from usuarios_roles r1_0 join roles r1_1 on r1_1.id=r1_0.rol_id where r1_0.usuario_id=?
2026-05-26 09:33:22.282 [http-nio-8080-exec-8] DEBUG org.hibernate.SQL.logStatement - select c1_0.id,c1_0.cantidad,c1_0.producto_id,c1_0.usuario_id from carrito_items c1_0 left join usuarios u1_0 on u1_0.id=c1_0.usuario_id where u1_0.id=?
2026-05-26 09:33:22.282 [http-nio-8080-exec-8] INFO  c.h.b.controller.CarritoController.obtener - Carrito obtenido con 0 items
2026-05-26 09:33:22.282 [http-nio-8080-exec-8] DEBUG o.s.w.s.m.m.a.RequestResponseBodyMethodProcessor.writeWithMessageConverters - Using 'application/json', given [*/*] and supported [application/json, application/*+json]
2026-05-26 09:33:22.282 [http-nio-8080-exec-8] DEBUG o.s.w.s.m.m.a.RequestResponseBodyMethodProcessor.traceDebug - Writing [[]]
2026-05-26 09:33:22.283 [http-nio-8080-exec-8] DEBUG o.s.web.servlet.DispatcherServlet.logResult - Completed 200 OK
2026-05-26 09:35:55.979 [http-nio-8080-exec-4] DEBUG o.s.web.servlet.DispatcherServlet.traceDebug - GET "/api/carrito", parameters={}
2026-05-26 09:35:55.980 [http-nio-8080-exec-4] DEBUG o.s.w.s.m.m.a.RequestMappingHandlerMapping.getHandler - Mapped to com.helene.backend.controller.CarritoController#obtener()
2026-05-26 09:35:55.980 [http-nio-8080-exec-4] INFO  c.h.b.controller.CarritoController.obtener - Obteniendo contenido del carrito
2026-05-26 09:35:55.981 [http-nio-8080-exec-4] DEBUG org.hibernate.SQL.logStatement - select u1_0.id,u1_0.email,u1_0.fecha_registro,u1_0.password,u1_0.username from usuarios u1_0 where u1_0.username=?
2026-05-26 09:35:55.982 [http-nio-8080-exec-4] DEBUG org.hibernate.SQL.logStatement - select r1_0.usuario_id,r1_1.id,r1_1.nombre from usuarios_roles r1_0 join roles r1_1 on r1_1.id=r1_0.rol_id where r1_0.usuario_id=?
2026-05-26 09:35:55.985 [http-nio-8080-exec-4] DEBUG org.hibernate.SQL.logStatement - select c1_0.id,c1_0.cantidad,c1_0.producto_id,c1_0.usuario_id from carrito_items c1_0 left join usuarios u1_0 on u1_0.id=c1_0.usuario_id where u1_0.id=?
2026-05-26 09:35:55.986 [http-nio-8080-exec-4] INFO  c.h.b.controller.CarritoController.obtener - Carrito obtenido con 0 items
2026-05-26 09:35:55.986 [http-nio-8080-exec-4] DEBUG o.s.w.s.m.m.a.RequestResponseBodyMethodProcessor.writeWithMessageConverters - Using 'application/json', given [*/*] and supported [application/json, application/*+json]
2026-05-26 09:35:55.986 [http-nio-8080-exec-4] DEBUG o.s.w.s.m.m.a.RequestResponseBodyMethodProcessor.traceDebug - Writing [[]]
2026-05-26 09:35:55.987 [http-nio-8080-exec-4] DEBUG o.s.web.servlet.DispatcherServlet.logResult - Completed 200 OK
2026-05-26 09:35:56.026 [http-nio-8080-exec-7] DEBUG o.s.web.servlet.DispatcherServlet.traceDebug - GET "/api/carrito", parameters={}
2026-05-26 09:35:56.026 [http-nio-8080-exec-7] DEBUG o.s.w.s.m.m.a.RequestMappingHandlerMapping.getHandler - Mapped to com.helene.backend.controller.CarritoController#obtener()
2026-05-26 09:35:56.027 [http-nio-8080-exec-7] INFO  c.h.b.controller.CarritoController.obtener - Obteniendo contenido del carrito
2026-05-26 09:35:56.028 [http-nio-8080-exec-7] DEBUG org.hibernate.SQL.logStatement - select u1_0.id,u1_0.email,u1_0.fecha_registro,u1_0.password,u1_0.username from usuarios u1_0 where u1_0.username=?
2026-05-26 09:35:56.028 [http-nio-8080-exec-7] DEBUG org.hibernate.SQL.logStatement - select r1_0.usuario_id,r1_1.id,r1_1.nombre from usuarios_roles r1_0 join roles r1_1 on r1_1.id=r1_0.rol_id where r1_0.usuario_id=?
2026-05-26 09:35:56.030 [http-nio-8080-exec-7] DEBUG org.hibernate.SQL.logStatement - select c1_0.id,c1_0.cantidad,c1_0.producto_id,c1_0.usuario_id from carrito_items c1_0 left join usuarios u1_0 on u1_0.id=c1_0.usuario_id where u1_0.id=?
2026-05-26 09:35:56.032 [http-nio-8080-exec-7] INFO  c.h.b.controller.CarritoController.obtener - Carrito obtenido con 0 items
2026-05-26 09:35:56.032 [http-nio-8080-exec-7] DEBUG o.s.w.s.m.m.a.RequestResponseBodyMethodProcessor.writeWithMessageConverters - Using 'application/json', given [*/*] and supported [application/json, application/*+json]
2026-05-26 09:35:56.032 [http-nio-8080-exec-7] DEBUG o.s.w.s.m.m.a.RequestResponseBodyMethodProcessor.traceDebug - Writing [[]]
2026-05-26 09:35:56.032 [http-nio-8080-exec-7] DEBUG o.s.web.servlet.DispatcherServlet.logResult - Completed 200 OK
2026-05-26 09:36:13.998 [http-nio-8080-exec-8] DEBUG o.s.web.servlet.DispatcherServlet.traceDebug - GET "/api/carrito", parameters={}
2026-05-26 09:36:13.998 [http-nio-8080-exec-8] DEBUG o.s.w.s.m.m.a.RequestMappingHandlerMapping.getHandler - Mapped to com.helene.backend.controller.CarritoController#obtener()
2026-05-26 09:36:13.998 [http-nio-8080-exec-8] INFO  c.h.b.controller.CarritoController.obtener - Obteniendo contenido del carrito
2026-05-26 09:36:13.999 [http-nio-8080-exec-8] DEBUG org.hibernate.SQL.logStatement - select u1_0.id,u1_0.email,u1_0.fecha_registro,u1_0.password,u1_0.username from usuarios u1_0 where u1_0.username=?
2026-05-26 09:36:14.001 [http-nio-8080-exec-8] DEBUG org.hibernate.SQL.logStatement - select r1_0.usuario_id,r1_1.id,r1_1.nombre from usuarios_roles r1_0 join roles r1_1 on r1_1.id=r1_0.rol_id where r1_0.usuario_id=?
2026-05-26 09:36:14.003 [http-nio-8080-exec-8] DEBUG org.hibernate.SQL.logStatement - select c1_0.id,c1_0.cantidad,c1_0.producto_id,c1_0.usuario_id from carrito_items c1_0 left join usuarios u1_0 on u1_0.id=c1_0.usuario_id where u1_0.id=?
2026-05-26 09:36:14.005 [http-nio-8080-exec-8] INFO  c.h.b.controller.CarritoController.obtener - Carrito obtenido con 0 items
2026-05-26 09:36:14.005 [http-nio-8080-exec-8] DEBUG o.s.w.s.m.m.a.RequestResponseBodyMethodProcessor.writeWithMessageConverters - Using 'application/json', given [*/*] and supported [application/json, application/*+json]
2026-05-26 09:36:14.005 [http-nio-8080-exec-8] DEBUG o.s.w.s.m.m.a.RequestResponseBodyMethodProcessor.traceDebug - Writing [[]]
2026-05-26 09:36:14.005 [http-nio-8080-exec-8] DEBUG o.s.web.servlet.DispatcherServlet.logResult - Completed 200 OK
2026-05-26 09:36:19.928 [http-nio-8080-exec-9] DEBUG o.s.web.servlet.DispatcherServlet.traceDebug - GET "/api/pedidos/usuario/1", parameters={}
2026-05-26 09:36:19.929 [http-nio-8080-exec-9] DEBUG o.s.w.s.m.m.a.RequestMappingHandlerMapping.getHandler - Mapped to com.helene.backend.controller.PedidoController#listarPorUsuario(Long)
2026-05-26 09:36:19.929 [http-nio-8080-exec-9] INFO  c.h.b.controller.PedidoController.listarPorUsuario - Obteniendo pedidos del usuarioId=1
2026-05-26 09:36:19.930 [http-nio-8080-exec-9] DEBUG org.hibernate.SQL.logStatement - select p1_0.id,p1_0.coste_envio,p1_0.descuento_aplicado,p1_0.calle,p1_0.ciudad,p1_0.codigo_postal,p1_0.instrucciones_especiales,p1_0.nombre_completo,p1_0.numero,p1_0.pais,p1_0.piso,p1_0.provincia,p1_0.telefono,p1_0.estado,p1_0.fecha_creacion,p1_0.fecha_entrega,p1_0.metodo_pago,p1_0.notas,p1_0.numero_pedido,p1_0.paypal_payment_id,p1_0.subtotal,p1_0.total,p1_0.usuario_id from pedidos p1_0 left join usuarios u1_0 on u1_0.id=p1_0.usuario_id where u1_0.id=?
2026-05-26 09:36:19.938 [http-nio-8080-exec-9] DEBUG org.hibernate.SQL.logStatement - select u1_0.id,u1_0.email,u1_0.fecha_registro,u1_0.password,r1_0.usuario_id,r1_1.id,r1_1.nombre,u1_0.username from usuarios u1_0 left join usuarios_roles r1_0 on u1_0.id=r1_0.usuario_id left join roles r1_1 on r1_1.id=r1_0.rol_id where u1_0.id=?
2026-05-26 09:36:19.939 [http-nio-8080-exec-9] DEBUG org.hibernate.SQL.logStatement - select i1_0.pedido_id,i1_0.id,i1_0.cantidad,i1_0.descuento_aplicado,i1_0.imagen_producto,i1_0.nombre_producto,i1_0.precio_unitario,i1_0.producto_id,i1_0.subtotal from pedido_items i1_0 where i1_0.pedido_id=?
2026-05-26 09:36:19.940 [http-nio-8080-exec-9] DEBUG org.hibernate.SQL.logStatement - select p1_0.id,p1_0.categoria_id,c1_0.id,c1_0.nombre,p1_0.descripcion,p1_0.descuento,p1_0.imagen_url,p1_0.nombre,p1_0.precio_final,p1_0.precio_original from productos p1_0 join categorias c1_0 on c1_0.id=p1_0.categoria_id where p1_0.id=?
2026-05-26 09:36:19.941 [http-nio-8080-exec-9] DEBUG org.hibernate.SQL.logStatement - select p1_0.id,p1_0.categoria_id,c1_0.id,c1_0.nombre,p1_0.descripcion,p1_0.descuento,p1_0.imagen_url,p1_0.nombre,p1_0.precio_final,p1_0.precio_original from productos p1_0 join categorias c1_0 on c1_0.id=p1_0.categoria_id where p1_0.id=?
2026-05-26 09:36:19.942 [http-nio-8080-exec-9] DEBUG org.hibernate.SQL.logStatement - select i1_0.pedido_id,i1_0.id,i1_0.cantidad,i1_0.descuento_aplicado,i1_0.imagen_producto,i1_0.nombre_producto,i1_0.precio_unitario,i1_0.producto_id,i1_0.subtotal from pedido_items i1_0 where i1_0.pedido_id=?
2026-05-26 09:36:19.943 [http-nio-8080-exec-9] DEBUG org.hibernate.SQL.logStatement - select i1_0.pedido_id,i1_0.id,i1_0.cantidad,i1_0.descuento_aplicado,i1_0.imagen_producto,i1_0.nombre_producto,i1_0.precio_unitario,i1_0.producto_id,i1_0.subtotal from pedido_items i1_0 where i1_0.pedido_id=?
2026-05-26 09:36:19.943 [http-nio-8080-exec-9] DEBUG org.hibernate.SQL.logStatement - select i1_0.pedido_id,i1_0.id,i1_0.cantidad,i1_0.descuento_aplicado,i1_0.imagen_producto,i1_0.nombre_producto,i1_0.precio_unitario,i1_0.producto_id,i1_0.subtotal from pedido_items i1_0 where i1_0.pedido_id=?
2026-05-26 09:36:19.944 [http-nio-8080-exec-9] DEBUG org.hibernate.SQL.logStatement - select i1_0.pedido_id,i1_0.id,i1_0.cantidad,i1_0.descuento_aplicado,i1_0.imagen_producto,i1_0.nombre_producto,i1_0.precio_unitario,i1_0.producto_id,i1_0.subtotal from pedido_items i1_0 where i1_0.pedido_id=?
2026-05-26 09:36:19.944 [http-nio-8080-exec-9] DEBUG org.hibernate.SQL.logStatement - select i1_0.pedido_id,i1_0.id,i1_0.cantidad,i1_0.descuento_aplicado,i1_0.imagen_producto,i1_0.nombre_producto,i1_0.precio_unitario,i1_0.producto_id,i1_0.subtotal from pedido_items i1_0 where i1_0.pedido_id=?
2026-05-26 09:36:19.945 [http-nio-8080-exec-9] DEBUG org.hibernate.SQL.logStatement - select i1_0.pedido_id,i1_0.id,i1_0.cantidad,i1_0.descuento_aplicado,i1_0.imagen_producto,i1_0.nombre_producto,i1_0.precio_unitario,i1_0.producto_id,i1_0.subtotal from pedido_items i1_0 where i1_0.pedido_id=?
2026-05-26 09:36:19.946 [http-nio-8080-exec-9] DEBUG org.hibernate.SQL.logStatement - select i1_0.pedido_id,i1_0.id,i1_0.cantidad,i1_0.descuento_aplicado,i1_0.imagen_producto,i1_0.nombre_producto,i1_0.precio_unitario,i1_0.producto_id,i1_0.subtotal from pedido_items i1_0 where i1_0.pedido_id=?
2026-05-26 09:36:19.947 [http-nio-8080-exec-9] DEBUG org.hibernate.SQL.logStatement - select i1_0.pedido_id,i1_0.id,i1_0.cantidad,i1_0.descuento_aplicado,i1_0.imagen_producto,i1_0.nombre_producto,i1_0.precio_unitario,i1_0.producto_id,i1_0.subtotal from pedido_items i1_0 where i1_0.pedido_id=?
2026-05-26 09:36:19.947 [http-nio-8080-exec-9] DEBUG org.hibernate.SQL.logStatement - select i1_0.pedido_id,i1_0.id,i1_0.cantidad,i1_0.descuento_aplicado,i1_0.imagen_producto,i1_0.nombre_producto,i1_0.precio_unitario,i1_0.producto_id,i1_0.subtotal from pedido_items i1_0 where i1_0.pedido_id=?
2026-05-26 09:36:19.948 [http-nio-8080-exec-9] DEBUG org.hibernate.SQL.logStatement - select i1_0.pedido_id,i1_0.id,i1_0.cantidad,i1_0.descuento_aplicado,i1_0.imagen_producto,i1_0.nombre_producto,i1_0.precio_unitario,i1_0.producto_id,i1_0.subtotal from pedido_items i1_0 where i1_0.pedido_id=?
2026-05-26 09:36:19.948 [http-nio-8080-exec-9] DEBUG org.hibernate.SQL.logStatement - select i1_0.pedido_id,i1_0.id,i1_0.cantidad,i1_0.descuento_aplicado,i1_0.imagen_producto,i1_0.nombre_producto,i1_0.precio_unitario,i1_0.producto_id,i1_0.subtotal from pedido_items i1_0 where i1_0.pedido_id=?
2026-05-26 09:36:19.948 [http-nio-8080-exec-9] DEBUG org.hibernate.SQL.logStatement - select i1_0.pedido_id,i1_0.id,i1_0.cantidad,i1_0.descuento_aplicado,i1_0.imagen_producto,i1_0.nombre_producto,i1_0.precio_unitario,i1_0.producto_id,i1_0.subtotal from pedido_items i1_0 where i1_0.pedido_id=?
2026-05-26 09:36:19.949 [http-nio-8080-exec-9] DEBUG org.hibernate.SQL.logStatement - select i1_0.pedido_id,i1_0.id,i1_0.cantidad,i1_0.descuento_aplicado,i1_0.imagen_producto,i1_0.nombre_producto,i1_0.precio_unitario,i1_0.producto_id,i1_0.subtotal from pedido_items i1_0 where i1_0.pedido_id=?
2026-05-26 09:36:19.949 [http-nio-8080-exec-9] DEBUG org.hibernate.SQL.logStatement - select i1_0.pedido_id,i1_0.id,i1_0.cantidad,i1_0.descuento_aplicado,i1_0.imagen_producto,i1_0.nombre_producto,i1_0.precio_unitario,i1_0.producto_id,i1_0.subtotal from pedido_items i1_0 where i1_0.pedido_id=?
2026-05-26 09:36:19.950 [http-nio-8080-exec-9] DEBUG org.hibernate.SQL.logStatement - select i1_0.pedido_id,i1_0.id,i1_0.cantidad,i1_0.descuento_aplicado,i1_0.imagen_producto,i1_0.nombre_producto,i1_0.precio_unitario,i1_0.producto_id,i1_0.subtotal from pedido_items i1_0 where i1_0.pedido_id=?
2026-05-26 09:36:19.951 [http-nio-8080-exec-9] DEBUG org.hibernate.SQL.logStatement - select i1_0.pedido_id,i1_0.id,i1_0.cantidad,i1_0.descuento_aplicado,i1_0.imagen_producto,i1_0.nombre_producto,i1_0.precio_unitario,i1_0.producto_id,i1_0.subtotal from pedido_items i1_0 where i1_0.pedido_id=?
2026-05-26 09:36:19.951 [http-nio-8080-exec-9] DEBUG org.hibernate.SQL.logStatement - select i1_0.pedido_id,i1_0.id,i1_0.cantidad,i1_0.descuento_aplicado,i1_0.imagen_producto,i1_0.nombre_producto,i1_0.precio_unitario,i1_0.producto_id,i1_0.subtotal from pedido_items i1_0 where i1_0.pedido_id=?
2026-05-26 09:36:19.953 [http-nio-8080-exec-9] DEBUG org.hibernate.SQL.logStatement - select i1_0.pedido_id,i1_0.id,i1_0.cantidad,i1_0.descuento_aplicado,i1_0.imagen_producto,i1_0.nombre_producto,i1_0.precio_unitario,i1_0.producto_id,i1_0.subtotal from pedido_items i1_0 where i1_0.pedido_id=?
2026-05-26 09:36:19.954 [http-nio-8080-exec-9] DEBUG org.hibernate.SQL.logStatement - select i1_0.pedido_id,i1_0.id,i1_0.cantidad,i1_0.descuento_aplicado,i1_0.imagen_producto,i1_0.nombre_producto,i1_0.precio_unitario,i1_0.producto_id,i1_0.subtotal from pedido_items i1_0 where i1_0.pedido_id=?
2026-05-26 09:36:19.955 [http-nio-8080-exec-9] DEBUG org.hibernate.SQL.logStatement - select i1_0.pedido_id,i1_0.id,i1_0.cantidad,i1_0.descuento_aplicado,i1_0.imagen_producto,i1_0.nombre_producto,i1_0.precio_unitario,i1_0.producto_id,i1_0.subtotal from pedido_items i1_0 where i1_0.pedido_id=?
2026-05-26 09:36:19.956 [http-nio-8080-exec-9] DEBUG org.hibernate.SQL.logStatement - select i1_0.pedido_id,i1_0.id,i1_0.cantidad,i1_0.descuento_aplicado,i1_0.imagen_producto,i1_0.nombre_producto,i1_0.precio_unitario,i1_0.producto_id,i1_0.subtotal from pedido_items i1_0 where i1_0.pedido_id=?
2026-05-26 09:36:19.957 [http-nio-8080-exec-9] DEBUG org.hibernate.SQL.logStatement - select i1_0.pedido_id,i1_0.id,i1_0.cantidad,i1_0.descuento_aplicado,i1_0.imagen_producto,i1_0.nombre_producto,i1_0.precio_unitario,i1_0.producto_id,i1_0.subtotal from pedido_items i1_0 where i1_0.pedido_id=?
2026-05-26 09:36:19.957 [http-nio-8080-exec-9] DEBUG org.hibernate.SQL.logStatement - select i1_0.pedido_id,i1_0.id,i1_0.cantidad,i1_0.descuento_aplicado,i1_0.imagen_producto,i1_0.nombre_producto,i1_0.precio_unitario,i1_0.producto_id,i1_0.subtotal from pedido_items i1_0 where i1_0.pedido_id=?
2026-05-26 09:36:19.958 [http-nio-8080-exec-9] DEBUG org.hibernate.SQL.logStatement - select i1_0.pedido_id,i1_0.id,i1_0.cantidad,i1_0.descuento_aplicado,i1_0.imagen_producto,i1_0.nombre_producto,i1_0.precio_unitario,i1_0.producto_id,i1_0.subtotal from pedido_items i1_0 where i1_0.pedido_id=?
2026-05-26 09:36:19.959 [http-nio-8080-exec-9] DEBUG org.hibernate.SQL.logStatement - select i1_0.pedido_id,i1_0.id,i1_0.cantidad,i1_0.descuento_aplicado,i1_0.imagen_producto,i1_0.nombre_producto,i1_0.precio_unitario,i1_0.producto_id,i1_0.subtotal from pedido_items i1_0 where i1_0.pedido_id=?
2026-05-26 09:36:19.959 [http-nio-8080-exec-9] DEBUG org.hibernate.SQL.logStatement - select i1_0.pedido_id,i1_0.id,i1_0.cantidad,i1_0.descuento_aplicado,i1_0.imagen_producto,i1_0.nombre_producto,i1_0.precio_unitario,i1_0.producto_id,i1_0.subtotal from pedido_items i1_0 where i1_0.pedido_id=?
2026-05-26 09:36:19.959 [http-nio-8080-exec-9] DEBUG org.hibernate.SQL.logStatement - select i1_0.pedido_id,i1_0.id,i1_0.cantidad,i1_0.descuento_aplicado,i1_0.imagen_producto,i1_0.nombre_producto,i1_0.precio_unitario,i1_0.producto_id,i1_0.subtotal from pedido_items i1_0 where i1_0.pedido_id=?
2026-05-26 09:36:19.960 [http-nio-8080-exec-9] DEBUG org.hibernate.SQL.logStatement - select i1_0.pedido_id,i1_0.id,i1_0.cantidad,i1_0.descuento_aplicado,i1_0.imagen_producto,i1_0.nombre_producto,i1_0.precio_unitario,i1_0.producto_id,i1_0.subtotal from pedido_items i1_0 where i1_0.pedido_id=?
2026-05-26 09:36:19.960 [http-nio-8080-exec-9] DEBUG org.hibernate.SQL.logStatement - select i1_0.pedido_id,i1_0.id,i1_0.cantidad,i1_0.descuento_aplicado,i1_0.imagen_producto,i1_0.nombre_producto,i1_0.precio_unitario,i1_0.producto_id,i1_0.subtotal from pedido_items i1_0 where i1_0.pedido_id=?
2026-05-26 09:36:19.961 [http-nio-8080-exec-9] DEBUG org.hibernate.SQL.logStatement - select i1_0.pedido_id,i1_0.id,i1_0.cantidad,i1_0.descuento_aplicado,i1_0.imagen_producto,i1_0.nombre_producto,i1_0.precio_unitario,i1_0.producto_id,i1_0.subtotal from pedido_items i1_0 where i1_0.pedido_id=?
2026-05-26 09:36:19.962 [http-nio-8080-exec-9] DEBUG org.hibernate.SQL.logStatement - select i1_0.pedido_id,i1_0.id,i1_0.cantidad,i1_0.descuento_aplicado,i1_0.imagen_producto,i1_0.nombre_producto,i1_0.precio_unitario,i1_0.producto_id,i1_0.subtotal from pedido_items i1_0 where i1_0.pedido_id=?
2026-05-26 09:36:19.963 [http-nio-8080-exec-9] INFO  c.h.b.controller.PedidoController.listarPorUsuario - Se devuelven 32 pedidos para usuarioId=1
2026-05-26 09:36:19.963 [http-nio-8080-exec-9] DEBUG o.s.w.s.m.m.a.HttpEntityMethodProcessor.writeWithMessageConverters - Using 'application/json', given [*/*] and supported [application/json, application/*+json]
2026-05-26 09:36:19.963 [http-nio-8080-exec-9] DEBUG o.s.w.s.m.m.a.HttpEntityMethodProcessor.traceDebug - Writing [[PedidoDTO(id=1, numeroPedido=HEL-2026-34300, fechaCreacion=2026-05-15T15:13:54.300423, fechaEntrega (truncated)...]
2026-05-26 09:36:19.968 [http-nio-8080-exec-9] DEBUG o.s.web.servlet.DispatcherServlet.logResult - Completed 200 OK
2026-05-26 09:36:31.255 [http-nio-8080-exec-10] DEBUG o.s.web.servlet.DispatcherServlet.traceDebug - GET "/api/carrito", parameters={}
2026-05-26 09:36:31.255 [http-nio-8080-exec-10] DEBUG o.s.w.s.m.m.a.RequestMappingHandlerMapping.getHandler - Mapped to com.helene.backend.controller.CarritoController#obtener()
2026-05-26 09:36:31.256 [http-nio-8080-exec-10] INFO  c.h.b.controller.CarritoController.obtener - Obteniendo contenido del carrito
2026-05-26 09:36:31.256 [http-nio-8080-exec-10] DEBUG org.hibernate.SQL.logStatement - select u1_0.id,u1_0.email,u1_0.fecha_registro,u1_0.password,u1_0.username from usuarios u1_0 where u1_0.username=?
2026-05-26 09:36:31.257 [http-nio-8080-exec-10] DEBUG org.hibernate.SQL.logStatement - select r1_0.usuario_id,r1_1.id,r1_1.nombre from usuarios_roles r1_0 join roles r1_1 on r1_1.id=r1_0.rol_id where r1_0.usuario_id=?
2026-05-26 09:36:31.259 [http-nio-8080-exec-10] DEBUG org.hibernate.SQL.logStatement - select c1_0.id,c1_0.cantidad,c1_0.producto_id,c1_0.usuario_id from carrito_items c1_0 left join usuarios u1_0 on u1_0.id=c1_0.usuario_id where u1_0.id=?
2026-05-26 09:36:31.261 [http-nio-8080-exec-10] INFO  c.h.b.controller.CarritoController.obtener - Carrito obtenido con 0 items
2026-05-26 09:36:31.261 [http-nio-8080-exec-10] DEBUG o.s.w.s.m.m.a.RequestResponseBodyMethodProcessor.writeWithMessageConverters - Using 'application/json', given [*/*] and supported [application/json, application/*+json]
2026-05-26 09:36:31.261 [http-nio-8080-exec-10] DEBUG o.s.w.s.m.m.a.RequestResponseBodyMethodProcessor.traceDebug - Writing [[]]
2026-05-26 09:36:31.262 [http-nio-8080-exec-10] DEBUG o.s.web.servlet.DispatcherServlet.logResult - Completed 200 OK
2026-05-26 09:36:38.244 [http-nio-8080-exec-1] DEBUG o.s.web.servlet.DispatcherServlet.traceDebug - GET "/api/carrito", parameters={}
2026-05-26 09:36:38.244 [http-nio-8080-exec-1] DEBUG o.s.w.s.m.m.a.RequestMappingHandlerMapping.getHandler - Mapped to com.helene.backend.controller.CarritoController#obtener()
2026-05-26 09:36:38.245 [http-nio-8080-exec-1] INFO  c.h.b.controller.CarritoController.obtener - Obteniendo contenido del carrito
2026-05-26 09:36:38.245 [http-nio-8080-exec-1] DEBUG org.hibernate.SQL.logStatement - select u1_0.id,u1_0.email,u1_0.fecha_registro,u1_0.password,u1_0.username from usuarios u1_0 where u1_0.username=?
2026-05-26 09:36:38.247 [http-nio-8080-exec-1] DEBUG org.hibernate.SQL.logStatement - select r1_0.usuario_id,r1_1.id,r1_1.nombre from usuarios_roles r1_0 join roles r1_1 on r1_1.id=r1_0.rol_id where r1_0.usuario_id=?
2026-05-26 09:36:38.248 [http-nio-8080-exec-1] DEBUG org.hibernate.SQL.logStatement - select c1_0.id,c1_0.cantidad,c1_0.producto_id,c1_0.usuario_id from carrito_items c1_0 left join usuarios u1_0 on u1_0.id=c1_0.usuario_id where u1_0.id=?
2026-05-26 09:36:38.248 [http-nio-8080-exec-1] INFO  c.h.b.controller.CarritoController.obtener - Carrito obtenido con 0 items
2026-05-26 09:36:38.249 [http-nio-8080-exec-1] DEBUG o.s.w.s.m.m.a.RequestResponseBodyMethodProcessor.writeWithMessageConverters - Using 'application/json', given [*/*] and supported [application/json, application/*+json]
2026-05-26 09:36:38.249 [http-nio-8080-exec-1] DEBUG o.s.w.s.m.m.a.RequestResponseBodyMethodProcessor.traceDebug - Writing [[]]
2026-05-26 09:36:38.249 [http-nio-8080-exec-1] DEBUG o.s.web.servlet.DispatcherServlet.logResult - Completed 200 OK
2026-05-26 09:36:38.268 [http-nio-8080-exec-2] DEBUG o.s.web.servlet.DispatcherServlet.traceDebug - GET "/api/carrito", parameters={}
2026-05-26 09:36:38.269 [http-nio-8080-exec-2] DEBUG o.s.w.s.m.m.a.RequestMappingHandlerMapping.getHandler - Mapped to com.helene.backend.controller.CarritoController#obtener()
2026-05-26 09:36:38.269 [http-nio-8080-exec-2] INFO  c.h.b.controller.CarritoController.obtener - Obteniendo contenido del carrito
2026-05-26 09:36:38.270 [http-nio-8080-exec-2] DEBUG org.hibernate.SQL.logStatement - select u1_0.id,u1_0.email,u1_0.fecha_registro,u1_0.password,u1_0.username from usuarios u1_0 where u1_0.username=?
2026-05-26 09:36:38.271 [http-nio-8080-exec-2] DEBUG org.hibernate.SQL.logStatement - select r1_0.usuario_id,r1_1.id,r1_1.nombre from usuarios_roles r1_0 join roles r1_1 on r1_1.id=r1_0.rol_id where r1_0.usuario_id=?
2026-05-26 09:36:38.273 [http-nio-8080-exec-2] DEBUG org.hibernate.SQL.logStatement - select c1_0.id,c1_0.cantidad,c1_0.producto_id,c1_0.usuario_id from carrito_items c1_0 left join usuarios u1_0 on u1_0.id=c1_0.usuario_id where u1_0.id=?
2026-05-26 09:36:38.273 [http-nio-8080-exec-2] INFO  c.h.b.controller.CarritoController.obtener - Carrito obtenido con 0 items
2026-05-26 09:36:38.273 [http-nio-8080-exec-2] DEBUG o.s.w.s.m.m.a.RequestResponseBodyMethodProcessor.writeWithMessageConverters - Using 'application/json', given [*/*] and supported [application/json, application/*+json]
2026-05-26 09:36:38.274 [http-nio-8080-exec-2] DEBUG o.s.w.s.m.m.a.RequestResponseBodyMethodProcessor.traceDebug - Writing [[]]
2026-05-26 09:36:38.274 [http-nio-8080-exec-2] DEBUG o.s.web.servlet.DispatcherServlet.logResult - Completed 200 OK
2026-05-26 09:36:41.112 [http-nio-8080-exec-3] DEBUG o.s.web.servlet.DispatcherServlet.traceDebug - GET "/api/carrito", parameters={}
2026-05-26 09:36:41.113 [http-nio-8080-exec-3] DEBUG o.s.w.s.m.m.a.RequestMappingHandlerMapping.getHandler - Mapped to com.helene.backend.controller.CarritoController#obtener()
2026-05-26 09:36:41.113 [http-nio-8080-exec-3] INFO  c.h.b.controller.CarritoController.obtener - Obteniendo contenido del carrito
2026-05-26 09:36:41.114 [http-nio-8080-exec-3] DEBUG org.hibernate.SQL.logStatement - select u1_0.id,u1_0.email,u1_0.fecha_registro,u1_0.password,u1_0.username from usuarios u1_0 where u1_0.username=?
2026-05-26 09:36:41.115 [http-nio-8080-exec-3] DEBUG org.hibernate.SQL.logStatement - select r1_0.usuario_id,r1_1.id,r1_1.nombre from usuarios_roles r1_0 join roles r1_1 on r1_1.id=r1_0.rol_id where r1_0.usuario_id=?
2026-05-26 09:36:41.116 [http-nio-8080-exec-3] DEBUG org.hibernate.SQL.logStatement - select c1_0.id,c1_0.cantidad,c1_0.producto_id,c1_0.usuario_id from carrito_items c1_0 left join usuarios u1_0 on u1_0.id=c1_0.usuario_id where u1_0.id=?
2026-05-26 09:36:41.116 [http-nio-8080-exec-3] INFO  c.h.b.controller.CarritoController.obtener - Carrito obtenido con 0 items
2026-05-26 09:36:41.116 [http-nio-8080-exec-3] DEBUG o.s.w.s.m.m.a.RequestResponseBodyMethodProcessor.writeWithMessageConverters - Using 'application/json', given [*/*] and supported [application/json, application/*+json]
2026-05-26 09:36:41.118 [http-nio-8080-exec-3] DEBUG o.s.w.s.m.m.a.RequestResponseBodyMethodProcessor.traceDebug - Writing [[]]
2026-05-26 09:36:41.118 [http-nio-8080-exec-3] DEBUG o.s.web.servlet.DispatcherServlet.logResult - Completed 200 OK
2026-05-26 09:36:53.656 [http-nio-8080-exec-5] DEBUG o.s.web.servlet.DispatcherServlet.traceDebug - GET "/api/carrito", parameters={}
2026-05-26 09:36:53.656 [http-nio-8080-exec-5] DEBUG o.s.w.s.m.m.a.RequestMappingHandlerMapping.getHandler - Mapped to com.helene.backend.controller.CarritoController#obtener()
2026-05-26 09:36:53.656 [http-nio-8080-exec-5] INFO  c.h.b.controller.CarritoController.obtener - Obteniendo contenido del carrito
2026-05-26 09:36:53.657 [http-nio-8080-exec-5] DEBUG org.hibernate.SQL.logStatement - select u1_0.id,u1_0.email,u1_0.fecha_registro,u1_0.password,u1_0.username from usuarios u1_0 where u1_0.username=?
2026-05-26 09:36:53.658 [http-nio-8080-exec-5] DEBUG org.hibernate.SQL.logStatement - select r1_0.usuario_id,r1_1.id,r1_1.nombre from usuarios_roles r1_0 join roles r1_1 on r1_1.id=r1_0.rol_id where r1_0.usuario_id=?
2026-05-26 09:36:53.658 [http-nio-8080-exec-5] DEBUG org.hibernate.SQL.logStatement - select c1_0.id,c1_0.cantidad,c1_0.producto_id,c1_0.usuario_id from carrito_items c1_0 left join usuarios u1_0 on u1_0.id=c1_0.usuario_id where u1_0.id=?
2026-05-26 09:36:53.660 [http-nio-8080-exec-5] INFO  c.h.b.controller.CarritoController.obtener - Carrito obtenido con 0 items
2026-05-26 09:36:53.660 [http-nio-8080-exec-5] DEBUG o.s.w.s.m.m.a.RequestResponseBodyMethodProcessor.writeWithMessageConverters - Using 'application/json', given [*/*] and supported [application/json, application/*+json]
2026-05-26 09:36:53.660 [http-nio-8080-exec-5] DEBUG o.s.w.s.m.m.a.RequestResponseBodyMethodProcessor.traceDebug - Writing [[]]
2026-05-26 09:36:53.661 [http-nio-8080-exec-5] DEBUG o.s.web.servlet.DispatcherServlet.logResult - Completed 200 OK
2026-05-26 09:36:57.951 [http-nio-8080-exec-6] DEBUG o.s.web.servlet.DispatcherServlet.traceDebug - GET "/api/pedidos/usuario/1", parameters={}
2026-05-26 09:36:57.952 [http-nio-8080-exec-6] DEBUG o.s.w.s.m.m.a.RequestMappingHandlerMapping.getHandler - Mapped to com.helene.backend.controller.PedidoController#listarPorUsuario(Long)
2026-05-26 09:36:57.952 [http-nio-8080-exec-6] INFO  c.h.b.controller.PedidoController.listarPorUsuario - Obteniendo pedidos del usuarioId=1
2026-05-26 09:36:57.953 [http-nio-8080-exec-6] DEBUG org.hibernate.SQL.logStatement - select p1_0.id,p1_0.coste_envio,p1_0.descuento_aplicado,p1_0.calle,p1_0.ciudad,p1_0.codigo_postal,p1_0.instrucciones_especiales,p1_0.nombre_completo,p1_0.numero,p1_0.pais,p1_0.piso,p1_0.provincia,p1_0.telefono,p1_0.estado,p1_0.fecha_creacion,p1_0.fecha_entrega,p1_0.metodo_pago,p1_0.notas,p1_0.numero_pedido,p1_0.paypal_payment_id,p1_0.subtotal,p1_0.total,p1_0.usuario_id from pedidos p1_0 left join usuarios u1_0 on u1_0.id=p1_0.usuario_id where u1_0.id=?
2026-05-26 09:36:57.958 [http-nio-8080-exec-6] DEBUG org.hibernate.SQL.logStatement - select u1_0.id,u1_0.email,u1_0.fecha_registro,u1_0.password,r1_0.usuario_id,r1_1.id,r1_1.nombre,u1_0.username from usuarios u1_0 left join usuarios_roles r1_0 on u1_0.id=r1_0.usuario_id left join roles r1_1 on r1_1.id=r1_0.rol_id where u1_0.id=?
2026-05-26 09:36:57.960 [http-nio-8080-exec-6] DEBUG org.hibernate.SQL.logStatement - select i1_0.pedido_id,i1_0.id,i1_0.cantidad,i1_0.descuento_aplicado,i1_0.imagen_producto,i1_0.nombre_producto,i1_0.precio_unitario,i1_0.producto_id,i1_0.subtotal from pedido_items i1_0 where i1_0.pedido_id=?
2026-05-26 09:36:57.961 [http-nio-8080-exec-6] DEBUG org.hibernate.SQL.logStatement - select p1_0.id,p1_0.categoria_id,c1_0.id,c1_0.nombre,p1_0.descripcion,p1_0.descuento,p1_0.imagen_url,p1_0.nombre,p1_0.precio_final,p1_0.precio_original from productos p1_0 join categorias c1_0 on c1_0.id=p1_0.categoria_id where p1_0.id=?
2026-05-26 09:36:57.962 [http-nio-8080-exec-6] DEBUG org.hibernate.SQL.logStatement - select p1_0.id,p1_0.categoria_id,c1_0.id,c1_0.nombre,p1_0.descripcion,p1_0.descuento,p1_0.imagen_url,p1_0.nombre,p1_0.precio_final,p1_0.precio_original from productos p1_0 join categorias c1_0 on c1_0.id=p1_0.categoria_id where p1_0.id=?
2026-05-26 09:36:57.963 [http-nio-8080-exec-6] DEBUG org.hibernate.SQL.logStatement - select i1_0.pedido_id,i1_0.id,i1_0.cantidad,i1_0.descuento_aplicado,i1_0.imagen_producto,i1_0.nombre_producto,i1_0.precio_unitario,i1_0.producto_id,i1_0.subtotal from pedido_items i1_0 where i1_0.pedido_id=?
2026-05-26 09:36:57.963 [http-nio-8080-exec-6] DEBUG org.hibernate.SQL.logStatement - select i1_0.pedido_id,i1_0.id,i1_0.cantidad,i1_0.descuento_aplicado,i1_0.imagen_producto,i1_0.nombre_producto,i1_0.precio_unitario,i1_0.producto_id,i1_0.subtotal from pedido_items i1_0 where i1_0.pedido_id=?
2026-05-26 09:36:57.964 [http-nio-8080-exec-6] DEBUG org.hibernate.SQL.logStatement - select i1_0.pedido_id,i1_0.id,i1_0.cantidad,i1_0.descuento_aplicado,i1_0.imagen_producto,i1_0.nombre_producto,i1_0.precio_unitario,i1_0.producto_id,i1_0.subtotal from pedido_items i1_0 where i1_0.pedido_id=?
2026-05-26 09:36:57.965 [http-nio-8080-exec-6] DEBUG org.hibernate.SQL.logStatement - select i1_0.pedido_id,i1_0.id,i1_0.cantidad,i1_0.descuento_aplicado,i1_0.imagen_producto,i1_0.nombre_producto,i1_0.precio_unitario,i1_0.producto_id,i1_0.subtotal from pedido_items i1_0 where i1_0.pedido_id=?
2026-05-26 09:36:57.967 [http-nio-8080-exec-6] DEBUG org.hibernate.SQL.logStatement - select i1_0.pedido_id,i1_0.id,i1_0.cantidad,i1_0.descuento_aplicado,i1_0.imagen_producto,i1_0.nombre_producto,i1_0.precio_unitario,i1_0.producto_id,i1_0.subtotal from pedido_items i1_0 where i1_0.pedido_id=?
2026-05-26 09:36:57.967 [http-nio-8080-exec-6] DEBUG org.hibernate.SQL.logStatement - select i1_0.pedido_id,i1_0.id,i1_0.cantidad,i1_0.descuento_aplicado,i1_0.imagen_producto,i1_0.nombre_producto,i1_0.precio_unitario,i1_0.producto_id,i1_0.subtotal from pedido_items i1_0 where i1_0.pedido_id=?
2026-05-26 09:36:57.968 [http-nio-8080-exec-6] DEBUG org.hibernate.SQL.logStatement - select i1_0.pedido_id,i1_0.id,i1_0.cantidad,i1_0.descuento_aplicado,i1_0.imagen_producto,i1_0.nombre_producto,i1_0.precio_unitario,i1_0.producto_id,i1_0.subtotal from pedido_items i1_0 where i1_0.pedido_id=?
2026-05-26 09:36:57.968 [http-nio-8080-exec-6] DEBUG org.hibernate.SQL.logStatement - select i1_0.pedido_id,i1_0.id,i1_0.cantidad,i1_0.descuento_aplicado,i1_0.imagen_producto,i1_0.nombre_producto,i1_0.precio_unitario,i1_0.producto_id,i1_0.subtotal from pedido_items i1_0 where i1_0.pedido_id=?
2026-05-26 09:36:57.969 [http-nio-8080-exec-6] DEBUG org.hibernate.SQL.logStatement - select i1_0.pedido_id,i1_0.id,i1_0.cantidad,i1_0.descuento_aplicado,i1_0.imagen_producto,i1_0.nombre_producto,i1_0.precio_unitario,i1_0.producto_id,i1_0.subtotal from pedido_items i1_0 where i1_0.pedido_id=?
2026-05-26 09:36:57.969 [http-nio-8080-exec-6] DEBUG org.hibernate.SQL.logStatement - select i1_0.pedido_id,i1_0.id,i1_0.cantidad,i1_0.descuento_aplicado,i1_0.imagen_producto,i1_0.nombre_producto,i1_0.precio_unitario,i1_0.producto_id,i1_0.subtotal from pedido_items i1_0 where i1_0.pedido_id=?
2026-05-26 09:36:57.970 [http-nio-8080-exec-6] DEBUG org.hibernate.SQL.logStatement - select i1_0.pedido_id,i1_0.id,i1_0.cantidad,i1_0.descuento_aplicado,i1_0.imagen_producto,i1_0.nombre_producto,i1_0.precio_unitario,i1_0.producto_id,i1_0.subtotal from pedido_items i1_0 where i1_0.pedido_id=?
2026-05-26 09:36:57.970 [http-nio-8080-exec-6] DEBUG org.hibernate.SQL.logStatement - select i1_0.pedido_id,i1_0.id,i1_0.cantidad,i1_0.descuento_aplicado,i1_0.imagen_producto,i1_0.nombre_producto,i1_0.precio_unitario,i1_0.producto_id,i1_0.subtotal from pedido_items i1_0 where i1_0.pedido_id=?
2026-05-26 09:36:57.971 [http-nio-8080-exec-6] DEBUG org.hibernate.SQL.logStatement - select i1_0.pedido_id,i1_0.id,i1_0.cantidad,i1_0.descuento_aplicado,i1_0.imagen_producto,i1_0.nombre_producto,i1_0.precio_unitario,i1_0.producto_id,i1_0.subtotal from pedido_items i1_0 where i1_0.pedido_id=?
2026-05-26 09:36:57.972 [http-nio-8080-exec-6] DEBUG org.hibernate.SQL.logStatement - select i1_0.pedido_id,i1_0.id,i1_0.cantidad,i1_0.descuento_aplicado,i1_0.imagen_producto,i1_0.nombre_producto,i1_0.precio_unitario,i1_0.producto_id,i1_0.subtotal from pedido_items i1_0 where i1_0.pedido_id=?
2026-05-26 09:36:57.973 [http-nio-8080-exec-6] DEBUG org.hibernate.SQL.logStatement - select i1_0.pedido_id,i1_0.id,i1_0.cantidad,i1_0.descuento_aplicado,i1_0.imagen_producto,i1_0.nombre_producto,i1_0.precio_unitario,i1_0.producto_id,i1_0.subtotal from pedido_items i1_0 where i1_0.pedido_id=?
2026-05-26 09:36:57.973 [http-nio-8080-exec-6] DEBUG org.hibernate.SQL.logStatement - select i1_0.pedido_id,i1_0.id,i1_0.cantidad,i1_0.descuento_aplicado,i1_0.imagen_producto,i1_0.nombre_producto,i1_0.precio_unitario,i1_0.producto_id,i1_0.subtotal from pedido_items i1_0 where i1_0.pedido_id=?
2026-05-26 09:36:57.973 [http-nio-8080-exec-6] DEBUG org.hibernate.SQL.logStatement - select i1_0.pedido_id,i1_0.id,i1_0.cantidad,i1_0.descuento_aplicado,i1_0.imagen_producto,i1_0.nombre_producto,i1_0.precio_unitario,i1_0.producto_id,i1_0.subtotal from pedido_items i1_0 where i1_0.pedido_id=?
2026-05-26 09:36:57.974 [http-nio-8080-exec-6] DEBUG org.hibernate.SQL.logStatement - select i1_0.pedido_id,i1_0.id,i1_0.cantidad,i1_0.descuento_aplicado,i1_0.imagen_producto,i1_0.nombre_producto,i1_0.precio_unitario,i1_0.producto_id,i1_0.subtotal from pedido_items i1_0 where i1_0.pedido_id=?
2026-05-26 09:36:57.975 [http-nio-8080-exec-6] DEBUG org.hibernate.SQL.logStatement - select i1_0.pedido_id,i1_0.id,i1_0.cantidad,i1_0.descuento_aplicado,i1_0.imagen_producto,i1_0.nombre_producto,i1_0.precio_unitario,i1_0.producto_id,i1_0.subtotal from pedido_items i1_0 where i1_0.pedido_id=?
2026-05-26 09:36:57.976 [http-nio-8080-exec-6] DEBUG org.hibernate.SQL.logStatement - select i1_0.pedido_id,i1_0.id,i1_0.cantidad,i1_0.descuento_aplicado,i1_0.imagen_producto,i1_0.nombre_producto,i1_0.precio_unitario,i1_0.producto_id,i1_0.subtotal from pedido_items i1_0 where i1_0.pedido_id=?
2026-05-26 09:36:57.976 [http-nio-8080-exec-6] DEBUG org.hibernate.SQL.logStatement - select i1_0.pedido_id,i1_0.id,i1_0.cantidad,i1_0.descuento_aplicado,i1_0.imagen_producto,i1_0.nombre_producto,i1_0.precio_unitario,i1_0.producto_id,i1_0.subtotal from pedido_items i1_0 where i1_0.pedido_id=?
2026-05-26 09:36:57.977 [http-nio-8080-exec-6] DEBUG org.hibernate.SQL.logStatement - select i1_0.pedido_id,i1_0.id,i1_0.cantidad,i1_0.descuento_aplicado,i1_0.imagen_producto,i1_0.nombre_producto,i1_0.precio_unitario,i1_0.producto_id,i1_0.subtotal from pedido_items i1_0 where i1_0.pedido_id=?
2026-05-26 09:36:57.977 [http-nio-8080-exec-6] DEBUG org.hibernate.SQL.logStatement - select i1_0.pedido_id,i1_0.id,i1_0.cantidad,i1_0.descuento_aplicado,i1_0.imagen_producto,i1_0.nombre_producto,i1_0.precio_unitario,i1_0.producto_id,i1_0.subtotal from pedido_items i1_0 where i1_0.pedido_id=?
2026-05-26 09:36:57.978 [http-nio-8080-exec-6] DEBUG org.hibernate.SQL.logStatement - select i1_0.pedido_id,i1_0.id,i1_0.cantidad,i1_0.descuento_aplicado,i1_0.imagen_producto,i1_0.nombre_producto,i1_0.precio_unitario,i1_0.producto_id,i1_0.subtotal from pedido_items i1_0 where i1_0.pedido_id=?
2026-05-26 09:36:57.978 [http-nio-8080-exec-6] DEBUG org.hibernate.SQL.logStatement - select i1_0.pedido_id,i1_0.id,i1_0.cantidad,i1_0.descuento_aplicado,i1_0.imagen_producto,i1_0.nombre_producto,i1_0.precio_unitario,i1_0.producto_id,i1_0.subtotal from pedido_items i1_0 where i1_0.pedido_id=?
2026-05-26 09:36:57.979 [http-nio-8080-exec-6] DEBUG org.hibernate.SQL.logStatement - select i1_0.pedido_id,i1_0.id,i1_0.cantidad,i1_0.descuento_aplicado,i1_0.imagen_producto,i1_0.nombre_producto,i1_0.precio_unitario,i1_0.producto_id,i1_0.subtotal from pedido_items i1_0 where i1_0.pedido_id=?
2026-05-26 09:36:57.980 [http-nio-8080-exec-6] DEBUG org.hibernate.SQL.logStatement - select i1_0.pedido_id,i1_0.id,i1_0.cantidad,i1_0.descuento_aplicado,i1_0.imagen_producto,i1_0.nombre_producto,i1_0.precio_unitario,i1_0.producto_id,i1_0.subtotal from pedido_items i1_0 where i1_0.pedido_id=?
2026-05-26 09:36:57.980 [http-nio-8080-exec-6] DEBUG org.hibernate.SQL.logStatement - select i1_0.pedido_id,i1_0.id,i1_0.cantidad,i1_0.descuento_aplicado,i1_0.imagen_producto,i1_0.nombre_producto,i1_0.precio_unitario,i1_0.producto_id,i1_0.subtotal from pedido_items i1_0 where i1_0.pedido_id=?
2026-05-26 09:36:57.981 [http-nio-8080-exec-6] DEBUG org.hibernate.SQL.logStatement - select i1_0.pedido_id,i1_0.id,i1_0.cantidad,i1_0.descuento_aplicado,i1_0.imagen_producto,i1_0.nombre_producto,i1_0.precio_unitario,i1_0.producto_id,i1_0.subtotal from pedido_items i1_0 where i1_0.pedido_id=?
2026-05-26 09:36:57.982 [http-nio-8080-exec-6] DEBUG org.hibernate.SQL.logStatement - select i1_0.pedido_id,i1_0.id,i1_0.cantidad,i1_0.descuento_aplicado,i1_0.imagen_producto,i1_0.nombre_producto,i1_0.precio_unitario,i1_0.producto_id,i1_0.subtotal from pedido_items i1_0 where i1_0.pedido_id=?
2026-05-26 09:36:57.982 [http-nio-8080-exec-6] DEBUG org.hibernate.SQL.logStatement - select i1_0.pedido_id,i1_0.id,i1_0.cantidad,i1_0.descuento_aplicado,i1_0.imagen_producto,i1_0.nombre_producto,i1_0.precio_unitario,i1_0.producto_id,i1_0.subtotal from pedido_items i1_0 where i1_0.pedido_id=?
2026-05-26 09:36:57.983 [http-nio-8080-exec-6] INFO  c.h.b.controller.PedidoController.listarPorUsuario - Se devuelven 32 pedidos para usuarioId=1
2026-05-26 09:36:57.983 [http-nio-8080-exec-6] DEBUG o.s.w.s.m.m.a.HttpEntityMethodProcessor.writeWithMessageConverters - Using 'application/json', given [*/*] and supported [application/json, application/*+json]
2026-05-26 09:36:57.987 [http-nio-8080-exec-6] DEBUG o.s.w.s.m.m.a.HttpEntityMethodProcessor.traceDebug - Writing [[PedidoDTO(id=1, numeroPedido=HEL-2026-34300, fechaCreacion=2026-05-15T15:13:54.300423, fechaEntrega (truncated)...]
2026-05-26 09:36:57.988 [http-nio-8080-exec-6] DEBUG o.s.web.servlet.DispatcherServlet.logResult - Completed 200 OK
2026-05-26 09:37:01.141 [http-nio-8080-exec-4] DEBUG o.s.web.servlet.DispatcherServlet.traceDebug - GET "/api/carrito", parameters={}
2026-05-26 09:37:01.142 [http-nio-8080-exec-4] DEBUG o.s.w.s.m.m.a.RequestMappingHandlerMapping.getHandler - Mapped to com.helene.backend.controller.CarritoController#obtener()
2026-05-26 09:37:01.142 [http-nio-8080-exec-4] INFO  c.h.b.controller.CarritoController.obtener - Obteniendo contenido del carrito
2026-05-26 09:37:01.143 [http-nio-8080-exec-4] DEBUG org.hibernate.SQL.logStatement - select u1_0.id,u1_0.email,u1_0.fecha_registro,u1_0.password,u1_0.username from usuarios u1_0 where u1_0.username=?
2026-05-26 09:37:01.143 [http-nio-8080-exec-4] DEBUG org.hibernate.SQL.logStatement - select r1_0.usuario_id,r1_1.id,r1_1.nombre from usuarios_roles r1_0 join roles r1_1 on r1_1.id=r1_0.rol_id where r1_0.usuario_id=?
2026-05-26 09:37:01.145 [http-nio-8080-exec-4] DEBUG org.hibernate.SQL.logStatement - select c1_0.id,c1_0.cantidad,c1_0.producto_id,c1_0.usuario_id from carrito_items c1_0 left join usuarios u1_0 on u1_0.id=c1_0.usuario_id where u1_0.id=?
2026-05-26 09:37:01.146 [http-nio-8080-exec-4] INFO  c.h.b.controller.CarritoController.obtener - Carrito obtenido con 0 items
2026-05-26 09:37:01.147 [http-nio-8080-exec-4] DEBUG o.s.w.s.m.m.a.RequestResponseBodyMethodProcessor.writeWithMessageConverters - Using 'application/json', given [*/*] and supported [application/json, application/*+json]
2026-05-26 09:37:01.147 [http-nio-8080-exec-4] DEBUG o.s.w.s.m.m.a.RequestResponseBodyMethodProcessor.traceDebug - Writing [[]]
2026-05-26 09:37:01.147 [http-nio-8080-exec-4] DEBUG o.s.web.servlet.DispatcherServlet.logResult - Completed 200 OK
2026-05-26 09:37:22.149 [http-nio-8080-exec-8] DEBUG o.s.web.servlet.DispatcherServlet.traceDebug - GET "/api/carrito", parameters={}
2026-05-26 09:37:22.149 [http-nio-8080-exec-8] DEBUG o.s.w.s.m.m.a.RequestMappingHandlerMapping.getHandler - Mapped to com.helene.backend.controller.CarritoController#obtener()
2026-05-26 09:37:22.149 [http-nio-8080-exec-8] INFO  c.h.b.controller.CarritoController.obtener - Obteniendo contenido del carrito
2026-05-26 09:37:22.151 [http-nio-8080-exec-8] DEBUG org.hibernate.SQL.logStatement - select u1_0.id,u1_0.email,u1_0.fecha_registro,u1_0.password,u1_0.username from usuarios u1_0 where u1_0.username=?
2026-05-26 09:37:22.152 [http-nio-8080-exec-8] DEBUG org.hibernate.SQL.logStatement - select r1_0.usuario_id,r1_1.id,r1_1.nombre from usuarios_roles r1_0 join roles r1_1 on r1_1.id=r1_0.rol_id where r1_0.usuario_id=?
2026-05-26 09:37:22.153 [http-nio-8080-exec-8] DEBUG org.hibernate.SQL.logStatement - select c1_0.id,c1_0.cantidad,c1_0.producto_id,c1_0.usuario_id from carrito_items c1_0 left join usuarios u1_0 on u1_0.id=c1_0.usuario_id where u1_0.id=?
2026-05-26 09:37:22.153 [http-nio-8080-exec-8] INFO  c.h.b.controller.CarritoController.obtener - Carrito obtenido con 0 items
2026-05-26 09:37:22.154 [http-nio-8080-exec-8] DEBUG o.s.w.s.m.m.a.RequestResponseBodyMethodProcessor.writeWithMessageConverters - Using 'application/json', given [*/*] and supported [application/json, application/*+json]
2026-05-26 09:37:22.154 [http-nio-8080-exec-8] DEBUG o.s.w.s.m.m.a.RequestResponseBodyMethodProcessor.traceDebug - Writing [[]]
2026-05-26 09:37:22.154 [http-nio-8080-exec-8] DEBUG o.s.web.servlet.DispatcherServlet.logResult - Completed 200 OK
2026-05-26 09:37:22.166 [http-nio-8080-exec-9] DEBUG o.s.web.servlet.DispatcherServlet.traceDebug - GET "/api/productos/categoria/1", parameters={}
2026-05-26 09:37:22.166 [http-nio-8080-exec-9] DEBUG o.s.w.s.m.m.a.RequestMappingHandlerMapping.getHandler - Mapped to com.helene.backend.controller.ProductoController#listarPorCategoria(Long)
2026-05-26 09:37:22.166 [http-nio-8080-exec-9] INFO  c.h.b.controller.ProductoController.listarPorCategoria - Listando productos de la categoría id=1
2026-05-26 09:37:22.167 [http-nio-8080-exec-9] DEBUG org.hibernate.SQL.logStatement - select p1_0.id,p1_0.categoria_id,p1_0.descripcion,p1_0.descuento,p1_0.imagen_url,p1_0.nombre,p1_0.precio_final,p1_0.precio_original from productos p1_0 left join categorias c1_0 on c1_0.id=p1_0.categoria_id where c1_0.id=?
2026-05-26 09:37:22.168 [http-nio-8080-exec-9] DEBUG org.hibernate.SQL.logStatement - select c1_0.id,c1_0.nombre from categorias c1_0 where c1_0.id=?
2026-05-26 09:37:22.170 [http-nio-8080-exec-9] INFO  c.h.b.controller.ProductoController.listarPorCategoria - Se devuelven 2 productos para categoría id=1
2026-05-26 09:37:22.170 [http-nio-8080-exec-9] DEBUG o.s.w.s.m.m.a.RequestResponseBodyMethodProcessor.writeWithMessageConverters - Using 'application/json', given [*/*] and supported [application/json, application/*+json]
2026-05-26 09:37:22.170 [http-nio-8080-exec-9] DEBUG o.s.w.s.m.m.a.RequestResponseBodyMethodProcessor.traceDebug - Writing [[ProductoDTO(id=2, nombre=Agua micelar, precioOriginal=29.99, precioFinal=29.99, descuento=0, descri (truncated)...]
2026-05-26 09:37:22.170 [http-nio-8080-exec-9] DEBUG o.s.web.servlet.DispatcherServlet.logResult - Completed 200 OK
2026-05-26 09:37:22.188 [http-nio-8080-exec-10] DEBUG o.s.web.servlet.DispatcherServlet.traceDebug - GET "/api/carrito", parameters={}
2026-05-26 09:37:22.188 [http-nio-8080-exec-10] DEBUG o.s.w.s.m.m.a.RequestMappingHandlerMapping.getHandler - Mapped to com.helene.backend.controller.CarritoController#obtener()
2026-05-26 09:37:22.188 [http-nio-8080-exec-10] INFO  c.h.b.controller.CarritoController.obtener - Obteniendo contenido del carrito
2026-05-26 09:37:22.189 [http-nio-8080-exec-10] DEBUG org.hibernate.SQL.logStatement - select u1_0.id,u1_0.email,u1_0.fecha_registro,u1_0.password,u1_0.username from usuarios u1_0 where u1_0.username=?
2026-05-26 09:37:22.190 [http-nio-8080-exec-10] DEBUG org.hibernate.SQL.logStatement - select r1_0.usuario_id,r1_1.id,r1_1.nombre from usuarios_roles r1_0 join roles r1_1 on r1_1.id=r1_0.rol_id where r1_0.usuario_id=?
2026-05-26 09:37:22.191 [http-nio-8080-exec-10] DEBUG org.hibernate.SQL.logStatement - select c1_0.id,c1_0.cantidad,c1_0.producto_id,c1_0.usuario_id from carrito_items c1_0 left join usuarios u1_0 on u1_0.id=c1_0.usuario_id where u1_0.id=?
2026-05-26 09:37:22.193 [http-nio-8080-exec-10] INFO  c.h.b.controller.CarritoController.obtener - Carrito obtenido con 0 items
2026-05-26 09:37:22.193 [http-nio-8080-exec-10] DEBUG o.s.w.s.m.m.a.RequestResponseBodyMethodProcessor.writeWithMessageConverters - Using 'application/json', given [*/*] and supported [application/json, application/*+json]
2026-05-26 09:37:22.193 [http-nio-8080-exec-10] DEBUG o.s.w.s.m.m.a.RequestResponseBodyMethodProcessor.traceDebug - Writing [[]]
2026-05-26 09:37:22.194 [http-nio-8080-exec-10] DEBUG o.s.web.servlet.DispatcherServlet.logResult - Completed 200 OK
2026-05-26 09:37:26.258 [http-nio-8080-exec-1] DEBUG o.s.web.servlet.DispatcherServlet.traceDebug - GET "/api/carrito", parameters={}
2026-05-26 09:37:26.258 [http-nio-8080-exec-1] DEBUG o.s.w.s.m.m.a.RequestMappingHandlerMapping.getHandler - Mapped to com.helene.backend.controller.CarritoController#obtener()
2026-05-26 09:37:26.258 [http-nio-8080-exec-1] INFO  c.h.b.controller.CarritoController.obtener - Obteniendo contenido del carrito
2026-05-26 09:37:26.259 [http-nio-8080-exec-1] DEBUG org.hibernate.SQL.logStatement - select u1_0.id,u1_0.email,u1_0.fecha_registro,u1_0.password,u1_0.username from usuarios u1_0 where u1_0.username=?
2026-05-26 09:37:26.260 [http-nio-8080-exec-1] DEBUG org.hibernate.SQL.logStatement - select r1_0.usuario_id,r1_1.id,r1_1.nombre from usuarios_roles r1_0 join roles r1_1 on r1_1.id=r1_0.rol_id where r1_0.usuario_id=?
2026-05-26 09:37:26.262 [http-nio-8080-exec-1] DEBUG org.hibernate.SQL.logStatement - select c1_0.id,c1_0.cantidad,c1_0.producto_id,c1_0.usuario_id from carrito_items c1_0 left join usuarios u1_0 on u1_0.id=c1_0.usuario_id where u1_0.id=?
2026-05-26 09:37:26.263 [http-nio-8080-exec-1] INFO  c.h.b.controller.CarritoController.obtener - Carrito obtenido con 0 items
2026-05-26 09:37:26.263 [http-nio-8080-exec-1] DEBUG o.s.w.s.m.m.a.RequestResponseBodyMethodProcessor.writeWithMessageConverters - Using 'application/json', given [*/*] and supported [application/json, application/*+json]
2026-05-26 09:37:26.263 [http-nio-8080-exec-1] DEBUG o.s.w.s.m.m.a.RequestResponseBodyMethodProcessor.traceDebug - Writing [[]]
2026-05-26 09:37:26.263 [http-nio-8080-exec-1] DEBUG o.s.web.servlet.DispatcherServlet.logResult - Completed 200 OK
2026-05-26 09:37:37.446 [http-nio-8080-exec-2] DEBUG o.s.web.servlet.DispatcherServlet.traceDebug - GET "/api/carrito", parameters={}
2026-05-26 09:37:37.446 [http-nio-8080-exec-2] DEBUG o.s.w.s.m.m.a.RequestMappingHandlerMapping.getHandler - Mapped to com.helene.backend.controller.CarritoController#obtener()
2026-05-26 09:37:37.446 [http-nio-8080-exec-2] INFO  c.h.b.controller.CarritoController.obtener - Obteniendo contenido del carrito
2026-05-26 09:37:37.447 [http-nio-8080-exec-2] DEBUG org.hibernate.SQL.logStatement - select u1_0.id,u1_0.email,u1_0.fecha_registro,u1_0.password,u1_0.username from usuarios u1_0 where u1_0.username=?
2026-05-26 09:37:37.449 [http-nio-8080-exec-2] DEBUG org.hibernate.SQL.logStatement - select r1_0.usuario_id,r1_1.id,r1_1.nombre from usuarios_roles r1_0 join roles r1_1 on r1_1.id=r1_0.rol_id where r1_0.usuario_id=?
2026-05-26 09:37:37.450 [http-nio-8080-exec-2] DEBUG org.hibernate.SQL.logStatement - select c1_0.id,c1_0.cantidad,c1_0.producto_id,c1_0.usuario_id from carrito_items c1_0 left join usuarios u1_0 on u1_0.id=c1_0.usuario_id where u1_0.id=?
2026-05-26 09:37:37.451 [http-nio-8080-exec-2] INFO  c.h.b.controller.CarritoController.obtener - Carrito obtenido con 0 items
2026-05-26 09:37:37.451 [http-nio-8080-exec-2] DEBUG o.s.w.s.m.m.a.RequestResponseBodyMethodProcessor.writeWithMessageConverters - Using 'application/json', given [*/*] and supported [application/json, application/*+json]
2026-05-26 09:37:37.451 [http-nio-8080-exec-2] DEBUG o.s.w.s.m.m.a.RequestResponseBodyMethodProcessor.traceDebug - Writing [[]]
2026-05-26 09:37:37.452 [http-nio-8080-exec-2] DEBUG o.s.web.servlet.DispatcherServlet.logResult - Completed 200 OK
2026-05-26 09:37:37.484 [http-nio-8080-exec-3] DEBUG o.s.web.servlet.DispatcherServlet.traceDebug - GET "/api/carrito", parameters={}
2026-05-26 09:37:37.484 [http-nio-8080-exec-3] DEBUG o.s.w.s.m.m.a.RequestMappingHandlerMapping.getHandler - Mapped to com.helene.backend.controller.CarritoController#obtener()
2026-05-26 09:37:37.484 [http-nio-8080-exec-3] INFO  c.h.b.controller.CarritoController.obtener - Obteniendo contenido del carrito
2026-05-26 09:37:37.485 [http-nio-8080-exec-3] DEBUG org.hibernate.SQL.logStatement - select u1_0.id,u1_0.email,u1_0.fecha_registro,u1_0.password,u1_0.username from usuarios u1_0 where u1_0.username=?
2026-05-26 09:37:37.486 [http-nio-8080-exec-3] DEBUG org.hibernate.SQL.logStatement - select r1_0.usuario_id,r1_1.id,r1_1.nombre from usuarios_roles r1_0 join roles r1_1 on r1_1.id=r1_0.rol_id where r1_0.usuario_id=?
2026-05-26 09:37:37.488 [http-nio-8080-exec-3] DEBUG org.hibernate.SQL.logStatement - select c1_0.id,c1_0.cantidad,c1_0.producto_id,c1_0.usuario_id from carrito_items c1_0 left join usuarios u1_0 on u1_0.id=c1_0.usuario_id where u1_0.id=?
2026-05-26 09:37:37.488 [http-nio-8080-exec-3] INFO  c.h.b.controller.CarritoController.obtener - Carrito obtenido con 0 items
2026-05-26 09:37:37.488 [http-nio-8080-exec-3] DEBUG o.s.w.s.m.m.a.RequestResponseBodyMethodProcessor.writeWithMessageConverters - Using 'application/json', given [*/*] and supported [application/json, application/*+json]
2026-05-26 09:37:37.488 [http-nio-8080-exec-3] DEBUG o.s.w.s.m.m.a.RequestResponseBodyMethodProcessor.traceDebug - Writing [[]]
2026-05-26 09:37:37.489 [http-nio-8080-exec-3] DEBUG o.s.web.servlet.DispatcherServlet.logResult - Completed 200 OK
2026-05-26 09:37:44.608 [http-nio-8080-exec-6] DEBUG o.s.web.servlet.DispatcherServlet.traceDebug - GET "/api/pedidos/usuario/1", parameters={}
2026-05-26 09:37:44.610 [http-nio-8080-exec-6] DEBUG o.s.w.s.m.m.a.RequestMappingHandlerMapping.getHandler - Mapped to com.helene.backend.controller.PedidoController#listarPorUsuario(Long)
2026-05-26 09:37:44.610 [http-nio-8080-exec-6] INFO  c.h.b.controller.PedidoController.listarPorUsuario - Obteniendo pedidos del usuarioId=1
2026-05-26 09:37:44.611 [http-nio-8080-exec-6] DEBUG org.hibernate.SQL.logStatement - select p1_0.id,p1_0.coste_envio,p1_0.descuento_aplicado,p1_0.calle,p1_0.ciudad,p1_0.codigo_postal,p1_0.instrucciones_especiales,p1_0.nombre_completo,p1_0.numero,p1_0.pais,p1_0.piso,p1_0.provincia,p1_0.telefono,p1_0.estado,p1_0.fecha_creacion,p1_0.fecha_entrega,p1_0.metodo_pago,p1_0.notas,p1_0.numero_pedido,p1_0.paypal_payment_id,p1_0.subtotal,p1_0.total,p1_0.usuario_id from pedidos p1_0 left join usuarios u1_0 on u1_0.id=p1_0.usuario_id where u1_0.id=?
2026-05-26 09:37:44.616 [http-nio-8080-exec-6] DEBUG org.hibernate.SQL.logStatement - select u1_0.id,u1_0.email,u1_0.fecha_registro,u1_0.password,r1_0.usuario_id,r1_1.id,r1_1.nombre,u1_0.username from usuarios u1_0 left join usuarios_roles r1_0 on u1_0.id=r1_0.usuario_id left join roles r1_1 on r1_1.id=r1_0.rol_id where u1_0.id=?
2026-05-26 09:37:44.617 [http-nio-8080-exec-6] DEBUG org.hibernate.SQL.logStatement - select i1_0.pedido_id,i1_0.id,i1_0.cantidad,i1_0.descuento_aplicado,i1_0.imagen_producto,i1_0.nombre_producto,i1_0.precio_unitario,i1_0.producto_id,i1_0.subtotal from pedido_items i1_0 where i1_0.pedido_id=?
2026-05-26 09:37:44.618 [http-nio-8080-exec-6] DEBUG org.hibernate.SQL.logStatement - select p1_0.id,p1_0.categoria_id,c1_0.id,c1_0.nombre,p1_0.descripcion,p1_0.descuento,p1_0.imagen_url,p1_0.nombre,p1_0.precio_final,p1_0.precio_original from productos p1_0 join categorias c1_0 on c1_0.id=p1_0.categoria_id where p1_0.id=?
2026-05-26 09:37:44.619 [http-nio-8080-exec-6] DEBUG org.hibernate.SQL.logStatement - select p1_0.id,p1_0.categoria_id,c1_0.id,c1_0.nombre,p1_0.descripcion,p1_0.descuento,p1_0.imagen_url,p1_0.nombre,p1_0.precio_final,p1_0.precio_original from productos p1_0 join categorias c1_0 on c1_0.id=p1_0.categoria_id where p1_0.id=?
2026-05-26 09:37:44.619 [http-nio-8080-exec-6] DEBUG org.hibernate.SQL.logStatement - select i1_0.pedido_id,i1_0.id,i1_0.cantidad,i1_0.descuento_aplicado,i1_0.imagen_producto,i1_0.nombre_producto,i1_0.precio_unitario,i1_0.producto_id,i1_0.subtotal from pedido_items i1_0 where i1_0.pedido_id=?
2026-05-26 09:37:44.620 [http-nio-8080-exec-6] DEBUG org.hibernate.SQL.logStatement - select i1_0.pedido_id,i1_0.id,i1_0.cantidad,i1_0.descuento_aplicado,i1_0.imagen_producto,i1_0.nombre_producto,i1_0.precio_unitario,i1_0.producto_id,i1_0.subtotal from pedido_items i1_0 where i1_0.pedido_id=?
2026-05-26 09:37:44.620 [http-nio-8080-exec-6] DEBUG org.hibernate.SQL.logStatement - select i1_0.pedido_id,i1_0.id,i1_0.cantidad,i1_0.descuento_aplicado,i1_0.imagen_producto,i1_0.nombre_producto,i1_0.precio_unitario,i1_0.producto_id,i1_0.subtotal from pedido_items i1_0 where i1_0.pedido_id=?
2026-05-26 09:37:44.621 [http-nio-8080-exec-6] DEBUG org.hibernate.SQL.logStatement - select i1_0.pedido_id,i1_0.id,i1_0.cantidad,i1_0.descuento_aplicado,i1_0.imagen_producto,i1_0.nombre_producto,i1_0.precio_unitario,i1_0.producto_id,i1_0.subtotal from pedido_items i1_0 where i1_0.pedido_id=?
2026-05-26 09:37:44.621 [http-nio-8080-exec-6] DEBUG org.hibernate.SQL.logStatement - select i1_0.pedido_id,i1_0.id,i1_0.cantidad,i1_0.descuento_aplicado,i1_0.imagen_producto,i1_0.nombre_producto,i1_0.precio_unitario,i1_0.producto_id,i1_0.subtotal from pedido_items i1_0 where i1_0.pedido_id=?
2026-05-26 09:37:44.622 [http-nio-8080-exec-6] DEBUG org.hibernate.SQL.logStatement - select i1_0.pedido_id,i1_0.id,i1_0.cantidad,i1_0.descuento_aplicado,i1_0.imagen_producto,i1_0.nombre_producto,i1_0.precio_unitario,i1_0.producto_id,i1_0.subtotal from pedido_items i1_0 where i1_0.pedido_id=?
2026-05-26 09:37:44.623 [http-nio-8080-exec-6] DEBUG org.hibernate.SQL.logStatement - select i1_0.pedido_id,i1_0.id,i1_0.cantidad,i1_0.descuento_aplicado,i1_0.imagen_producto,i1_0.nombre_producto,i1_0.precio_unitario,i1_0.producto_id,i1_0.subtotal from pedido_items i1_0 where i1_0.pedido_id=?
2026-05-26 09:37:44.623 [http-nio-8080-exec-6] DEBUG org.hibernate.SQL.logStatement - select i1_0.pedido_id,i1_0.id,i1_0.cantidad,i1_0.descuento_aplicado,i1_0.imagen_producto,i1_0.nombre_producto,i1_0.precio_unitario,i1_0.producto_id,i1_0.subtotal from pedido_items i1_0 where i1_0.pedido_id=?
2026-05-26 09:37:44.624 [http-nio-8080-exec-6] DEBUG org.hibernate.SQL.logStatement - select i1_0.pedido_id,i1_0.id,i1_0.cantidad,i1_0.descuento_aplicado,i1_0.imagen_producto,i1_0.nombre_producto,i1_0.precio_unitario,i1_0.producto_id,i1_0.subtotal from pedido_items i1_0 where i1_0.pedido_id=?
2026-05-26 09:37:44.624 [http-nio-8080-exec-6] DEBUG org.hibernate.SQL.logStatement - select i1_0.pedido_id,i1_0.id,i1_0.cantidad,i1_0.descuento_aplicado,i1_0.imagen_producto,i1_0.nombre_producto,i1_0.precio_unitario,i1_0.producto_id,i1_0.subtotal from pedido_items i1_0 where i1_0.pedido_id=?
2026-05-26 09:37:44.625 [http-nio-8080-exec-6] DEBUG org.hibernate.SQL.logStatement - select i1_0.pedido_id,i1_0.id,i1_0.cantidad,i1_0.descuento_aplicado,i1_0.imagen_producto,i1_0.nombre_producto,i1_0.precio_unitario,i1_0.producto_id,i1_0.subtotal from pedido_items i1_0 where i1_0.pedido_id=?
2026-05-26 09:37:44.625 [http-nio-8080-exec-6] DEBUG org.hibernate.SQL.logStatement - select i1_0.pedido_id,i1_0.id,i1_0.cantidad,i1_0.descuento_aplicado,i1_0.imagen_producto,i1_0.nombre_producto,i1_0.precio_unitario,i1_0.producto_id,i1_0.subtotal from pedido_items i1_0 where i1_0.pedido_id=?
2026-05-26 09:37:44.625 [http-nio-8080-exec-6] DEBUG org.hibernate.SQL.logStatement - select i1_0.pedido_id,i1_0.id,i1_0.cantidad,i1_0.descuento_aplicado,i1_0.imagen_producto,i1_0.nombre_producto,i1_0.precio_unitario,i1_0.producto_id,i1_0.subtotal from pedido_items i1_0 where i1_0.pedido_id=?
2026-05-26 09:37:44.626 [http-nio-8080-exec-6] DEBUG org.hibernate.SQL.logStatement - select i1_0.pedido_id,i1_0.id,i1_0.cantidad,i1_0.descuento_aplicado,i1_0.imagen_producto,i1_0.nombre_producto,i1_0.precio_unitario,i1_0.producto_id,i1_0.subtotal from pedido_items i1_0 where i1_0.pedido_id=?
2026-05-26 09:37:44.626 [http-nio-8080-exec-6] DEBUG org.hibernate.SQL.logStatement - select i1_0.pedido_id,i1_0.id,i1_0.cantidad,i1_0.descuento_aplicado,i1_0.imagen_producto,i1_0.nombre_producto,i1_0.precio_unitario,i1_0.producto_id,i1_0.subtotal from pedido_items i1_0 where i1_0.pedido_id=?
2026-05-26 09:37:44.627 [http-nio-8080-exec-6] DEBUG org.hibernate.SQL.logStatement - select i1_0.pedido_id,i1_0.id,i1_0.cantidad,i1_0.descuento_aplicado,i1_0.imagen_producto,i1_0.nombre_producto,i1_0.precio_unitario,i1_0.producto_id,i1_0.subtotal from pedido_items i1_0 where i1_0.pedido_id=?
2026-05-26 09:37:44.628 [http-nio-8080-exec-6] DEBUG org.hibernate.SQL.logStatement - select i1_0.pedido_id,i1_0.id,i1_0.cantidad,i1_0.descuento_aplicado,i1_0.imagen_producto,i1_0.nombre_producto,i1_0.precio_unitario,i1_0.producto_id,i1_0.subtotal from pedido_items i1_0 where i1_0.pedido_id=?
2026-05-26 09:37:44.628 [http-nio-8080-exec-6] DEBUG org.hibernate.SQL.logStatement - select i1_0.pedido_id,i1_0.id,i1_0.cantidad,i1_0.descuento_aplicado,i1_0.imagen_producto,i1_0.nombre_producto,i1_0.precio_unitario,i1_0.producto_id,i1_0.subtotal from pedido_items i1_0 where i1_0.pedido_id=?
2026-05-26 09:37:44.628 [http-nio-8080-exec-6] DEBUG org.hibernate.SQL.logStatement - select i1_0.pedido_id,i1_0.id,i1_0.cantidad,i1_0.descuento_aplicado,i1_0.imagen_producto,i1_0.nombre_producto,i1_0.precio_unitario,i1_0.producto_id,i1_0.subtotal from pedido_items i1_0 where i1_0.pedido_id=?
2026-05-26 09:37:44.630 [http-nio-8080-exec-6] DEBUG org.hibernate.SQL.logStatement - select i1_0.pedido_id,i1_0.id,i1_0.cantidad,i1_0.descuento_aplicado,i1_0.imagen_producto,i1_0.nombre_producto,i1_0.precio_unitario,i1_0.producto_id,i1_0.subtotal from pedido_items i1_0 where i1_0.pedido_id=?
2026-05-26 09:37:44.630 [http-nio-8080-exec-6] DEBUG org.hibernate.SQL.logStatement - select i1_0.pedido_id,i1_0.id,i1_0.cantidad,i1_0.descuento_aplicado,i1_0.imagen_producto,i1_0.nombre_producto,i1_0.precio_unitario,i1_0.producto_id,i1_0.subtotal from pedido_items i1_0 where i1_0.pedido_id=?
2026-05-26 09:37:44.631 [http-nio-8080-exec-6] DEBUG org.hibernate.SQL.logStatement - select i1_0.pedido_id,i1_0.id,i1_0.cantidad,i1_0.descuento_aplicado,i1_0.imagen_producto,i1_0.nombre_producto,i1_0.precio_unitario,i1_0.producto_id,i1_0.subtotal from pedido_items i1_0 where i1_0.pedido_id=?
2026-05-26 09:37:44.632 [http-nio-8080-exec-6] DEBUG org.hibernate.SQL.logStatement - select i1_0.pedido_id,i1_0.id,i1_0.cantidad,i1_0.descuento_aplicado,i1_0.imagen_producto,i1_0.nombre_producto,i1_0.precio_unitario,i1_0.producto_id,i1_0.subtotal from pedido_items i1_0 where i1_0.pedido_id=?
2026-05-26 09:37:44.632 [http-nio-8080-exec-6] DEBUG org.hibernate.SQL.logStatement - select i1_0.pedido_id,i1_0.id,i1_0.cantidad,i1_0.descuento_aplicado,i1_0.imagen_producto,i1_0.nombre_producto,i1_0.precio_unitario,i1_0.producto_id,i1_0.subtotal from pedido_items i1_0 where i1_0.pedido_id=?
2026-05-26 09:37:44.633 [http-nio-8080-exec-6] DEBUG org.hibernate.SQL.logStatement - select i1_0.pedido_id,i1_0.id,i1_0.cantidad,i1_0.descuento_aplicado,i1_0.imagen_producto,i1_0.nombre_producto,i1_0.precio_unitario,i1_0.producto_id,i1_0.subtotal from pedido_items i1_0 where i1_0.pedido_id=?
2026-05-26 09:37:44.633 [http-nio-8080-exec-6] DEBUG org.hibernate.SQL.logStatement - select i1_0.pedido_id,i1_0.id,i1_0.cantidad,i1_0.descuento_aplicado,i1_0.imagen_producto,i1_0.nombre_producto,i1_0.precio_unitario,i1_0.producto_id,i1_0.subtotal from pedido_items i1_0 where i1_0.pedido_id=?
2026-05-26 09:37:44.634 [http-nio-8080-exec-6] DEBUG org.hibernate.SQL.logStatement - select i1_0.pedido_id,i1_0.id,i1_0.cantidad,i1_0.descuento_aplicado,i1_0.imagen_producto,i1_0.nombre_producto,i1_0.precio_unitario,i1_0.producto_id,i1_0.subtotal from pedido_items i1_0 where i1_0.pedido_id=?
2026-05-26 09:37:44.634 [http-nio-8080-exec-6] DEBUG org.hibernate.SQL.logStatement - select i1_0.pedido_id,i1_0.id,i1_0.cantidad,i1_0.descuento_aplicado,i1_0.imagen_producto,i1_0.nombre_producto,i1_0.precio_unitario,i1_0.producto_id,i1_0.subtotal from pedido_items i1_0 where i1_0.pedido_id=?
2026-05-26 09:37:44.635 [http-nio-8080-exec-6] DEBUG org.hibernate.SQL.logStatement - select i1_0.pedido_id,i1_0.id,i1_0.cantidad,i1_0.descuento_aplicado,i1_0.imagen_producto,i1_0.nombre_producto,i1_0.precio_unitario,i1_0.producto_id,i1_0.subtotal from pedido_items i1_0 where i1_0.pedido_id=?
2026-05-26 09:37:44.635 [http-nio-8080-exec-6] DEBUG org.hibernate.SQL.logStatement - select i1_0.pedido_id,i1_0.id,i1_0.cantidad,i1_0.descuento_aplicado,i1_0.imagen_producto,i1_0.nombre_producto,i1_0.precio_unitario,i1_0.producto_id,i1_0.subtotal from pedido_items i1_0 where i1_0.pedido_id=?
2026-05-26 09:37:44.635 [http-nio-8080-exec-6] DEBUG org.hibernate.SQL.logStatement - select i1_0.pedido_id,i1_0.id,i1_0.cantidad,i1_0.descuento_aplicado,i1_0.imagen_producto,i1_0.nombre_producto,i1_0.precio_unitario,i1_0.producto_id,i1_0.subtotal from pedido_items i1_0 where i1_0.pedido_id=?
2026-05-26 09:37:44.636 [http-nio-8080-exec-6] INFO  c.h.b.controller.PedidoController.listarPorUsuario - Se devuelven 32 pedidos para usuarioId=1
2026-05-26 09:37:44.636 [http-nio-8080-exec-6] DEBUG o.s.w.s.m.m.a.HttpEntityMethodProcessor.writeWithMessageConverters - Using 'application/json', given [*/*] and supported [application/json, application/*+json]
2026-05-26 09:37:44.637 [http-nio-8080-exec-6] DEBUG o.s.w.s.m.m.a.HttpEntityMethodProcessor.traceDebug - Writing [[PedidoDTO(id=1, numeroPedido=HEL-2026-34300, fechaCreacion=2026-05-15T15:13:54.300423, fechaEntrega (truncated)...]
2026-05-26 09:37:44.638 [http-nio-8080-exec-6] DEBUG o.s.web.servlet.DispatcherServlet.logResult - Completed 200 OK
2026-05-26 09:37:46.535 [http-nio-8080-exec-4] DEBUG o.s.web.servlet.DispatcherServlet.traceDebug - GET "/api/carrito", parameters={}
2026-05-26 09:37:46.536 [http-nio-8080-exec-4] DEBUG o.s.w.s.m.m.a.RequestMappingHandlerMapping.getHandler - Mapped to com.helene.backend.controller.CarritoController#obtener()
2026-05-26 09:37:46.536 [http-nio-8080-exec-4] INFO  c.h.b.controller.CarritoController.obtener - Obteniendo contenido del carrito
2026-05-26 09:37:46.537 [http-nio-8080-exec-4] DEBUG org.hibernate.SQL.logStatement - select u1_0.id,u1_0.email,u1_0.fecha_registro,u1_0.password,u1_0.username from usuarios u1_0 where u1_0.username=?
2026-05-26 09:37:46.539 [http-nio-8080-exec-4] DEBUG org.hibernate.SQL.logStatement - select r1_0.usuario_id,r1_1.id,r1_1.nombre from usuarios_roles r1_0 join roles r1_1 on r1_1.id=r1_0.rol_id where r1_0.usuario_id=?
2026-05-26 09:37:46.541 [http-nio-8080-exec-4] DEBUG org.hibernate.SQL.logStatement - select c1_0.id,c1_0.cantidad,c1_0.producto_id,c1_0.usuario_id from carrito_items c1_0 left join usuarios u1_0 on u1_0.id=c1_0.usuario_id where u1_0.id=?
2026-05-26 09:37:46.542 [http-nio-8080-exec-4] INFO  c.h.b.controller.CarritoController.obtener - Carrito obtenido con 0 items
2026-05-26 09:37:46.542 [http-nio-8080-exec-4] DEBUG o.s.w.s.m.m.a.RequestResponseBodyMethodProcessor.writeWithMessageConverters - Using 'application/json', given [*/*] and supported [application/json, application/*+json]
2026-05-26 09:37:46.542 [http-nio-8080-exec-4] DEBUG o.s.w.s.m.m.a.RequestResponseBodyMethodProcessor.traceDebug - Writing [[]]
2026-05-26 09:37:46.543 [http-nio-8080-exec-4] DEBUG o.s.web.servlet.DispatcherServlet.logResult - Completed 200 OK
2026-05-26 10:54:19.883 [SpringApplicationShutdownHook] INFO  o.s.o.j.LocalContainerEntityManagerFactoryBean.destroy - Closing JPA EntityManagerFactory for persistence unit 'default'
2026-05-26 10:54:19.886 [SpringApplicationShutdownHook] INFO  com.zaxxer.hikari.HikariDataSource.close - HikariPool-1 - Shutdown initiated...
2026-05-26 10:54:19.889 [SpringApplicationShutdownHook] INFO  com.zaxxer.hikari.HikariDataSource.close - HikariPool-1 - Shutdown completed.
2026-05-26 14:52:49.450 [main] INFO  c.h.backend.HeleneBackendApplication.logStarting - Starting HeleneBackendApplication using Java 21.0.7 with PID 25052 (C:\Users\celia\Desktop\Helene\target\classes started by celia in C:\Users\celia\Desktop\Helene)
2026-05-26 14:52:49.453 [main] INFO  c.h.backend.HeleneBackendApplication.logStartupProfileInfo - No active profile set, falling back to 1 default profile: "default"
2026-05-26 14:52:50.269 [main] INFO  o.s.d.r.c.RepositoryConfigurationDelegate.registerRepositoriesIn - Bootstrapping Spring Data JPA repositories in DEFAULT mode.
2026-05-26 14:52:50.417 [main] INFO  o.s.d.r.c.RepositoryConfigurationDelegate.registerRepositoriesIn - Finished Spring Data repository scanning in 143 ms. Found 7 JPA repository interfaces.
2026-05-26 14:52:50.955 [main] INFO  o.s.b.w.e.tomcat.TomcatWebServer.initialize - Tomcat initialized with port 8080 (http)
2026-05-26 14:52:50.964 [main] INFO  o.a.catalina.core.StandardService.log - Starting service [Tomcat]
2026-05-26 14:52:50.964 [main] INFO  o.a.catalina.core.StandardEngine.log - Starting Servlet engine: [Apache Tomcat/10.1.17]
2026-05-26 14:52:51.091 [main] INFO  o.a.c.c.C.[Tomcat].[localhost].[/].log - Initializing Spring embedded WebApplicationContext
2026-05-26 14:52:51.091 [main] INFO  o.s.b.w.s.c.ServletWebServerApplicationContext.prepareWebApplicationContext - Root WebApplicationContext: initialization completed in 1602 ms
2026-05-26 14:52:51.309 [main] INFO  com.zaxxer.hikari.HikariDataSource.getConnection - HikariPool-1 - Starting...
2026-05-26 14:52:51.421 [main] INFO  com.zaxxer.hikari.pool.HikariPool.checkFailFast - HikariPool-1 - Added connection com.mysql.cj.jdbc.ConnectionImpl@312a738d
2026-05-26 14:52:51.422 [main] INFO  com.zaxxer.hikari.HikariDataSource.getConnection - HikariPool-1 - Start completed.
2026-05-26 14:52:51.456 [main] INFO  org.flywaydb.core.FlywayExecutor.info - Database: jdbc:mysql://localhost:3306/helene_db?createDatabaseIfNotExist=true&useSSL=false&serverTimezone=UTC (MySQL 8.0)
2026-05-26 14:52:51.496 [main] INFO  o.f.core.internal.command.DbValidate.info - Successfully validated 2 migrations (execution time 00:00.020s)
2026-05-26 14:52:51.509 [main] INFO  o.f.core.internal.command.DbMigrate.info - Current version of schema `helene_db`: 1
2026-05-26 14:52:51.511 [main] INFO  o.f.core.internal.command.DbMigrate.info - Schema `helene_db` is up to date. No migration necessary.
2026-05-26 14:52:51.538 [main] INFO  o.f.core.internal.command.DbValidate.info - Successfully validated 2 migrations (execution time 00:00.004s)
2026-05-26 14:52:51.546 [main] INFO  o.f.core.internal.command.DbMigrate.info - Current version of schema `helene_db`: 1
2026-05-26 14:52:51.547 [main] INFO  o.f.core.internal.command.DbMigrate.info - Schema `helene_db` is up to date. No migration necessary.
2026-05-26 14:52:51.621 [main] INFO  o.h.jpa.internal.util.LogHelper.logPersistenceUnitInformation - HHH000204: Processing PersistenceUnitInfo [name: default]
2026-05-26 14:52:51.667 [main] INFO  org.hibernate.Version.logVersion - HHH000412: Hibernate ORM core version 6.4.1.Final
2026-05-26 14:52:51.691 [main] INFO  o.h.c.i.RegionFactoryInitiator.initiateService - HHH000026: Second-level cache disabled
2026-05-26 14:52:51.898 [main] INFO  o.s.o.j.p.SpringPersistenceUnitInfo.addTransformer - No LoadTimeWeaver setup: ignoring JPA class transformer
2026-05-26 14:52:51.936 [main] WARN  org.hibernate.orm.deprecation.constructDialect - HHH90000025: MySQL8Dialect does not need to be specified explicitly using 'hibernate.dialect' (remove the property setting and it will be selected by default)
2026-05-26 14:52:51.937 [main] WARN  org.hibernate.orm.deprecation.logSelectedDialect - HHH90000026: MySQL8Dialect has been deprecated; use org.hibernate.dialect.MySQLDialect instead
2026-05-26 14:52:51.951 [main] DEBUG o.h.t.d.sql.spi.DdlTypeRegistry.addDescriptor - addDescriptor(12, org.hibernate.type.descriptor.sql.internal.CapacityDependentDdlType@4b475742) replaced previous registration(org.hibernate.type.descriptor.sql.internal.CapacityDependentDdlType@323c6f9c)
2026-05-26 14:52:51.951 [main] DEBUG o.h.t.d.sql.spi.DdlTypeRegistry.addDescriptor - addDescriptor(-9, org.hibernate.type.descriptor.sql.internal.CapacityDependentDdlType@dbca149) replaced previous registration(org.hibernate.type.descriptor.sql.internal.CapacityDependentDdlType@68550d86)
2026-05-26 14:52:51.951 [main] DEBUG o.h.t.d.sql.spi.DdlTypeRegistry.addDescriptor - addDescriptor(-3, org.hibernate.type.descriptor.sql.internal.CapacityDependentDdlType@19d9ba89) replaced previous registration(org.hibernate.type.descriptor.sql.internal.CapacityDependentDdlType@484876a1)
2026-05-26 14:52:51.951 [main] DEBUG o.h.t.d.sql.spi.DdlTypeRegistry.addDescriptor - addDescriptor(4003, org.hibernate.type.descriptor.sql.internal.DdlTypeImpl@20163008) replaced previous registration(org.hibernate.type.descriptor.sql.internal.DdlTypeImpl@60ef30b1)
2026-05-26 14:52:51.951 [main] DEBUG o.h.t.d.sql.spi.DdlTypeRegistry.addDescriptor - addDescriptor(4001, org.hibernate.type.descriptor.sql.internal.DdlTypeImpl@3436d3d7) replaced previous registration(org.hibernate.type.descriptor.sql.internal.DdlTypeImpl@3f40568e)
2026-05-26 14:52:51.953 [main] DEBUG o.h.t.d.sql.spi.DdlTypeRegistry.addDescriptor - addDescriptor(4002, org.hibernate.type.descriptor.sql.internal.DdlTypeImpl@2e47a71e) replaced previous registration(org.hibernate.type.descriptor.sql.internal.DdlTypeImpl@37b470df)
2026-05-26 14:52:51.953 [main] DEBUG o.h.t.d.sql.spi.DdlTypeRegistry.addDescriptor - addDescriptor(2004, org.hibernate.type.descriptor.sql.internal.CapacityDependentDdlType@359ea595) replaced previous registration(org.hibernate.type.descriptor.sql.internal.DdlTypeImpl@8d7718e)
2026-05-26 14:52:51.953 [main] DEBUG o.h.t.d.sql.spi.DdlTypeRegistry.addDescriptor - addDescriptor(2005, org.hibernate.type.descriptor.sql.internal.CapacityDependentDdlType@1bbb48dd) replaced previous registration(org.hibernate.type.descriptor.sql.internal.DdlTypeImpl@f9de1fd)
2026-05-26 14:52:51.953 [main] DEBUG o.h.t.d.sql.spi.DdlTypeRegistry.addDescriptor - addDescriptor(2011, org.hibernate.type.descriptor.sql.internal.CapacityDependentDdlType@4fef4f96) replaced previous registration(org.hibernate.type.descriptor.sql.internal.DdlTypeImpl@7c871ce4)
2026-05-26 14:52:52.773 [main] INFO  o.h.e.t.j.p.i.JtaPlatformInitiator.initiateService - HHH000489: No JTA platform available (set 'hibernate.transaction.jta.platform' to enable JTA platform integration)
2026-05-26 14:52:52.848 [main] INFO  o.s.o.j.LocalContainerEntityManagerFactoryBean.buildNativeEntityManagerFactory - Initialized JPA EntityManagerFactory for persistence unit 'default'
2026-05-26 14:52:53.148 [main] INFO  o.s.d.j.r.query.QueryEnhancerFactory.<clinit> - Hibernate is in classpath; If applicable, HQL parser will be used.
2026-05-26 14:52:54.513 [main] WARN  o.s.b.a.o.j.JpaBaseConfiguration$JpaWebConfiguration.openEntityManagerInViewInterceptor - spring.jpa.open-in-view is enabled by default. Therefore, database queries may be performed during view rendering. Explicitly configure spring.jpa.open-in-view to disable this warning
2026-05-26 14:52:54.534 [main] WARN  o.s.b.a.s.s.UserDetailsServiceAutoConfiguration.getOrDeducePassword - 

Using generated security password: 0c47cd52-c850-409b-ba50-7ed31553a1ce

This generated password is for development use only. Your security configuration must be updated before running your application in production.

2026-05-26 14:52:54.667 [main] DEBUG o.s.w.s.m.m.a.RequestMappingHandlerMapping.handlerMethodsInitialized - 48 mappings in 'requestMappingHandlerMapping'
2026-05-26 14:52:54.726 [main] DEBUG o.s.w.s.h.SimpleUrlHandlerMapping.logMappings - Patterns [/webjars/**, /**, /swagger-ui*/*swagger-initializer.js, /swagger-ui*/**] in 'resourceHandlerMapping'
2026-05-26 14:52:54.757 [main] INFO  o.s.s.web.DefaultSecurityFilterChain.<init> - Will secure any request with [org.springframework.security.web.session.DisableEncodeUrlFilter@dfa6f48, org.springframework.security.web.context.request.async.WebAsyncManagerIntegrationFilter@6aaaa66b, org.springframework.security.web.context.SecurityContextHolderFilter@5381acc6, org.springframework.security.web.header.HeaderWriterFilter@22ecee76, org.springframework.web.filter.CorsFilter@2f38b35e, org.springframework.security.web.authentication.logout.LogoutFilter@2cda8be9, com.helene.backend.security.JwtAuthenticationFilter@3915e7c3, org.springframework.security.web.savedrequest.RequestCacheAwareFilter@3074d565, org.springframework.security.web.servletapi.SecurityContextHolderAwareRequestFilter@42775280, org.springframework.security.web.authentication.AnonymousAuthenticationFilter@7e98be9f, org.springframework.security.web.access.ExceptionTranslationFilter@4db7fe2c, org.springframework.security.web.access.intercept.AuthorizationFilter@48c7773]
2026-05-26 14:52:54.821 [main] DEBUG o.s.w.s.m.m.a.RequestMappingHandlerAdapter.initControllerAdviceCache - ControllerAdvice beans: 0 @ModelAttribute, 0 @InitBinder, 1 RequestBodyAdvice, 1 ResponseBodyAdvice
2026-05-26 14:52:54.852 [main] DEBUG o.s.w.s.m.m.a.ExceptionHandlerExceptionResolver.initExceptionHandlerAdviceCache - ControllerAdvice beans: 2 @ExceptionHandler, 1 ResponseBodyAdvice
2026-05-26 14:52:55.080 [main] INFO  o.s.b.w.e.tomcat.TomcatWebServer.start - Tomcat started on port 8080 (http) with context path ''
2026-05-26 14:52:55.087 [main] INFO  c.h.backend.HeleneBackendApplication.logStarted - Started HeleneBackendApplication in 6.081 seconds (process running for 6.73)
2026-05-26 14:52:55.139 [main] DEBUG org.hibernate.SQL.logStatement - select count(*) from roles r1_0
2026-05-26 14:52:55.147 [main] DEBUG org.hibernate.SQL.logStatement - select count(*) from categorias c1_0
2026-05-26 21:36:46.398 [HikariPool-1 housekeeper] WARN  com.zaxxer.hikari.pool.HikariPool.run - HikariPool-1 - Thread starvation or clock leap detected (housekeeper delta=3h55m22s158ms477µs700ns).
2026-05-26 22:14:51.737 [SpringApplicationShutdownHook] INFO  o.s.o.j.LocalContainerEntityManagerFactoryBean.destroy - Closing JPA EntityManagerFactory for persistence unit 'default'
2026-05-26 22:14:51.885 [SpringApplicationShutdownHook] INFO  com.zaxxer.hikari.HikariDataSource.close - HikariPool-1 - Shutdown initiated...
2026-05-26 22:14:51.920 [SpringApplicationShutdownHook] INFO  com.zaxxer.hikari.HikariDataSource.close - HikariPool-1 - Shutdown completed.
2026-05-26 22:15:13.684 [main] INFO  c.h.backend.HeleneBackendApplication.logStarting - Starting HeleneBackendApplication using Java 21.0.7 with PID 4760 (C:\Users\celia\Desktop\Helene\target\classes started by celia in C:\Users\celia\Desktop\Helene)
2026-05-26 22:15:13.686 [main] INFO  c.h.backend.HeleneBackendApplication.logStartupProfileInfo - No active profile set, falling back to 1 default profile: "default"
2026-05-26 22:15:15.516 [main] INFO  o.s.d.r.c.RepositoryConfigurationDelegate.registerRepositoriesIn - Bootstrapping Spring Data JPA repositories in DEFAULT mode.
2026-05-26 22:15:15.687 [main] INFO  o.s.d.r.c.RepositoryConfigurationDelegate.registerRepositoriesIn - Finished Spring Data repository scanning in 162 ms. Found 7 JPA repository interfaces.
2026-05-26 22:15:16.247 [main] INFO  o.s.b.w.e.tomcat.TomcatWebServer.initialize - Tomcat initialized with port 8080 (http)
2026-05-26 22:15:16.258 [main] INFO  o.a.catalina.core.StandardService.log - Starting service [Tomcat]
2026-05-26 22:15:16.258 [main] INFO  o.a.catalina.core.StandardEngine.log - Starting Servlet engine: [Apache Tomcat/10.1.17]
2026-05-26 22:15:16.331 [main] INFO  o.a.c.c.C.[Tomcat].[localhost].[/].log - Initializing Spring embedded WebApplicationContext
2026-05-26 22:15:16.332 [main] INFO  o.s.b.w.s.c.ServletWebServerApplicationContext.prepareWebApplicationContext - Root WebApplicationContext: initialization completed in 2546 ms
2026-05-26 22:15:16.633 [main] INFO  com.zaxxer.hikari.HikariDataSource.getConnection - HikariPool-1 - Starting...
2026-05-26 22:15:16.915 [main] INFO  com.zaxxer.hikari.pool.HikariPool.checkFailFast - HikariPool-1 - Added connection com.mysql.cj.jdbc.ConnectionImpl@3348c987
2026-05-26 22:15:16.918 [main] INFO  com.zaxxer.hikari.HikariDataSource.getConnection - HikariPool-1 - Start completed.
2026-05-26 22:15:17.005 [main] INFO  org.flywaydb.core.FlywayExecutor.info - Database: jdbc:mysql://localhost:3306/helene_db?createDatabaseIfNotExist=true&useSSL=false&serverTimezone=UTC (MySQL 8.0)
2026-05-26 22:15:17.134 [main] INFO  o.f.core.internal.command.DbValidate.info - Successfully validated 2 migrations (execution time 00:00.057s)
2026-05-26 22:15:17.172 [main] INFO  o.f.core.internal.command.DbMigrate.info - Current version of schema `helene_db`: 1
2026-05-26 22:15:17.178 [main] INFO  o.f.core.internal.command.DbMigrate.info - Schema `helene_db` is up to date. No migration necessary.
2026-05-26 22:15:17.255 [main] INFO  o.f.core.internal.command.DbValidate.info - Successfully validated 2 migrations (execution time 00:00.028s)
2026-05-26 22:15:17.280 [main] INFO  o.f.core.internal.command.DbMigrate.info - Current version of schema `helene_db`: 1
2026-05-26 22:15:17.283 [main] INFO  o.f.core.internal.command.DbMigrate.info - Schema `helene_db` is up to date. No migration necessary.
2026-05-26 22:15:17.399 [main] INFO  o.h.jpa.internal.util.LogHelper.logPersistenceUnitInformation - HHH000204: Processing PersistenceUnitInfo [name: default]
2026-05-26 22:15:17.531 [main] INFO  org.hibernate.Version.logVersion - HHH000412: Hibernate ORM core version 6.4.1.Final
2026-05-26 22:15:17.598 [main] INFO  o.h.c.i.RegionFactoryInitiator.initiateService - HHH000026: Second-level cache disabled
2026-05-26 22:15:17.979 [main] INFO  o.s.o.j.p.SpringPersistenceUnitInfo.addTransformer - No LoadTimeWeaver setup: ignoring JPA class transformer
2026-05-26 22:15:18.045 [main] WARN  org.hibernate.orm.deprecation.constructDialect - HHH90000025: MySQL8Dialect does not need to be specified explicitly using 'hibernate.dialect' (remove the property setting and it will be selected by default)
2026-05-26 22:15:18.046 [main] WARN  org.hibernate.orm.deprecation.logSelectedDialect - HHH90000026: MySQL8Dialect has been deprecated; use org.hibernate.dialect.MySQLDialect instead
2026-05-26 22:15:18.067 [main] DEBUG o.h.t.d.sql.spi.DdlTypeRegistry.addDescriptor - addDescriptor(12, org.hibernate.type.descriptor.sql.internal.CapacityDependentDdlType@7bd694a5) replaced previous registration(org.hibernate.type.descriptor.sql.internal.CapacityDependentDdlType@21ce2e4d)
2026-05-26 22:15:18.068 [main] DEBUG o.h.t.d.sql.spi.DdlTypeRegistry.addDescriptor - addDescriptor(-9, org.hibernate.type.descriptor.sql.internal.CapacityDependentDdlType@3921135e) replaced previous registration(org.hibernate.type.descriptor.sql.internal.CapacityDependentDdlType@3a239dac)
2026-05-26 22:15:18.068 [main] DEBUG o.h.t.d.sql.spi.DdlTypeRegistry.addDescriptor - addDescriptor(-3, org.hibernate.type.descriptor.sql.internal.CapacityDependentDdlType@759f45f1) replaced previous registration(org.hibernate.type.descriptor.sql.internal.CapacityDependentDdlType@2573b149)
2026-05-26 22:15:18.068 [main] DEBUG o.h.t.d.sql.spi.DdlTypeRegistry.addDescriptor - addDescriptor(4003, org.hibernate.type.descriptor.sql.internal.DdlTypeImpl@1479ed5a) replaced previous registration(org.hibernate.type.descriptor.sql.internal.DdlTypeImpl@3211cc84)
2026-05-26 22:15:18.068 [main] DEBUG o.h.t.d.sql.spi.DdlTypeRegistry.addDescriptor - addDescriptor(4001, org.hibernate.type.descriptor.sql.internal.DdlTypeImpl@3d2eb7fa) replaced previous registration(org.hibernate.type.descriptor.sql.internal.DdlTypeImpl@56fa0ef)
2026-05-26 22:15:18.068 [main] DEBUG o.h.t.d.sql.spi.DdlTypeRegistry.addDescriptor - addDescriptor(4002, org.hibernate.type.descriptor.sql.internal.DdlTypeImpl@5e278e25) replaced previous registration(org.hibernate.type.descriptor.sql.internal.DdlTypeImpl@62ee1c89)
2026-05-26 22:15:18.068 [main] DEBUG o.h.t.d.sql.spi.DdlTypeRegistry.addDescriptor - addDescriptor(2004, org.hibernate.type.descriptor.sql.internal.CapacityDependentDdlType@2ab7f649) replaced previous registration(org.hibernate.type.descriptor.sql.internal.DdlTypeImpl@52a74328)
2026-05-26 22:15:18.068 [main] DEBUG o.h.t.d.sql.spi.DdlTypeRegistry.addDescriptor - addDescriptor(2005, org.hibernate.type.descriptor.sql.internal.CapacityDependentDdlType@3093b9ff) replaced previous registration(org.hibernate.type.descriptor.sql.internal.DdlTypeImpl@220be130)
2026-05-26 22:15:18.069 [main] DEBUG o.h.t.d.sql.spi.DdlTypeRegistry.addDescriptor - addDescriptor(2011, org.hibernate.type.descriptor.sql.internal.CapacityDependentDdlType@379b4e86) replaced previous registration(org.hibernate.type.descriptor.sql.internal.DdlTypeImpl@5f4df55e)
2026-05-26 22:15:19.131 [main] INFO  o.h.e.t.j.p.i.JtaPlatformInitiator.initiateService - HHH000489: No JTA platform available (set 'hibernate.transaction.jta.platform' to enable JTA platform integration)
2026-05-26 22:15:19.246 [main] INFO  o.s.o.j.LocalContainerEntityManagerFactoryBean.buildNativeEntityManagerFactory - Initialized JPA EntityManagerFactory for persistence unit 'default'
2026-05-26 22:15:19.586 [main] INFO  o.s.d.j.r.query.QueryEnhancerFactory.<clinit> - Hibernate is in classpath; If applicable, HQL parser will be used.
2026-05-26 22:15:21.254 [main] WARN  o.s.b.a.o.j.JpaBaseConfiguration$JpaWebConfiguration.openEntityManagerInViewInterceptor - spring.jpa.open-in-view is enabled by default. Therefore, database queries may be performed during view rendering. Explicitly configure spring.jpa.open-in-view to disable this warning
2026-05-26 22:15:21.278 [main] WARN  o.s.b.a.s.s.UserDetailsServiceAutoConfiguration.getOrDeducePassword - 

Using generated security password: f5d96dcc-1819-4326-be2c-84921bcec214

This generated password is for development use only. Your security configuration must be updated before running your application in production.

2026-05-26 22:15:21.426 [main] DEBUG o.s.w.s.m.m.a.RequestMappingHandlerMapping.handlerMethodsInitialized - 48 mappings in 'requestMappingHandlerMapping'
2026-05-26 22:15:21.503 [main] DEBUG o.s.w.s.h.SimpleUrlHandlerMapping.logMappings - Patterns [/webjars/**, /**, /swagger-ui*/*swagger-initializer.js, /swagger-ui*/**] in 'resourceHandlerMapping'
2026-05-26 22:15:21.530 [main] INFO  o.s.s.web.DefaultSecurityFilterChain.<init> - Will secure any request with [org.springframework.security.web.session.DisableEncodeUrlFilter@23618fa2, org.springframework.security.web.context.request.async.WebAsyncManagerIntegrationFilter@c207c10, org.springframework.security.web.context.SecurityContextHolderFilter@13866e67, org.springframework.security.web.header.HeaderWriterFilter@2ef4e7f3, org.springframework.web.filter.CorsFilter@12c21282, org.springframework.security.web.authentication.logout.LogoutFilter@59f41bcf, com.helene.backend.security.JwtAuthenticationFilter@3d1c933, org.springframework.security.web.savedrequest.RequestCacheAwareFilter@5547476c, org.springframework.security.web.servletapi.SecurityContextHolderAwareRequestFilter@26664caa, org.springframework.security.web.authentication.AnonymousAuthenticationFilter@59aba6f2, org.springframework.security.web.access.ExceptionTranslationFilter@3bf47d1e, org.springframework.security.web.access.intercept.AuthorizationFilter@a64a147]
2026-05-26 22:15:21.584 [main] DEBUG o.s.w.s.m.m.a.RequestMappingHandlerAdapter.initControllerAdviceCache - ControllerAdvice beans: 0 @ModelAttribute, 0 @InitBinder, 1 RequestBodyAdvice, 1 ResponseBodyAdvice
2026-05-26 22:15:21.616 [main] DEBUG o.s.w.s.m.m.a.ExceptionHandlerExceptionResolver.initExceptionHandlerAdviceCache - ControllerAdvice beans: 2 @ExceptionHandler, 1 ResponseBodyAdvice
2026-05-26 22:15:21.829 [main] INFO  o.s.b.w.e.tomcat.TomcatWebServer.start - Tomcat started on port 8080 (http) with context path ''
2026-05-26 22:15:21.837 [main] INFO  c.h.backend.HeleneBackendApplication.logStarted - Started HeleneBackendApplication in 8.851 seconds (process running for 18.414)
2026-05-26 22:15:21.896 [main] DEBUG org.hibernate.SQL.logStatement - select count(*) from roles r1_0
2026-05-26 22:15:21.912 [main] DEBUG org.hibernate.SQL.logStatement - select count(*) from categorias c1_0
2026-05-26 22:15:50.296 [http-nio-8080-exec-1] INFO  o.a.c.c.C.[Tomcat].[localhost].[/].log - Initializing Spring DispatcherServlet 'dispatcherServlet'
2026-05-26 22:15:50.297 [http-nio-8080-exec-1] INFO  o.s.web.servlet.DispatcherServlet.initServletBean - Initializing Servlet 'dispatcherServlet'
2026-05-26 22:15:50.297 [http-nio-8080-exec-1] DEBUG o.s.web.servlet.DispatcherServlet.initMultipartResolver - Detected StandardServletMultipartResolver
2026-05-26 22:15:50.297 [http-nio-8080-exec-1] DEBUG o.s.web.servlet.DispatcherServlet.initLocaleResolver - Detected AcceptHeaderLocaleResolver
2026-05-26 22:15:50.297 [http-nio-8080-exec-1] DEBUG o.s.web.servlet.DispatcherServlet.initThemeResolver - Detected FixedThemeResolver
2026-05-26 22:15:50.298 [http-nio-8080-exec-1] DEBUG o.s.web.servlet.DispatcherServlet.initRequestToViewNameTranslator - Detected org.springframework.web.servlet.view.DefaultRequestToViewNameTranslator@480f1b59
2026-05-26 22:15:50.298 [http-nio-8080-exec-1] DEBUG o.s.web.servlet.DispatcherServlet.initFlashMapManager - Detected org.springframework.web.servlet.support.SessionFlashMapManager@10c23a76
2026-05-26 22:15:50.298 [http-nio-8080-exec-1] DEBUG o.s.web.servlet.DispatcherServlet.initServletBean - enableLoggingRequestDetails='false': request parameters and headers will be masked to prevent unsafe logging of potentially sensitive data
2026-05-26 22:15:50.299 [http-nio-8080-exec-1] INFO  o.s.web.servlet.DispatcherServlet.initServletBean - Completed initialization in 1 ms
2026-05-26 22:15:50.358 [http-nio-8080-exec-1] ERROR c.h.backend.security.JwtEntryPoint.commence - Unauthorized error: Full authentication is required to access this resource
2026-05-26 22:15:50.471 [http-nio-8080-exec-2] DEBUG o.s.web.servlet.DispatcherServlet.traceDebug - GET "/api/productos/categoria/1", parameters={}
2026-05-26 22:15:50.474 [http-nio-8080-exec-2] DEBUG o.s.w.s.m.m.a.RequestMappingHandlerMapping.getHandler - Mapped to com.helene.backend.controller.ProductoController#listarPorCategoria(Long)
2026-05-26 22:15:50.485 [http-nio-8080-exec-2] INFO  c.h.b.controller.ProductoController.listarPorCategoria - Listando productos de la categoría id=1
2026-05-26 22:15:50.509 [http-nio-8080-exec-2] DEBUG org.hibernate.SQL.logStatement - select p1_0.id,p1_0.categoria_id,p1_0.descripcion,p1_0.descuento,p1_0.imagen_url,p1_0.nombre,p1_0.precio_final,p1_0.precio_original from productos p1_0 left join categorias c1_0 on c1_0.id=p1_0.categoria_id where c1_0.id=?
2026-05-26 22:15:50.524 [http-nio-8080-exec-2] DEBUG org.hibernate.SQL.logStatement - select c1_0.id,c1_0.nombre from categorias c1_0 where c1_0.id=?
2026-05-26 22:15:50.540 [http-nio-8080-exec-2] INFO  c.h.b.controller.ProductoController.listarPorCategoria - Se devuelven 2 productos para categoría id=1
2026-05-26 22:15:50.548 [http-nio-8080-exec-2] DEBUG o.s.w.s.m.m.a.RequestResponseBodyMethodProcessor.writeWithMessageConverters - Using 'application/json', given [*/*] and supported [application/json, application/*+json]
2026-05-26 22:15:50.551 [http-nio-8080-exec-2] DEBUG o.s.w.s.m.m.a.RequestResponseBodyMethodProcessor.traceDebug - Writing [[ProductoDTO(id=2, nombre=Agua micelar, precioOriginal=29.99, precioFinal=29.99, descuento=0, descri (truncated)...]
2026-05-26 22:15:50.566 [http-nio-8080-exec-2] DEBUG o.s.web.servlet.DispatcherServlet.logResult - Completed 200 OK
2026-05-26 22:15:50.626 [http-nio-8080-exec-3] ERROR c.h.backend.security.JwtEntryPoint.commence - Unauthorized error: Full authentication is required to access this resource
2026-05-26 22:15:50.863 [http-nio-8080-exec-4] DEBUG o.s.web.servlet.DispatcherServlet.traceDebug - GET "/api/productos/categoria/1", parameters={}
2026-05-26 22:15:50.863 [http-nio-8080-exec-4] DEBUG o.s.w.s.m.m.a.RequestMappingHandlerMapping.getHandler - Mapped to com.helene.backend.controller.ProductoController#listarPorCategoria(Long)
2026-05-26 22:15:50.863 [http-nio-8080-exec-4] INFO  c.h.b.controller.ProductoController.listarPorCategoria - Listando productos de la categoría id=1
2026-05-26 22:15:50.864 [http-nio-8080-exec-4] DEBUG org.hibernate.SQL.logStatement - select p1_0.id,p1_0.categoria_id,p1_0.descripcion,p1_0.descuento,p1_0.imagen_url,p1_0.nombre,p1_0.precio_final,p1_0.precio_original from productos p1_0 left join categorias c1_0 on c1_0.id=p1_0.categoria_id where c1_0.id=?
2026-05-26 22:15:50.865 [http-nio-8080-exec-4] DEBUG org.hibernate.SQL.logStatement - select c1_0.id,c1_0.nombre from categorias c1_0 where c1_0.id=?
2026-05-26 22:15:50.866 [http-nio-8080-exec-4] INFO  c.h.b.controller.ProductoController.listarPorCategoria - Se devuelven 2 productos para categoría id=1
2026-05-26 22:15:50.866 [http-nio-8080-exec-4] DEBUG o.s.w.s.m.m.a.RequestResponseBodyMethodProcessor.writeWithMessageConverters - Using 'application/json', given [*/*] and supported [application/json, application/*+json]
2026-05-26 22:15:50.867 [http-nio-8080-exec-4] DEBUG o.s.w.s.m.m.a.RequestResponseBodyMethodProcessor.traceDebug - Writing [[ProductoDTO(id=2, nombre=Agua micelar, precioOriginal=29.99, precioFinal=29.99, descuento=0, descri (truncated)...]
2026-05-26 22:15:50.867 [http-nio-8080-exec-4] DEBUG o.s.web.servlet.DispatcherServlet.logResult - Completed 200 OK
2026-05-26 22:15:50.947 [http-nio-8080-exec-5] ERROR c.h.backend.security.JwtEntryPoint.commence - Unauthorized error: Full authentication is required to access this resource
2026-05-26 22:15:51.099 [http-nio-8080-exec-6] ERROR c.h.backend.security.JwtEntryPoint.commence - Unauthorized error: Full authentication is required to access this resource
2026-05-26 22:15:53.173 [http-nio-8080-exec-7] ERROR c.h.backend.security.JwtEntryPoint.commence - Unauthorized error: Full authentication is required to access this resource
2026-05-26 22:15:57.344 [http-nio-8080-exec-8] ERROR c.h.backend.security.JwtEntryPoint.commence - Unauthorized error: Full authentication is required to access this resource
2026-05-26 22:15:57.369 [http-nio-8080-exec-9] ERROR c.h.backend.security.JwtEntryPoint.commence - Unauthorized error: Full authentication is required to access this resource
2026-05-26 22:16:01.894 [http-nio-8080-exec-10] ERROR c.h.backend.security.JwtEntryPoint.commence - Unauthorized error: Full authentication is required to access this resource
2026-05-26 22:16:01.929 [http-nio-8080-exec-1] ERROR c.h.backend.security.JwtEntryPoint.commence - Unauthorized error: Full authentication is required to access this resource
2026-05-26 22:16:22.469 [http-nio-8080-exec-2] ERROR c.h.backend.security.JwtEntryPoint.commence - Unauthorized error: Full authentication is required to access this resource
2026-05-26 22:16:22.478 [http-nio-8080-exec-3] ERROR c.h.backend.security.JwtEntryPoint.commence - Unauthorized error: Full authentication is required to access this resource
2026-05-26 22:16:48.732 [http-nio-8080-exec-4] DEBUG o.s.web.servlet.DispatcherServlet.traceDebug - POST "/api/login", parameters={}
2026-05-26 22:16:48.732 [http-nio-8080-exec-4] DEBUG o.s.w.s.m.m.a.RequestMappingHandlerMapping.getHandler - Mapped to com.helene.backend.controller.AuthController#login(Map)
2026-05-26 22:16:48.739 [http-nio-8080-exec-4] DEBUG o.s.w.s.m.m.a.RequestResponseBodyMethodProcessor.traceDebug - Read "application/json;charset=utf-8" to [{password=empleadoAdmin, username=empleadoAdmin}]
2026-05-26 22:16:48.740 [http-nio-8080-exec-4] INFO  c.h.b.controller.AuthController.login - Intento de login para el usuario: empleadoAdmin
2026-05-26 22:16:48.743 [http-nio-8080-exec-4] DEBUG org.hibernate.SQL.logStatement - select u1_0.id,u1_0.email,u1_0.fecha_registro,u1_0.password,u1_0.username from usuarios u1_0 where u1_0.username=?
2026-05-26 22:16:48.748 [http-nio-8080-exec-4] DEBUG org.hibernate.SQL.logStatement - select r1_0.usuario_id,r1_1.id,r1_1.nombre from usuarios_roles r1_0 join roles r1_1 on r1_1.id=r1_0.rol_id where r1_0.usuario_id=?
2026-05-26 22:16:48.823 [http-nio-8080-exec-4] DEBUG org.hibernate.SQL.logStatement - select u1_0.id,u1_0.email,u1_0.fecha_registro,u1_0.password,u1_0.username from usuarios u1_0 where u1_0.username=?
2026-05-26 22:16:48.836 [http-nio-8080-exec-4] INFO  c.h.b.controller.AuthController.login - Login exitoso para usuario 'empleadoAdmin' con roles: [ADMIN]
2026-05-26 22:16:48.838 [http-nio-8080-exec-4] DEBUG o.s.w.s.m.m.a.HttpEntityMethodProcessor.writeWithMessageConverters - Using 'application/json', given [*/*] and supported [application/json, application/*+json]
2026-05-26 22:16:48.838 [http-nio-8080-exec-4] DEBUG o.s.w.s.m.m.a.HttpEntityMethodProcessor.traceDebug - Writing [{success=true, roles=[ADMIN], message=Login exitoso, userId=5, username=empleadoAdmin, token=eyJhbGc (truncated)...]
2026-05-26 22:16:48.840 [http-nio-8080-exec-4] DEBUG o.s.web.servlet.DispatcherServlet.logResult - Completed 200 OK
2026-05-26 22:16:49.064 [http-nio-8080-exec-5] DEBUG o.s.web.servlet.DispatcherServlet.traceDebug - GET "/api/carrito", parameters={}
2026-05-26 22:16:49.064 [http-nio-8080-exec-5] DEBUG o.s.w.s.m.m.a.RequestMappingHandlerMapping.getHandler - Mapped to com.helene.backend.controller.CarritoController#obtener()
2026-05-26 22:16:49.064 [http-nio-8080-exec-5] INFO  c.h.b.controller.CarritoController.obtener - Obteniendo contenido del carrito
2026-05-26 22:16:49.066 [http-nio-8080-exec-5] DEBUG org.hibernate.SQL.logStatement - select u1_0.id,u1_0.email,u1_0.fecha_registro,u1_0.password,u1_0.username from usuarios u1_0 where u1_0.username=?
2026-05-26 22:16:49.067 [http-nio-8080-exec-5] DEBUG org.hibernate.SQL.logStatement - select r1_0.usuario_id,r1_1.id,r1_1.nombre from usuarios_roles r1_0 join roles r1_1 on r1_1.id=r1_0.rol_id where r1_0.usuario_id=?
2026-05-26 22:16:49.070 [http-nio-8080-exec-5] DEBUG org.hibernate.SQL.logStatement - select c1_0.id,c1_0.cantidad,c1_0.producto_id,c1_0.usuario_id from carrito_items c1_0 left join usuarios u1_0 on u1_0.id=c1_0.usuario_id where u1_0.id=?
2026-05-26 22:16:49.072 [http-nio-8080-exec-5] DEBUG org.hibernate.SQL.logStatement - select p1_0.id,p1_0.categoria_id,c1_0.id,c1_0.nombre,p1_0.descripcion,p1_0.descuento,p1_0.imagen_url,p1_0.nombre,p1_0.precio_final,p1_0.precio_original from productos p1_0 join categorias c1_0 on c1_0.id=p1_0.categoria_id where p1_0.id=?
2026-05-26 22:16:49.073 [http-nio-8080-exec-5] DEBUG org.hibernate.SQL.logStatement - select p1_0.id,p1_0.categoria_id,c1_0.id,c1_0.nombre,p1_0.descripcion,p1_0.descuento,p1_0.imagen_url,p1_0.nombre,p1_0.precio_final,p1_0.precio_original from productos p1_0 join categorias c1_0 on c1_0.id=p1_0.categoria_id where p1_0.id=?
2026-05-26 22:16:49.073 [http-nio-8080-exec-5] DEBUG org.hibernate.SQL.logStatement - select p1_0.id,p1_0.categoria_id,c1_0.id,c1_0.nombre,p1_0.descripcion,p1_0.descuento,p1_0.imagen_url,p1_0.nombre,p1_0.precio_final,p1_0.precio_original from productos p1_0 join categorias c1_0 on c1_0.id=p1_0.categoria_id where p1_0.id=?
2026-05-26 22:16:49.073 [http-nio-8080-exec-5] INFO  c.h.b.controller.CarritoController.obtener - Carrito obtenido con 3 items
2026-05-26 22:16:49.077 [http-nio-8080-exec-5] DEBUG o.s.w.s.m.m.a.RequestResponseBodyMethodProcessor.writeWithMessageConverters - Using 'application/json', given [*/*] and supported [application/json, application/*+json]
2026-05-26 22:16:49.077 [http-nio-8080-exec-5] DEBUG o.s.w.s.m.m.a.RequestResponseBodyMethodProcessor.traceDebug - Writing [[CarritoRespuestaDTO(id=44, productoId=2, nombreProducto=Agua micelar, precioProducto=29.99, cantida (truncated)...]
2026-05-26 22:16:49.079 [http-nio-8080-exec-5] DEBUG o.s.web.servlet.DispatcherServlet.logResult - Completed 200 OK
2026-05-26 22:16:49.099 [http-nio-8080-exec-6] DEBUG o.s.web.servlet.DispatcherServlet.traceDebug - GET "/api/carrito", parameters={}
2026-05-26 22:16:49.099 [http-nio-8080-exec-6] DEBUG o.s.w.s.m.m.a.RequestMappingHandlerMapping.getHandler - Mapped to com.helene.backend.controller.CarritoController#obtener()
2026-05-26 22:16:49.099 [http-nio-8080-exec-6] INFO  c.h.b.controller.CarritoController.obtener - Obteniendo contenido del carrito
2026-05-26 22:16:49.099 [http-nio-8080-exec-6] DEBUG org.hibernate.SQL.logStatement - select u1_0.id,u1_0.email,u1_0.fecha_registro,u1_0.password,u1_0.username from usuarios u1_0 where u1_0.username=?
2026-05-26 22:16:49.102 [http-nio-8080-exec-6] DEBUG org.hibernate.SQL.logStatement - select r1_0.usuario_id,r1_1.id,r1_1.nombre from usuarios_roles r1_0 join roles r1_1 on r1_1.id=r1_0.rol_id where r1_0.usuario_id=?
2026-05-26 22:16:49.103 [http-nio-8080-exec-6] DEBUG org.hibernate.SQL.logStatement - select c1_0.id,c1_0.cantidad,c1_0.producto_id,c1_0.usuario_id from carrito_items c1_0 left join usuarios u1_0 on u1_0.id=c1_0.usuario_id where u1_0.id=?
2026-05-26 22:16:49.103 [http-nio-8080-exec-6] DEBUG org.hibernate.SQL.logStatement - select p1_0.id,p1_0.categoria_id,c1_0.id,c1_0.nombre,p1_0.descripcion,p1_0.descuento,p1_0.imagen_url,p1_0.nombre,p1_0.precio_final,p1_0.precio_original from productos p1_0 join categorias c1_0 on c1_0.id=p1_0.categoria_id where p1_0.id=?
2026-05-26 22:16:49.103 [http-nio-8080-exec-6] DEBUG org.hibernate.SQL.logStatement - select p1_0.id,p1_0.categoria_id,c1_0.id,c1_0.nombre,p1_0.descripcion,p1_0.descuento,p1_0.imagen_url,p1_0.nombre,p1_0.precio_final,p1_0.precio_original from productos p1_0 join categorias c1_0 on c1_0.id=p1_0.categoria_id where p1_0.id=?
2026-05-26 22:16:49.103 [http-nio-8080-exec-6] DEBUG org.hibernate.SQL.logStatement - select p1_0.id,p1_0.categoria_id,c1_0.id,c1_0.nombre,p1_0.descripcion,p1_0.descuento,p1_0.imagen_url,p1_0.nombre,p1_0.precio_final,p1_0.precio_original from productos p1_0 join categorias c1_0 on c1_0.id=p1_0.categoria_id where p1_0.id=?
2026-05-26 22:16:49.103 [http-nio-8080-exec-6] INFO  c.h.b.controller.CarritoController.obtener - Carrito obtenido con 3 items
2026-05-26 22:16:49.103 [http-nio-8080-exec-6] DEBUG o.s.w.s.m.m.a.RequestResponseBodyMethodProcessor.writeWithMessageConverters - Using 'application/json', given [*/*] and supported [application/json, application/*+json]
2026-05-26 22:16:49.103 [http-nio-8080-exec-6] DEBUG o.s.w.s.m.m.a.RequestResponseBodyMethodProcessor.traceDebug - Writing [[CarritoRespuestaDTO(id=44, productoId=2, nombreProducto=Agua micelar, precioProducto=29.99, cantida (truncated)...]
2026-05-26 22:16:49.103 [http-nio-8080-exec-6] DEBUG o.s.web.servlet.DispatcherServlet.logResult - Completed 200 OK
2026-05-26 22:16:51.585 [http-nio-8080-exec-9] DEBUG o.s.web.servlet.DispatcherServlet.traceDebug - GET "/api/carrito", parameters={}
2026-05-26 22:16:51.586 [http-nio-8080-exec-9] DEBUG o.s.w.s.m.m.a.RequestMappingHandlerMapping.getHandler - Mapped to com.helene.backend.controller.CarritoController#obtener()
2026-05-26 22:16:51.586 [http-nio-8080-exec-9] INFO  c.h.b.controller.CarritoController.obtener - Obteniendo contenido del carrito
2026-05-26 22:16:51.587 [http-nio-8080-exec-9] DEBUG org.hibernate.SQL.logStatement - select u1_0.id,u1_0.email,u1_0.fecha_registro,u1_0.password,u1_0.username from usuarios u1_0 where u1_0.username=?
2026-05-26 22:16:51.589 [http-nio-8080-exec-9] DEBUG org.hibernate.SQL.logStatement - select r1_0.usuario_id,r1_1.id,r1_1.nombre from usuarios_roles r1_0 join roles r1_1 on r1_1.id=r1_0.rol_id where r1_0.usuario_id=?
2026-05-26 22:16:51.590 [http-nio-8080-exec-9] DEBUG org.hibernate.SQL.logStatement - select c1_0.id,c1_0.cantidad,c1_0.producto_id,c1_0.usuario_id from carrito_items c1_0 left join usuarios u1_0 on u1_0.id=c1_0.usuario_id where u1_0.id=?
2026-05-26 22:16:51.591 [http-nio-8080-exec-9] DEBUG org.hibernate.SQL.logStatement - select p1_0.id,p1_0.categoria_id,c1_0.id,c1_0.nombre,p1_0.descripcion,p1_0.descuento,p1_0.imagen_url,p1_0.nombre,p1_0.precio_final,p1_0.precio_original from productos p1_0 join categorias c1_0 on c1_0.id=p1_0.categoria_id where p1_0.id=?
2026-05-26 22:16:51.593 [http-nio-8080-exec-9] DEBUG org.hibernate.SQL.logStatement - select p1_0.id,p1_0.categoria_id,c1_0.id,c1_0.nombre,p1_0.descripcion,p1_0.descuento,p1_0.imagen_url,p1_0.nombre,p1_0.precio_final,p1_0.precio_original from productos p1_0 join categorias c1_0 on c1_0.id=p1_0.categoria_id where p1_0.id=?
2026-05-26 22:16:51.594 [http-nio-8080-exec-9] DEBUG org.hibernate.SQL.logStatement - select p1_0.id,p1_0.categoria_id,c1_0.id,c1_0.nombre,p1_0.descripcion,p1_0.descuento,p1_0.imagen_url,p1_0.nombre,p1_0.precio_final,p1_0.precio_original from productos p1_0 join categorias c1_0 on c1_0.id=p1_0.categoria_id where p1_0.id=?
2026-05-26 22:16:51.595 [http-nio-8080-exec-9] INFO  c.h.b.controller.CarritoController.obtener - Carrito obtenido con 3 items
2026-05-26 22:16:51.595 [http-nio-8080-exec-9] DEBUG o.s.w.s.m.m.a.RequestResponseBodyMethodProcessor.writeWithMessageConverters - Using 'application/json', given [*/*] and supported [application/json, application/*+json]
2026-05-26 22:16:51.595 [http-nio-8080-exec-9] DEBUG o.s.w.s.m.m.a.RequestResponseBodyMethodProcessor.traceDebug - Writing [[CarritoRespuestaDTO(id=44, productoId=2, nombreProducto=Agua micelar, precioProducto=29.99, cantida (truncated)...]
2026-05-26 22:16:51.596 [http-nio-8080-exec-9] DEBUG o.s.web.servlet.DispatcherServlet.logResult - Completed 200 OK
2026-05-26 22:16:51.619 [http-nio-8080-exec-10] DEBUG o.s.web.servlet.DispatcherServlet.traceDebug - GET "/api/productos/categoria/1", parameters={}
2026-05-26 22:16:51.620 [http-nio-8080-exec-10] DEBUG o.s.w.s.m.m.a.RequestMappingHandlerMapping.getHandler - Mapped to com.helene.backend.controller.ProductoController#listarPorCategoria(Long)
2026-05-26 22:16:51.620 [http-nio-8080-exec-10] INFO  c.h.b.controller.ProductoController.listarPorCategoria - Listando productos de la categoría id=1
2026-05-26 22:16:51.621 [http-nio-8080-exec-10] DEBUG org.hibernate.SQL.logStatement - select p1_0.id,p1_0.categoria_id,p1_0.descripcion,p1_0.descuento,p1_0.imagen_url,p1_0.nombre,p1_0.precio_final,p1_0.precio_original from productos p1_0 left join categorias c1_0 on c1_0.id=p1_0.categoria_id where c1_0.id=?
2026-05-26 22:16:51.622 [http-nio-8080-exec-10] DEBUG org.hibernate.SQL.logStatement - select c1_0.id,c1_0.nombre from categorias c1_0 where c1_0.id=?
2026-05-26 22:16:51.623 [http-nio-8080-exec-10] INFO  c.h.b.controller.ProductoController.listarPorCategoria - Se devuelven 2 productos para categoría id=1
2026-05-26 22:16:51.623 [http-nio-8080-exec-10] DEBUG o.s.w.s.m.m.a.RequestResponseBodyMethodProcessor.writeWithMessageConverters - Using 'application/json', given [*/*] and supported [application/json, application/*+json]
2026-05-26 22:16:51.623 [http-nio-8080-exec-10] DEBUG o.s.w.s.m.m.a.RequestResponseBodyMethodProcessor.traceDebug - Writing [[ProductoDTO(id=2, nombre=Agua micelar, precioOriginal=29.99, precioFinal=29.99, descuento=0, descri (truncated)...]
2026-05-26 22:16:51.625 [http-nio-8080-exec-10] DEBUG o.s.web.servlet.DispatcherServlet.logResult - Completed 200 OK
2026-05-26 22:16:51.638 [http-nio-8080-exec-1] DEBUG o.s.web.servlet.DispatcherServlet.traceDebug - GET "/api/carrito", parameters={}
2026-05-26 22:16:51.638 [http-nio-8080-exec-1] DEBUG o.s.w.s.m.m.a.RequestMappingHandlerMapping.getHandler - Mapped to com.helene.backend.controller.CarritoController#obtener()
2026-05-26 22:16:51.639 [http-nio-8080-exec-1] INFO  c.h.b.controller.CarritoController.obtener - Obteniendo contenido del carrito
2026-05-26 22:16:51.640 [http-nio-8080-exec-1] DEBUG org.hibernate.SQL.logStatement - select u1_0.id,u1_0.email,u1_0.fecha_registro,u1_0.password,u1_0.username from usuarios u1_0 where u1_0.username=?
2026-05-26 22:16:51.641 [http-nio-8080-exec-1] DEBUG org.hibernate.SQL.logStatement - select r1_0.usuario_id,r1_1.id,r1_1.nombre from usuarios_roles r1_0 join roles r1_1 on r1_1.id=r1_0.rol_id where r1_0.usuario_id=?
2026-05-26 22:16:51.643 [http-nio-8080-exec-1] DEBUG org.hibernate.SQL.logStatement - select c1_0.id,c1_0.cantidad,c1_0.producto_id,c1_0.usuario_id from carrito_items c1_0 left join usuarios u1_0 on u1_0.id=c1_0.usuario_id where u1_0.id=?
2026-05-26 22:16:51.644 [http-nio-8080-exec-1] DEBUG org.hibernate.SQL.logStatement - select p1_0.id,p1_0.categoria_id,c1_0.id,c1_0.nombre,p1_0.descripcion,p1_0.descuento,p1_0.imagen_url,p1_0.nombre,p1_0.precio_final,p1_0.precio_original from productos p1_0 join categorias c1_0 on c1_0.id=p1_0.categoria_id where p1_0.id=?
2026-05-26 22:16:51.645 [http-nio-8080-exec-1] DEBUG org.hibernate.SQL.logStatement - select p1_0.id,p1_0.categoria_id,c1_0.id,c1_0.nombre,p1_0.descripcion,p1_0.descuento,p1_0.imagen_url,p1_0.nombre,p1_0.precio_final,p1_0.precio_original from productos p1_0 join categorias c1_0 on c1_0.id=p1_0.categoria_id where p1_0.id=?
2026-05-26 22:16:51.646 [http-nio-8080-exec-1] DEBUG org.hibernate.SQL.logStatement - select p1_0.id,p1_0.categoria_id,c1_0.id,c1_0.nombre,p1_0.descripcion,p1_0.descuento,p1_0.imagen_url,p1_0.nombre,p1_0.precio_final,p1_0.precio_original from productos p1_0 join categorias c1_0 on c1_0.id=p1_0.categoria_id where p1_0.id=?
2026-05-26 22:16:51.647 [http-nio-8080-exec-1] INFO  c.h.b.controller.CarritoController.obtener - Carrito obtenido con 3 items
2026-05-26 22:16:51.648 [http-nio-8080-exec-1] DEBUG o.s.w.s.m.m.a.RequestResponseBodyMethodProcessor.writeWithMessageConverters - Using 'application/json', given [*/*] and supported [application/json, application/*+json]
2026-05-26 22:16:51.648 [http-nio-8080-exec-1] DEBUG o.s.w.s.m.m.a.RequestResponseBodyMethodProcessor.traceDebug - Writing [[CarritoRespuestaDTO(id=44, productoId=2, nombreProducto=Agua micelar, precioProducto=29.99, cantida (truncated)...]
2026-05-26 22:16:51.649 [http-nio-8080-exec-1] DEBUG o.s.web.servlet.DispatcherServlet.logResult - Completed 200 OK
2026-05-26 22:16:53.832 [http-nio-8080-exec-3] DEBUG o.s.web.servlet.DispatcherServlet.traceDebug - GET "/api/carrito", parameters={}
2026-05-26 22:16:53.832 [http-nio-8080-exec-3] DEBUG o.s.w.s.m.m.a.RequestMappingHandlerMapping.getHandler - Mapped to com.helene.backend.controller.CarritoController#obtener()
2026-05-26 22:16:53.832 [http-nio-8080-exec-3] INFO  c.h.b.controller.CarritoController.obtener - Obteniendo contenido del carrito
2026-05-26 22:16:53.833 [http-nio-8080-exec-3] DEBUG org.hibernate.SQL.logStatement - select u1_0.id,u1_0.email,u1_0.fecha_registro,u1_0.password,u1_0.username from usuarios u1_0 where u1_0.username=?
2026-05-26 22:16:53.835 [http-nio-8080-exec-3] DEBUG org.hibernate.SQL.logStatement - select r1_0.usuario_id,r1_1.id,r1_1.nombre from usuarios_roles r1_0 join roles r1_1 on r1_1.id=r1_0.rol_id where r1_0.usuario_id=?
2026-05-26 22:16:53.837 [http-nio-8080-exec-3] DEBUG org.hibernate.SQL.logStatement - select c1_0.id,c1_0.cantidad,c1_0.producto_id,c1_0.usuario_id from carrito_items c1_0 left join usuarios u1_0 on u1_0.id=c1_0.usuario_id where u1_0.id=?
2026-05-26 22:16:53.838 [http-nio-8080-exec-3] DEBUG org.hibernate.SQL.logStatement - select p1_0.id,p1_0.categoria_id,c1_0.id,c1_0.nombre,p1_0.descripcion,p1_0.descuento,p1_0.imagen_url,p1_0.nombre,p1_0.precio_final,p1_0.precio_original from productos p1_0 join categorias c1_0 on c1_0.id=p1_0.categoria_id where p1_0.id=?
2026-05-26 22:16:53.838 [http-nio-8080-exec-3] DEBUG org.hibernate.SQL.logStatement - select p1_0.id,p1_0.categoria_id,c1_0.id,c1_0.nombre,p1_0.descripcion,p1_0.descuento,p1_0.imagen_url,p1_0.nombre,p1_0.precio_final,p1_0.precio_original from productos p1_0 join categorias c1_0 on c1_0.id=p1_0.categoria_id where p1_0.id=?
2026-05-26 22:16:53.839 [http-nio-8080-exec-3] DEBUG org.hibernate.SQL.logStatement - select p1_0.id,p1_0.categoria_id,c1_0.id,c1_0.nombre,p1_0.descripcion,p1_0.descuento,p1_0.imagen_url,p1_0.nombre,p1_0.precio_final,p1_0.precio_original from productos p1_0 join categorias c1_0 on c1_0.id=p1_0.categoria_id where p1_0.id=?
2026-05-26 22:16:53.840 [http-nio-8080-exec-3] INFO  c.h.b.controller.CarritoController.obtener - Carrito obtenido con 3 items
2026-05-26 22:16:53.840 [http-nio-8080-exec-3] DEBUG o.s.w.s.m.m.a.RequestResponseBodyMethodProcessor.writeWithMessageConverters - Using 'application/json', given [*/*] and supported [application/json, application/*+json]
2026-05-26 22:16:53.840 [http-nio-8080-exec-3] DEBUG o.s.w.s.m.m.a.RequestResponseBodyMethodProcessor.traceDebug - Writing [[CarritoRespuestaDTO(id=44, productoId=2, nombreProducto=Agua micelar, precioProducto=29.99, cantida (truncated)...]
2026-05-26 22:16:53.841 [http-nio-8080-exec-3] DEBUG o.s.web.servlet.DispatcherServlet.logResult - Completed 200 OK
2026-05-26 22:16:53.852 [http-nio-8080-exec-4] DEBUG o.s.web.servlet.DispatcherServlet.traceDebug - GET "/api/carrito", parameters={}
2026-05-26 22:16:53.852 [http-nio-8080-exec-4] DEBUG o.s.w.s.m.m.a.RequestMappingHandlerMapping.getHandler - Mapped to com.helene.backend.controller.CarritoController#obtener()
2026-05-26 22:16:53.852 [http-nio-8080-exec-4] INFO  c.h.b.controller.CarritoController.obtener - Obteniendo contenido del carrito
2026-05-26 22:16:53.853 [http-nio-8080-exec-4] DEBUG org.hibernate.SQL.logStatement - select u1_0.id,u1_0.email,u1_0.fecha_registro,u1_0.password,u1_0.username from usuarios u1_0 where u1_0.username=?
2026-05-26 22:16:53.855 [http-nio-8080-exec-4] DEBUG org.hibernate.SQL.logStatement - select r1_0.usuario_id,r1_1.id,r1_1.nombre from usuarios_roles r1_0 join roles r1_1 on r1_1.id=r1_0.rol_id where r1_0.usuario_id=?
2026-05-26 22:16:53.857 [http-nio-8080-exec-4] DEBUG org.hibernate.SQL.logStatement - select c1_0.id,c1_0.cantidad,c1_0.producto_id,c1_0.usuario_id from carrito_items c1_0 left join usuarios u1_0 on u1_0.id=c1_0.usuario_id where u1_0.id=?
2026-05-26 22:16:53.858 [http-nio-8080-exec-4] DEBUG org.hibernate.SQL.logStatement - select p1_0.id,p1_0.categoria_id,c1_0.id,c1_0.nombre,p1_0.descripcion,p1_0.descuento,p1_0.imagen_url,p1_0.nombre,p1_0.precio_final,p1_0.precio_original from productos p1_0 join categorias c1_0 on c1_0.id=p1_0.categoria_id where p1_0.id=?
2026-05-26 22:16:53.859 [http-nio-8080-exec-4] DEBUG org.hibernate.SQL.logStatement - select p1_0.id,p1_0.categoria_id,c1_0.id,c1_0.nombre,p1_0.descripcion,p1_0.descuento,p1_0.imagen_url,p1_0.nombre,p1_0.precio_final,p1_0.precio_original from productos p1_0 join categorias c1_0 on c1_0.id=p1_0.categoria_id where p1_0.id=?
2026-05-26 22:16:53.861 [http-nio-8080-exec-4] DEBUG org.hibernate.SQL.logStatement - select p1_0.id,p1_0.categoria_id,c1_0.id,c1_0.nombre,p1_0.descripcion,p1_0.descuento,p1_0.imagen_url,p1_0.nombre,p1_0.precio_final,p1_0.precio_original from productos p1_0 join categorias c1_0 on c1_0.id=p1_0.categoria_id where p1_0.id=?
2026-05-26 22:16:53.861 [http-nio-8080-exec-4] INFO  c.h.b.controller.CarritoController.obtener - Carrito obtenido con 3 items
2026-05-26 22:16:53.862 [http-nio-8080-exec-4] DEBUG o.s.w.s.m.m.a.RequestResponseBodyMethodProcessor.writeWithMessageConverters - Using 'application/json', given [*/*] and supported [application/json, application/*+json]
2026-05-26 22:16:53.862 [http-nio-8080-exec-4] DEBUG o.s.w.s.m.m.a.RequestResponseBodyMethodProcessor.traceDebug - Writing [[CarritoRespuestaDTO(id=44, productoId=2, nombreProducto=Agua micelar, precioProducto=29.99, cantida (truncated)...]
2026-05-26 22:16:53.863 [http-nio-8080-exec-4] DEBUG o.s.web.servlet.DispatcherServlet.logResult - Completed 200 OK
2026-05-26 22:17:27.409 [http-nio-8080-exec-7] DEBUG o.s.web.servlet.DispatcherServlet.traceDebug - GET "/api/carrito", parameters={}
2026-05-26 22:17:27.409 [http-nio-8080-exec-7] DEBUG o.s.w.s.m.m.a.RequestMappingHandlerMapping.getHandler - Mapped to com.helene.backend.controller.CarritoController#obtener()
2026-05-26 22:17:27.409 [http-nio-8080-exec-7] INFO  c.h.b.controller.CarritoController.obtener - Obteniendo contenido del carrito
2026-05-26 22:17:27.409 [http-nio-8080-exec-7] DEBUG org.hibernate.SQL.logStatement - select u1_0.id,u1_0.email,u1_0.fecha_registro,u1_0.password,u1_0.username from usuarios u1_0 where u1_0.username=?
2026-05-26 22:17:27.414 [http-nio-8080-exec-7] DEBUG org.hibernate.SQL.logStatement - select r1_0.usuario_id,r1_1.id,r1_1.nombre from usuarios_roles r1_0 join roles r1_1 on r1_1.id=r1_0.rol_id where r1_0.usuario_id=?
2026-05-26 22:17:27.415 [http-nio-8080-exec-7] DEBUG org.hibernate.SQL.logStatement - select c1_0.id,c1_0.cantidad,c1_0.producto_id,c1_0.usuario_id from carrito_items c1_0 left join usuarios u1_0 on u1_0.id=c1_0.usuario_id where u1_0.id=?
2026-05-26 22:17:27.416 [http-nio-8080-exec-7] DEBUG org.hibernate.SQL.logStatement - select p1_0.id,p1_0.categoria_id,c1_0.id,c1_0.nombre,p1_0.descripcion,p1_0.descuento,p1_0.imagen_url,p1_0.nombre,p1_0.precio_final,p1_0.precio_original from productos p1_0 join categorias c1_0 on c1_0.id=p1_0.categoria_id where p1_0.id=?
2026-05-26 22:17:27.417 [http-nio-8080-exec-7] DEBUG org.hibernate.SQL.logStatement - select p1_0.id,p1_0.categoria_id,c1_0.id,c1_0.nombre,p1_0.descripcion,p1_0.descuento,p1_0.imagen_url,p1_0.nombre,p1_0.precio_final,p1_0.precio_original from productos p1_0 join categorias c1_0 on c1_0.id=p1_0.categoria_id where p1_0.id=?
2026-05-26 22:17:27.418 [http-nio-8080-exec-7] DEBUG org.hibernate.SQL.logStatement - select p1_0.id,p1_0.categoria_id,c1_0.id,c1_0.nombre,p1_0.descripcion,p1_0.descuento,p1_0.imagen_url,p1_0.nombre,p1_0.precio_final,p1_0.precio_original from productos p1_0 join categorias c1_0 on c1_0.id=p1_0.categoria_id where p1_0.id=?
2026-05-26 22:17:27.419 [http-nio-8080-exec-7] INFO  c.h.b.controller.CarritoController.obtener - Carrito obtenido con 3 items
2026-05-26 22:17:27.420 [http-nio-8080-exec-7] DEBUG o.s.w.s.m.m.a.RequestResponseBodyMethodProcessor.writeWithMessageConverters - Using 'application/json', given [*/*] and supported [application/json, application/*+json]
2026-05-26 22:17:27.420 [http-nio-8080-exec-7] DEBUG o.s.w.s.m.m.a.RequestResponseBodyMethodProcessor.traceDebug - Writing [[CarritoRespuestaDTO(id=44, productoId=2, nombreProducto=Agua micelar, precioProducto=29.99, cantida (truncated)...]
2026-05-26 22:17:27.421 [http-nio-8080-exec-7] DEBUG o.s.web.servlet.DispatcherServlet.logResult - Completed 200 OK
2026-05-26 22:17:29.670 [http-nio-8080-exec-9] DEBUG o.s.web.servlet.DispatcherServlet.traceDebug - GET "/api/carrito", parameters={}
2026-05-26 22:17:29.670 [http-nio-8080-exec-9] DEBUG o.s.w.s.m.m.a.RequestMappingHandlerMapping.getHandler - Mapped to com.helene.backend.controller.CarritoController#obtener()
2026-05-26 22:17:29.670 [http-nio-8080-exec-9] INFO  c.h.b.controller.CarritoController.obtener - Obteniendo contenido del carrito
2026-05-26 22:17:29.671 [http-nio-8080-exec-9] DEBUG org.hibernate.SQL.logStatement - select u1_0.id,u1_0.email,u1_0.fecha_registro,u1_0.password,u1_0.username from usuarios u1_0 where u1_0.username=?
2026-05-26 22:17:29.674 [http-nio-8080-exec-9] DEBUG org.hibernate.SQL.logStatement - select r1_0.usuario_id,r1_1.id,r1_1.nombre from usuarios_roles r1_0 join roles r1_1 on r1_1.id=r1_0.rol_id where r1_0.usuario_id=?
2026-05-26 22:17:29.676 [http-nio-8080-exec-9] DEBUG org.hibernate.SQL.logStatement - select c1_0.id,c1_0.cantidad,c1_0.producto_id,c1_0.usuario_id from carrito_items c1_0 left join usuarios u1_0 on u1_0.id=c1_0.usuario_id where u1_0.id=?
2026-05-26 22:17:29.676 [http-nio-8080-exec-9] DEBUG org.hibernate.SQL.logStatement - select p1_0.id,p1_0.categoria_id,c1_0.id,c1_0.nombre,p1_0.descripcion,p1_0.descuento,p1_0.imagen_url,p1_0.nombre,p1_0.precio_final,p1_0.precio_original from productos p1_0 join categorias c1_0 on c1_0.id=p1_0.categoria_id where p1_0.id=?
2026-05-26 22:17:29.677 [http-nio-8080-exec-9] DEBUG org.hibernate.SQL.logStatement - select p1_0.id,p1_0.categoria_id,c1_0.id,c1_0.nombre,p1_0.descripcion,p1_0.descuento,p1_0.imagen_url,p1_0.nombre,p1_0.precio_final,p1_0.precio_original from productos p1_0 join categorias c1_0 on c1_0.id=p1_0.categoria_id where p1_0.id=?
2026-05-26 22:17:29.678 [http-nio-8080-exec-9] DEBUG org.hibernate.SQL.logStatement - select p1_0.id,p1_0.categoria_id,c1_0.id,c1_0.nombre,p1_0.descripcion,p1_0.descuento,p1_0.imagen_url,p1_0.nombre,p1_0.precio_final,p1_0.precio_original from productos p1_0 join categorias c1_0 on c1_0.id=p1_0.categoria_id where p1_0.id=?
2026-05-26 22:17:29.679 [http-nio-8080-exec-9] INFO  c.h.b.controller.CarritoController.obtener - Carrito obtenido con 3 items
2026-05-26 22:17:29.679 [http-nio-8080-exec-9] DEBUG o.s.w.s.m.m.a.RequestResponseBodyMethodProcessor.writeWithMessageConverters - Using 'application/json', given [*/*] and supported [application/json, application/*+json]
2026-05-26 22:17:29.679 [http-nio-8080-exec-9] DEBUG o.s.w.s.m.m.a.RequestResponseBodyMethodProcessor.traceDebug - Writing [[CarritoRespuestaDTO(id=44, productoId=2, nombreProducto=Agua micelar, precioProducto=29.99, cantida (truncated)...]
2026-05-26 22:17:29.680 [http-nio-8080-exec-9] DEBUG o.s.web.servlet.DispatcherServlet.logResult - Completed 200 OK
2026-05-26 22:17:31.272 [http-nio-8080-exec-10] DEBUG o.s.web.servlet.DispatcherServlet.traceDebug - GET "/api/carrito", parameters={}
2026-05-26 22:17:31.273 [http-nio-8080-exec-10] DEBUG o.s.w.s.m.m.a.RequestMappingHandlerMapping.getHandler - Mapped to com.helene.backend.controller.CarritoController#obtener()
2026-05-26 22:17:31.273 [http-nio-8080-exec-10] INFO  c.h.b.controller.CarritoController.obtener - Obteniendo contenido del carrito
2026-05-26 22:17:31.275 [http-nio-8080-exec-10] DEBUG org.hibernate.SQL.logStatement - select u1_0.id,u1_0.email,u1_0.fecha_registro,u1_0.password,u1_0.username from usuarios u1_0 where u1_0.username=?
2026-05-26 22:17:31.276 [http-nio-8080-exec-10] DEBUG org.hibernate.SQL.logStatement - select r1_0.usuario_id,r1_1.id,r1_1.nombre from usuarios_roles r1_0 join roles r1_1 on r1_1.id=r1_0.rol_id where r1_0.usuario_id=?
2026-05-26 22:17:31.277 [http-nio-8080-exec-10] DEBUG org.hibernate.SQL.logStatement - select c1_0.id,c1_0.cantidad,c1_0.producto_id,c1_0.usuario_id from carrito_items c1_0 left join usuarios u1_0 on u1_0.id=c1_0.usuario_id where u1_0.id=?
2026-05-26 22:17:31.278 [http-nio-8080-exec-10] DEBUG org.hibernate.SQL.logStatement - select p1_0.id,p1_0.categoria_id,c1_0.id,c1_0.nombre,p1_0.descripcion,p1_0.descuento,p1_0.imagen_url,p1_0.nombre,p1_0.precio_final,p1_0.precio_original from productos p1_0 join categorias c1_0 on c1_0.id=p1_0.categoria_id where p1_0.id=?
2026-05-26 22:17:31.278 [http-nio-8080-exec-10] DEBUG org.hibernate.SQL.logStatement - select p1_0.id,p1_0.categoria_id,c1_0.id,c1_0.nombre,p1_0.descripcion,p1_0.descuento,p1_0.imagen_url,p1_0.nombre,p1_0.precio_final,p1_0.precio_original from productos p1_0 join categorias c1_0 on c1_0.id=p1_0.categoria_id where p1_0.id=?
2026-05-26 22:17:31.279 [http-nio-8080-exec-10] DEBUG org.hibernate.SQL.logStatement - select p1_0.id,p1_0.categoria_id,c1_0.id,c1_0.nombre,p1_0.descripcion,p1_0.descuento,p1_0.imagen_url,p1_0.nombre,p1_0.precio_final,p1_0.precio_original from productos p1_0 join categorias c1_0 on c1_0.id=p1_0.categoria_id where p1_0.id=?
2026-05-26 22:17:31.280 [http-nio-8080-exec-10] INFO  c.h.b.controller.CarritoController.obtener - Carrito obtenido con 3 items
2026-05-26 22:17:31.280 [http-nio-8080-exec-10] DEBUG o.s.w.s.m.m.a.RequestResponseBodyMethodProcessor.writeWithMessageConverters - Using 'application/json', given [*/*] and supported [application/json, application/*+json]
2026-05-26 22:17:31.281 [http-nio-8080-exec-10] DEBUG o.s.w.s.m.m.a.RequestResponseBodyMethodProcessor.traceDebug - Writing [[CarritoRespuestaDTO(id=44, productoId=2, nombreProducto=Agua micelar, precioProducto=29.99, cantida (truncated)...]
2026-05-26 22:17:31.281 [http-nio-8080-exec-10] DEBUG o.s.web.servlet.DispatcherServlet.logResult - Completed 200 OK
2026-05-26 22:19:56.662 [SpringApplicationShutdownHook] INFO  o.s.o.j.LocalContainerEntityManagerFactoryBean.destroy - Closing JPA EntityManagerFactory for persistence unit 'default'
2026-05-26 22:19:56.664 [SpringApplicationShutdownHook] INFO  com.zaxxer.hikari.HikariDataSource.close - HikariPool-1 - Shutdown initiated...
2026-05-26 22:19:56.671 [SpringApplicationShutdownHook] INFO  com.zaxxer.hikari.HikariDataSource.close - HikariPool-1 - Shutdown completed.
