2026-05-25 10:21:09.672 [main] INFO  c.h.backend.HeleneBackendApplication.logStarting - Starting HeleneBackendApplication using Java 21.0.7 with PID 8332 (C:\Users\celia\Desktop\Helene\target\classes started by celia in C:\Users\celia\Desktop\Helene)
2026-05-25 10:21:09.682 [main] INFO  c.h.backend.HeleneBackendApplication.logStartupProfileInfo - No active profile set, falling back to 1 default profile: "default"
2026-05-25 10:21:11.136 [main] INFO  o.s.d.r.c.RepositoryConfigurationDelegate.registerRepositoriesIn - Bootstrapping Spring Data JPA repositories in DEFAULT mode.
2026-05-25 10:21:11.309 [main] INFO  o.s.d.r.c.RepositoryConfigurationDelegate.registerRepositoriesIn - Finished Spring Data repository scanning in 165 ms. Found 7 JPA repository interfaces.
2026-05-25 10:21:11.812 [main] INFO  o.s.b.w.e.tomcat.TomcatWebServer.initialize - Tomcat initialized with port 8080 (http)
2026-05-25 10:21:11.822 [main] INFO  o.a.catalina.core.StandardService.log - Starting service [Tomcat]
2026-05-25 10:21:11.822 [main] INFO  o.a.catalina.core.StandardEngine.log - Starting Servlet engine: [Apache Tomcat/10.1.17]
2026-05-25 10:21:11.885 [main] INFO  o.a.c.c.C.[Tomcat].[localhost].[/].log - Initializing Spring embedded WebApplicationContext
2026-05-25 10:21:11.885 [main] INFO  o.s.b.w.s.c.ServletWebServerApplicationContext.prepareWebApplicationContext - Root WebApplicationContext: initialization completed in 2168 ms
2026-05-25 10:21:12.119 [main] INFO  com.zaxxer.hikari.HikariDataSource.getConnection - HikariPool-1 - Starting...
2026-05-25 10:21:13.311 [main] ERROR com.zaxxer.hikari.pool.HikariPool.throwPoolInitializationException - HikariPool-1 - Exception during pool initialization.
java.sql.SQLNonTransientConnectionException: Public Key Retrieval is not allowed
	at com.mysql.cj.jdbc.exceptions.SQLError.createSQLException(SQLError.java:111)
	at com.mysql.cj.jdbc.exceptions.SQLExceptionsMapping.translateException(SQLExceptionsMapping.java:122)
	at com.mysql.cj.jdbc.ConnectionImpl.createNewIO(ConnectionImpl.java:819)
	at com.mysql.cj.jdbc.ConnectionImpl.<init>(ConnectionImpl.java:440)
	at com.mysql.cj.jdbc.ConnectionImpl.getInstance(ConnectionImpl.java:239)
	at com.mysql.cj.jdbc.NonRegisteringDriver.connect(NonRegisteringDriver.java:188)
	at com.zaxxer.hikari.util.DriverDataSource.getConnection(DriverDataSource.java:138)
	at com.zaxxer.hikari.pool.PoolBase.newConnection(PoolBase.java:359)
	at com.zaxxer.hikari.pool.PoolBase.newPoolEntry(PoolBase.java:201)
	at com.zaxxer.hikari.pool.HikariPool.createPoolEntry(HikariPool.java:470)
	at com.zaxxer.hikari.pool.HikariPool.checkFailFast(HikariPool.java:561)
	at com.zaxxer.hikari.pool.HikariPool.<init>(HikariPool.java:100)
	at com.zaxxer.hikari.HikariDataSource.getConnection(HikariDataSource.java:112)
	at org.flywaydb.core.internal.jdbc.JdbcUtils.openConnection(JdbcUtils.java:65)
	at org.flywaydb.core.internal.jdbc.JdbcConnectionFactory.<init>(JdbcConnectionFactory.java:76)
	at org.flywaydb.core.FlywayExecutor.execute(FlywayExecutor.java:142)
	at org.flywaydb.core.Flyway.migrate(Flyway.java:186)
	at com.helene.backend.config.FlywayConfig.flyway(FlywayConfig.java:35)
	at com.helene.backend.config.FlywayConfig$$SpringCGLIB$$0.CGLIB$flyway$0(<generated>)
	at com.helene.backend.config.FlywayConfig$$SpringCGLIB$$FastClass$$1.invoke(<generated>)
	at org.springframework.cglib.proxy.MethodProxy.invokeSuper(MethodProxy.java:258)
	at org.springframework.context.annotation.ConfigurationClassEnhancer$BeanMethodInterceptor.intercept(ConfigurationClassEnhancer.java:331)
	at com.helene.backend.config.FlywayConfig$$SpringCGLIB$$0.flyway(<generated>)
	at java.base/jdk.internal.reflect.DirectMethodHandleAccessor.invoke(DirectMethodHandleAccessor.java:103)
	at java.base/java.lang.reflect.Method.invoke(Method.java:580)
	at org.springframework.beans.factory.support.SimpleInstantiationStrategy.instantiate(SimpleInstantiationStrategy.java:140)
	at org.springframework.beans.factory.support.ConstructorResolver.instantiate(ConstructorResolver.java:651)
	at org.springframework.beans.factory.support.ConstructorResolver.instantiateUsingFactoryMethod(ConstructorResolver.java:643)
	at org.springframework.beans.factory.support.AbstractAutowireCapableBeanFactory.instantiateUsingFactoryMethod(AbstractAutowireCapableBeanFactory.java:1334)
	at org.springframework.beans.factory.support.AbstractAutowireCapableBeanFactory.createBeanInstance(AbstractAutowireCapableBeanFactory.java:1164)
	at org.springframework.beans.factory.support.AbstractAutowireCapableBeanFactory.doCreateBean(AbstractAutowireCapableBeanFactory.java:561)
	at org.springframework.beans.factory.support.AbstractAutowireCapableBeanFactory.createBean(AbstractAutowireCapableBeanFactory.java:521)
	at org.springframework.beans.factory.support.AbstractBeanFactory.lambda$doGetBean$0(AbstractBeanFactory.java:325)
	at org.springframework.beans.factory.support.DefaultSingletonBeanRegistry.getSingleton(DefaultSingletonBeanRegistry.java:234)
	at org.springframework.beans.factory.support.AbstractBeanFactory.doGetBean(AbstractBeanFactory.java:323)
	at org.springframework.beans.factory.support.AbstractBeanFactory.getBean(AbstractBeanFactory.java:199)
	at org.springframework.beans.factory.support.AbstractBeanFactory.doGetBean(AbstractBeanFactory.java:312)
	at org.springframework.beans.factory.support.AbstractBeanFactory.getBean(AbstractBeanFactory.java:199)
	at org.springframework.context.support.AbstractApplicationContext.getBean(AbstractApplicationContext.java:1232)
	at org.springframework.context.support.AbstractApplicationContext.finishBeanFactoryInitialization(AbstractApplicationContext.java:950)
	at org.springframework.context.support.AbstractApplicationContext.refresh(AbstractApplicationContext.java:625)
	at org.springframework.boot.web.servlet.context.ServletWebServerApplicationContext.refresh(ServletWebServerApplicationContext.java:146)
	at org.springframework.boot.SpringApplication.refresh(SpringApplication.java:762)
	at org.springframework.boot.SpringApplication.refreshContext(SpringApplication.java:464)
	at org.springframework.boot.SpringApplication.run(SpringApplication.java:334)
	at org.springframework.boot.SpringApplication.run(SpringApplication.java:1358)
	at org.springframework.boot.SpringApplication.run(SpringApplication.java:1347)
	at com.helene.backend.HeleneBackendApplication.main(HeleneBackendApplication.java:10)
Caused by: com.mysql.cj.exceptions.UnableToConnectException: Public Key Retrieval is not allowed
	at java.base/jdk.internal.reflect.DirectConstructorHandleAccessor.newInstance(DirectConstructorHandleAccessor.java:62)
	at java.base/java.lang.reflect.Constructor.newInstanceWithCaller(Constructor.java:502)
	at java.base/java.lang.reflect.Constructor.newInstance(Constructor.java:486)
	at com.mysql.cj.exceptions.ExceptionFactory.createException(ExceptionFactory.java:62)
	at com.mysql.cj.exceptions.ExceptionFactory.createException(ExceptionFactory.java:86)
	at com.mysql.cj.protocol.a.authentication.CachingSha2PasswordPlugin.nextAuthenticationStep(CachingSha2PasswordPlugin.java:130)
	at com.mysql.cj.protocol.a.authentication.CachingSha2PasswordPlugin.nextAuthenticationStep(CachingSha2PasswordPlugin.java:49)
	at com.mysql.cj.protocol.a.NativeAuthenticationProvider.proceedHandshakeWithPluggableAuthentication(NativeAuthenticationProvider.java:443)
	at com.mysql.cj.protocol.a.NativeAuthenticationProvider.connect(NativeAuthenticationProvider.java:213)
	at com.mysql.cj.protocol.a.NativeProtocol.connect(NativeProtocol.java:1430)
	at com.mysql.cj.NativeSession.connect(NativeSession.java:134)
	at com.mysql.cj.jdbc.ConnectionImpl.connectOneTryOnly(ConnectionImpl.java:939)
	at com.mysql.cj.jdbc.ConnectionImpl.createNewIO(ConnectionImpl.java:809)
	... 45 common frames omitted
2026-05-25 10:21:13.317 [main] WARN  o.s.b.w.s.c.AnnotationConfigServletWebServerApplicationContext.refresh - Exception encountered during context initialization - cancelling refresh attempt: org.springframework.beans.factory.BeanCreationException: Error creating bean with name 'flyway' defined in class path resource [com/helene/backend/config/FlywayConfig.class]: Failed to instantiate [org.flywaydb.core.Flyway]: Factory method 'flyway' threw exception with message: Unable to obtain connection from database: Public Key Retrieval is not allowed
------------------------------------------------------------------------------
SQL State  : 08001
Error Code : 0
Message    : Public Key Retrieval is not allowed

2026-05-25 10:21:13.320 [main] INFO  o.a.catalina.core.StandardService.log - Stopping service [Tomcat]
2026-05-25 10:21:13.330 [main] INFO  o.s.b.a.l.ConditionEvaluationReportLogger.logMessage - 

Error starting ApplicationContext. To display the condition evaluation report re-run your application with 'debug' enabled.
2026-05-25 10:21:13.344 [main] ERROR o.s.boot.SpringApplication.reportFailure - Application run failed
org.springframework.beans.factory.BeanCreationException: Error creating bean with name 'flyway' defined in class path resource [com/helene/backend/config/FlywayConfig.class]: Failed to instantiate [org.flywaydb.core.Flyway]: Factory method 'flyway' threw exception with message: Unable to obtain connection from database: Public Key Retrieval is not allowed
------------------------------------------------------------------------------
SQL State  : 08001
Error Code : 0
Message    : Public Key Retrieval is not allowed

	at org.springframework.beans.factory.support.ConstructorResolver.instantiate(ConstructorResolver.java:655)
	at org.springframework.beans.factory.support.ConstructorResolver.instantiateUsingFactoryMethod(ConstructorResolver.java:643)
	at org.springframework.beans.factory.support.AbstractAutowireCapableBeanFactory.instantiateUsingFactoryMethod(AbstractAutowireCapableBeanFactory.java:1334)
	at org.springframework.beans.factory.support.AbstractAutowireCapableBeanFactory.createBeanInstance(AbstractAutowireCapableBeanFactory.java:1164)
	at org.springframework.beans.factory.support.AbstractAutowireCapableBeanFactory.doCreateBean(AbstractAutowireCapableBeanFactory.java:561)
	at org.springframework.beans.factory.support.AbstractAutowireCapableBeanFactory.createBean(AbstractAutowireCapableBeanFactory.java:521)
	at org.springframework.beans.factory.support.AbstractBeanFactory.lambda$doGetBean$0(AbstractBeanFactory.java:325)
	at org.springframework.beans.factory.support.DefaultSingletonBeanRegistry.getSingleton(DefaultSingletonBeanRegistry.java:234)
	at org.springframework.beans.factory.support.AbstractBeanFactory.doGetBean(AbstractBeanFactory.java:323)
	at org.springframework.beans.factory.support.AbstractBeanFactory.getBean(AbstractBeanFactory.java:199)
	at org.springframework.beans.factory.support.AbstractBeanFactory.doGetBean(AbstractBeanFactory.java:312)
	at org.springframework.beans.factory.support.AbstractBeanFactory.getBean(AbstractBeanFactory.java:199)
	at org.springframework.context.support.AbstractApplicationContext.getBean(AbstractApplicationContext.java:1232)
	at org.springframework.context.support.AbstractApplicationContext.finishBeanFactoryInitialization(AbstractApplicationContext.java:950)
	at org.springframework.context.support.AbstractApplicationContext.refresh(AbstractApplicationContext.java:625)
	at org.springframework.boot.web.servlet.context.ServletWebServerApplicationContext.refresh(ServletWebServerApplicationContext.java:146)
	at org.springframework.boot.SpringApplication.refresh(SpringApplication.java:762)
	at org.springframework.boot.SpringApplication.refreshContext(SpringApplication.java:464)
	at org.springframework.boot.SpringApplication.run(SpringApplication.java:334)
	at org.springframework.boot.SpringApplication.run(SpringApplication.java:1358)
	at org.springframework.boot.SpringApplication.run(SpringApplication.java:1347)
	at com.helene.backend.HeleneBackendApplication.main(HeleneBackendApplication.java:10)
Caused by: org.springframework.beans.BeanInstantiationException: Failed to instantiate [org.flywaydb.core.Flyway]: Factory method 'flyway' threw exception with message: Unable to obtain connection from database: Public Key Retrieval is not allowed
------------------------------------------------------------------------------
SQL State  : 08001
Error Code : 0
Message    : Public Key Retrieval is not allowed

	at org.springframework.beans.factory.support.SimpleInstantiationStrategy.instantiate(SimpleInstantiationStrategy.java:177)
	at org.springframework.beans.factory.support.ConstructorResolver.instantiate(ConstructorResolver.java:651)
	... 21 common frames omitted
Caused by: org.flywaydb.core.internal.exception.sqlExceptions.FlywaySqlUnableToConnectToDbException: Unable to obtain connection from database: Public Key Retrieval is not allowed
------------------------------------------------------------------------------
SQL State  : 08001
Error Code : 0
Message    : Public Key Retrieval is not allowed

	at org.flywaydb.core.internal.jdbc.JdbcUtils.openConnection(JdbcUtils.java:70)
	at org.flywaydb.core.internal.jdbc.JdbcConnectionFactory.<init>(JdbcConnectionFactory.java:76)
	at org.flywaydb.core.FlywayExecutor.execute(FlywayExecutor.java:142)
	at org.flywaydb.core.Flyway.migrate(Flyway.java:186)
	at com.helene.backend.config.FlywayConfig.flyway(FlywayConfig.java:35)
	at com.helene.backend.config.FlywayConfig$$SpringCGLIB$$0.CGLIB$flyway$0(<generated>)
	at com.helene.backend.config.FlywayConfig$$SpringCGLIB$$FastClass$$1.invoke(<generated>)
	at org.springframework.cglib.proxy.MethodProxy.invokeSuper(MethodProxy.java:258)
	at org.springframework.context.annotation.ConfigurationClassEnhancer$BeanMethodInterceptor.intercept(ConfigurationClassEnhancer.java:331)
	at com.helene.backend.config.FlywayConfig$$SpringCGLIB$$0.flyway(<generated>)
	at java.base/jdk.internal.reflect.DirectMethodHandleAccessor.invoke(DirectMethodHandleAccessor.java:103)
	at java.base/java.lang.reflect.Method.invoke(Method.java:580)
	at org.springframework.beans.factory.support.SimpleInstantiationStrategy.instantiate(SimpleInstantiationStrategy.java:140)
	... 22 common frames omitted
Caused by: java.sql.SQLNonTransientConnectionException: Public Key Retrieval is not allowed
	at com.mysql.cj.jdbc.exceptions.SQLError.createSQLException(SQLError.java:111)
	at com.mysql.cj.jdbc.exceptions.SQLExceptionsMapping.translateException(SQLExceptionsMapping.java:122)
	at com.mysql.cj.jdbc.ConnectionImpl.createNewIO(ConnectionImpl.java:819)
	at com.mysql.cj.jdbc.ConnectionImpl.<init>(ConnectionImpl.java:440)
	at com.mysql.cj.jdbc.ConnectionImpl.getInstance(ConnectionImpl.java:239)
	at com.mysql.cj.jdbc.NonRegisteringDriver.connect(NonRegisteringDriver.java:188)
	at com.zaxxer.hikari.util.DriverDataSource.getConnection(DriverDataSource.java:138)
	at com.zaxxer.hikari.pool.PoolBase.newConnection(PoolBase.java:359)
	at com.zaxxer.hikari.pool.PoolBase.newPoolEntry(PoolBase.java:201)
	at com.zaxxer.hikari.pool.HikariPool.createPoolEntry(HikariPool.java:470)
	at com.zaxxer.hikari.pool.HikariPool.checkFailFast(HikariPool.java:561)
	at com.zaxxer.hikari.pool.HikariPool.<init>(HikariPool.java:100)
	at com.zaxxer.hikari.HikariDataSource.getConnection(HikariDataSource.java:112)
	at org.flywaydb.core.internal.jdbc.JdbcUtils.openConnection(JdbcUtils.java:65)
	... 34 common frames omitted
Caused by: com.mysql.cj.exceptions.UnableToConnectException: Public Key Retrieval is not allowed
	at java.base/jdk.internal.reflect.DirectConstructorHandleAccessor.newInstance(DirectConstructorHandleAccessor.java:62)
	at java.base/java.lang.reflect.Constructor.newInstanceWithCaller(Constructor.java:502)
	at java.base/java.lang.reflect.Constructor.newInstance(Constructor.java:486)
	at com.mysql.cj.exceptions.ExceptionFactory.createException(ExceptionFactory.java:62)
	at com.mysql.cj.exceptions.ExceptionFactory.createException(ExceptionFactory.java:86)
	at com.mysql.cj.protocol.a.authentication.CachingSha2PasswordPlugin.nextAuthenticationStep(CachingSha2PasswordPlugin.java:130)
	at com.mysql.cj.protocol.a.authentication.CachingSha2PasswordPlugin.nextAuthenticationStep(CachingSha2PasswordPlugin.java:49)
	at com.mysql.cj.protocol.a.NativeAuthenticationProvider.proceedHandshakeWithPluggableAuthentication(NativeAuthenticationProvider.java:443)
	at com.mysql.cj.protocol.a.NativeAuthenticationProvider.connect(NativeAuthenticationProvider.java:213)
	at com.mysql.cj.protocol.a.NativeProtocol.connect(NativeProtocol.java:1430)
	at com.mysql.cj.NativeSession.connect(NativeSession.java:134)
	at com.mysql.cj.jdbc.ConnectionImpl.connectOneTryOnly(ConnectionImpl.java:939)
	at com.mysql.cj.jdbc.ConnectionImpl.createNewIO(ConnectionImpl.java:809)
	... 45 common frames omitted
2026-05-25 10:22:48.639 [main] INFO  c.h.backend.HeleneBackendApplication.logStarting - Starting HeleneBackendApplication using Java 21.0.7 with PID 23764 (C:\Users\celia\Desktop\Helene\target\classes started by celia in C:\Users\celia\Desktop\Helene)
2026-05-25 10:22:48.641 [main] INFO  c.h.backend.HeleneBackendApplication.logStartupProfileInfo - No active profile set, falling back to 1 default profile: "default"
2026-05-25 10:22:49.319 [main] INFO  o.s.d.r.c.RepositoryConfigurationDelegate.registerRepositoriesIn - Bootstrapping Spring Data JPA repositories in DEFAULT mode.
2026-05-25 10:22:49.451 [main] INFO  o.s.d.r.c.RepositoryConfigurationDelegate.registerRepositoriesIn - Finished Spring Data repository scanning in 126 ms. Found 7 JPA repository interfaces.
2026-05-25 10:22:49.913 [main] INFO  o.s.b.w.e.tomcat.TomcatWebServer.initialize - Tomcat initialized with port 8080 (http)
2026-05-25 10:22:49.921 [main] INFO  o.a.catalina.core.StandardService.log - Starting service [Tomcat]
2026-05-25 10:22:49.921 [main] INFO  o.a.catalina.core.StandardEngine.log - Starting Servlet engine: [Apache Tomcat/10.1.17]
2026-05-25 10:22:49.979 [main] INFO  o.a.c.c.C.[Tomcat].[localhost].[/].log - Initializing Spring embedded WebApplicationContext
2026-05-25 10:22:49.979 [main] INFO  o.s.b.w.s.c.ServletWebServerApplicationContext.prepareWebApplicationContext - Root WebApplicationContext: initialization completed in 1303 ms
2026-05-25 10:22:50.190 [main] INFO  com.zaxxer.hikari.HikariDataSource.getConnection - HikariPool-1 - Starting...
2026-05-25 10:22:51.325 [main] ERROR com.zaxxer.hikari.pool.HikariPool.throwPoolInitializationException - HikariPool-1 - Exception during pool initialization.
java.sql.SQLNonTransientConnectionException: Public Key Retrieval is not allowed
	at com.mysql.cj.jdbc.exceptions.SQLError.createSQLException(SQLError.java:111)
	at com.mysql.cj.jdbc.exceptions.SQLExceptionsMapping.translateException(SQLExceptionsMapping.java:122)
	at com.mysql.cj.jdbc.ConnectionImpl.createNewIO(ConnectionImpl.java:819)
	at com.mysql.cj.jdbc.ConnectionImpl.<init>(ConnectionImpl.java:440)
	at com.mysql.cj.jdbc.ConnectionImpl.getInstance(ConnectionImpl.java:239)
	at com.mysql.cj.jdbc.NonRegisteringDriver.connect(NonRegisteringDriver.java:188)
	at com.zaxxer.hikari.util.DriverDataSource.getConnection(DriverDataSource.java:138)
	at com.zaxxer.hikari.pool.PoolBase.newConnection(PoolBase.java:359)
	at com.zaxxer.hikari.pool.PoolBase.newPoolEntry(PoolBase.java:201)
	at com.zaxxer.hikari.pool.HikariPool.createPoolEntry(HikariPool.java:470)
	at com.zaxxer.hikari.pool.HikariPool.checkFailFast(HikariPool.java:561)
	at com.zaxxer.hikari.pool.HikariPool.<init>(HikariPool.java:100)
	at com.zaxxer.hikari.HikariDataSource.getConnection(HikariDataSource.java:112)
	at org.flywaydb.core.internal.jdbc.JdbcUtils.openConnection(JdbcUtils.java:65)
	at org.flywaydb.core.internal.jdbc.JdbcConnectionFactory.<init>(JdbcConnectionFactory.java:76)
	at org.flywaydb.core.FlywayExecutor.execute(FlywayExecutor.java:142)
	at org.flywaydb.core.Flyway.migrate(Flyway.java:186)
	at com.helene.backend.config.FlywayConfig.flyway(FlywayConfig.java:35)
	at com.helene.backend.config.FlywayConfig$$SpringCGLIB$$0.CGLIB$flyway$0(<generated>)
	at com.helene.backend.config.FlywayConfig$$SpringCGLIB$$FastClass$$1.invoke(<generated>)
	at org.springframework.cglib.proxy.MethodProxy.invokeSuper(MethodProxy.java:258)
	at org.springframework.context.annotation.ConfigurationClassEnhancer$BeanMethodInterceptor.intercept(ConfigurationClassEnhancer.java:331)
	at com.helene.backend.config.FlywayConfig$$SpringCGLIB$$0.flyway(<generated>)
	at java.base/jdk.internal.reflect.DirectMethodHandleAccessor.invoke(DirectMethodHandleAccessor.java:103)
	at java.base/java.lang.reflect.Method.invoke(Method.java:580)
	at org.springframework.beans.factory.support.SimpleInstantiationStrategy.instantiate(SimpleInstantiationStrategy.java:140)
	at org.springframework.beans.factory.support.ConstructorResolver.instantiate(ConstructorResolver.java:651)
	at org.springframework.beans.factory.support.ConstructorResolver.instantiateUsingFactoryMethod(ConstructorResolver.java:643)
	at org.springframework.beans.factory.support.AbstractAutowireCapableBeanFactory.instantiateUsingFactoryMethod(AbstractAutowireCapableBeanFactory.java:1334)
	at org.springframework.beans.factory.support.AbstractAutowireCapableBeanFactory.createBeanInstance(AbstractAutowireCapableBeanFactory.java:1164)
	at org.springframework.beans.factory.support.AbstractAutowireCapableBeanFactory.doCreateBean(AbstractAutowireCapableBeanFactory.java:561)
	at org.springframework.beans.factory.support.AbstractAutowireCapableBeanFactory.createBean(AbstractAutowireCapableBeanFactory.java:521)
	at org.springframework.beans.factory.support.AbstractBeanFactory.lambda$doGetBean$0(AbstractBeanFactory.java:325)
	at org.springframework.beans.factory.support.DefaultSingletonBeanRegistry.getSingleton(DefaultSingletonBeanRegistry.java:234)
	at org.springframework.beans.factory.support.AbstractBeanFactory.doGetBean(AbstractBeanFactory.java:323)
	at org.springframework.beans.factory.support.AbstractBeanFactory.getBean(AbstractBeanFactory.java:199)
	at org.springframework.beans.factory.support.AbstractBeanFactory.doGetBean(AbstractBeanFactory.java:312)
	at org.springframework.beans.factory.support.AbstractBeanFactory.getBean(AbstractBeanFactory.java:199)
	at org.springframework.context.support.AbstractApplicationContext.getBean(AbstractApplicationContext.java:1232)
	at org.springframework.context.support.AbstractApplicationContext.finishBeanFactoryInitialization(AbstractApplicationContext.java:950)
	at org.springframework.context.support.AbstractApplicationContext.refresh(AbstractApplicationContext.java:625)
	at org.springframework.boot.web.servlet.context.ServletWebServerApplicationContext.refresh(ServletWebServerApplicationContext.java:146)
	at org.springframework.boot.SpringApplication.refresh(SpringApplication.java:762)
	at org.springframework.boot.SpringApplication.refreshContext(SpringApplication.java:464)
	at org.springframework.boot.SpringApplication.run(SpringApplication.java:334)
	at org.springframework.boot.SpringApplication.run(SpringApplication.java:1358)
	at org.springframework.boot.SpringApplication.run(SpringApplication.java:1347)
	at com.helene.backend.HeleneBackendApplication.main(HeleneBackendApplication.java:10)
Caused by: com.mysql.cj.exceptions.UnableToConnectException: Public Key Retrieval is not allowed
	at java.base/jdk.internal.reflect.DirectConstructorHandleAccessor.newInstance(DirectConstructorHandleAccessor.java:62)
	at java.base/java.lang.reflect.Constructor.newInstanceWithCaller(Constructor.java:502)
	at java.base/java.lang.reflect.Constructor.newInstance(Constructor.java:486)
	at com.mysql.cj.exceptions.ExceptionFactory.createException(ExceptionFactory.java:62)
	at com.mysql.cj.exceptions.ExceptionFactory.createException(ExceptionFactory.java:86)
	at com.mysql.cj.protocol.a.authentication.CachingSha2PasswordPlugin.nextAuthenticationStep(CachingSha2PasswordPlugin.java:130)
	at com.mysql.cj.protocol.a.authentication.CachingSha2PasswordPlugin.nextAuthenticationStep(CachingSha2PasswordPlugin.java:49)
	at com.mysql.cj.protocol.a.NativeAuthenticationProvider.proceedHandshakeWithPluggableAuthentication(NativeAuthenticationProvider.java:443)
	at com.mysql.cj.protocol.a.NativeAuthenticationProvider.connect(NativeAuthenticationProvider.java:213)
	at com.mysql.cj.protocol.a.NativeProtocol.connect(NativeProtocol.java:1430)
	at com.mysql.cj.NativeSession.connect(NativeSession.java:134)
	at com.mysql.cj.jdbc.ConnectionImpl.connectOneTryOnly(ConnectionImpl.java:939)
	at com.mysql.cj.jdbc.ConnectionImpl.createNewIO(ConnectionImpl.java:809)
	... 45 common frames omitted
2026-05-25 10:22:51.332 [main] WARN  o.s.b.w.s.c.AnnotationConfigServletWebServerApplicationContext.refresh - Exception encountered during context initialization - cancelling refresh attempt: org.springframework.beans.factory.BeanCreationException: Error creating bean with name 'flyway' defined in class path resource [com/helene/backend/config/FlywayConfig.class]: Failed to instantiate [org.flywaydb.core.Flyway]: Factory method 'flyway' threw exception with message: Unable to obtain connection from database: Public Key Retrieval is not allowed
------------------------------------------------------------------------------
SQL State  : 08001
Error Code : 0
Message    : Public Key Retrieval is not allowed

2026-05-25 10:22:51.333 [main] INFO  o.a.catalina.core.StandardService.log - Stopping service [Tomcat]
2026-05-25 10:22:51.343 [main] INFO  o.s.b.a.l.ConditionEvaluationReportLogger.logMessage - 

Error starting ApplicationContext. To display the condition evaluation report re-run your application with 'debug' enabled.
2026-05-25 10:22:51.355 [main] ERROR o.s.boot.SpringApplication.reportFailure - Application run failed
org.springframework.beans.factory.BeanCreationException: Error creating bean with name 'flyway' defined in class path resource [com/helene/backend/config/FlywayConfig.class]: Failed to instantiate [org.flywaydb.core.Flyway]: Factory method 'flyway' threw exception with message: Unable to obtain connection from database: Public Key Retrieval is not allowed
------------------------------------------------------------------------------
SQL State  : 08001
Error Code : 0
Message    : Public Key Retrieval is not allowed

	at org.springframework.beans.factory.support.ConstructorResolver.instantiate(ConstructorResolver.java:655)
	at org.springframework.beans.factory.support.ConstructorResolver.instantiateUsingFactoryMethod(ConstructorResolver.java:643)
	at org.springframework.beans.factory.support.AbstractAutowireCapableBeanFactory.instantiateUsingFactoryMethod(AbstractAutowireCapableBeanFactory.java:1334)
	at org.springframework.beans.factory.support.AbstractAutowireCapableBeanFactory.createBeanInstance(AbstractAutowireCapableBeanFactory.java:1164)
	at org.springframework.beans.factory.support.AbstractAutowireCapableBeanFactory.doCreateBean(AbstractAutowireCapableBeanFactory.java:561)
	at org.springframework.beans.factory.support.AbstractAutowireCapableBeanFactory.createBean(AbstractAutowireCapableBeanFactory.java:521)
	at org.springframework.beans.factory.support.AbstractBeanFactory.lambda$doGetBean$0(AbstractBeanFactory.java:325)
	at org.springframework.beans.factory.support.DefaultSingletonBeanRegistry.getSingleton(DefaultSingletonBeanRegistry.java:234)
	at org.springframework.beans.factory.support.AbstractBeanFactory.doGetBean(AbstractBeanFactory.java:323)
	at org.springframework.beans.factory.support.AbstractBeanFactory.getBean(AbstractBeanFactory.java:199)
	at org.springframework.beans.factory.support.AbstractBeanFactory.doGetBean(AbstractBeanFactory.java:312)
	at org.springframework.beans.factory.support.AbstractBeanFactory.getBean(AbstractBeanFactory.java:199)
	at org.springframework.context.support.AbstractApplicationContext.getBean(AbstractApplicationContext.java:1232)
	at org.springframework.context.support.AbstractApplicationContext.finishBeanFactoryInitialization(AbstractApplicationContext.java:950)
	at org.springframework.context.support.AbstractApplicationContext.refresh(AbstractApplicationContext.java:625)
	at org.springframework.boot.web.servlet.context.ServletWebServerApplicationContext.refresh(ServletWebServerApplicationContext.java:146)
	at org.springframework.boot.SpringApplication.refresh(SpringApplication.java:762)
	at org.springframework.boot.SpringApplication.refreshContext(SpringApplication.java:464)
	at org.springframework.boot.SpringApplication.run(SpringApplication.java:334)
	at org.springframework.boot.SpringApplication.run(SpringApplication.java:1358)
	at org.springframework.boot.SpringApplication.run(SpringApplication.java:1347)
	at com.helene.backend.HeleneBackendApplication.main(HeleneBackendApplication.java:10)
Caused by: org.springframework.beans.BeanInstantiationException: Failed to instantiate [org.flywaydb.core.Flyway]: Factory method 'flyway' threw exception with message: Unable to obtain connection from database: Public Key Retrieval is not allowed
------------------------------------------------------------------------------
SQL State  : 08001
Error Code : 0
Message    : Public Key Retrieval is not allowed

	at org.springframework.beans.factory.support.SimpleInstantiationStrategy.instantiate(SimpleInstantiationStrategy.java:177)
	at org.springframework.beans.factory.support.ConstructorResolver.instantiate(ConstructorResolver.java:651)
	... 21 common frames omitted
Caused by: org.flywaydb.core.internal.exception.sqlExceptions.FlywaySqlUnableToConnectToDbException: Unable to obtain connection from database: Public Key Retrieval is not allowed
------------------------------------------------------------------------------
SQL State  : 08001
Error Code : 0
Message    : Public Key Retrieval is not allowed

	at org.flywaydb.core.internal.jdbc.JdbcUtils.openConnection(JdbcUtils.java:70)
	at org.flywaydb.core.internal.jdbc.JdbcConnectionFactory.<init>(JdbcConnectionFactory.java:76)
	at org.flywaydb.core.FlywayExecutor.execute(FlywayExecutor.java:142)
	at org.flywaydb.core.Flyway.migrate(Flyway.java:186)
	at com.helene.backend.config.FlywayConfig.flyway(FlywayConfig.java:35)
	at com.helene.backend.config.FlywayConfig$$SpringCGLIB$$0.CGLIB$flyway$0(<generated>)
	at com.helene.backend.config.FlywayConfig$$SpringCGLIB$$FastClass$$1.invoke(<generated>)
	at org.springframework.cglib.proxy.MethodProxy.invokeSuper(MethodProxy.java:258)
	at org.springframework.context.annotation.ConfigurationClassEnhancer$BeanMethodInterceptor.intercept(ConfigurationClassEnhancer.java:331)
	at com.helene.backend.config.FlywayConfig$$SpringCGLIB$$0.flyway(<generated>)
	at java.base/jdk.internal.reflect.DirectMethodHandleAccessor.invoke(DirectMethodHandleAccessor.java:103)
	at java.base/java.lang.reflect.Method.invoke(Method.java:580)
	at org.springframework.beans.factory.support.SimpleInstantiationStrategy.instantiate(SimpleInstantiationStrategy.java:140)
	... 22 common frames omitted
Caused by: java.sql.SQLNonTransientConnectionException: Public Key Retrieval is not allowed
	at com.mysql.cj.jdbc.exceptions.SQLError.createSQLException(SQLError.java:111)
	at com.mysql.cj.jdbc.exceptions.SQLExceptionsMapping.translateException(SQLExceptionsMapping.java:122)
	at com.mysql.cj.jdbc.ConnectionImpl.createNewIO(ConnectionImpl.java:819)
	at com.mysql.cj.jdbc.ConnectionImpl.<init>(ConnectionImpl.java:440)
	at com.mysql.cj.jdbc.ConnectionImpl.getInstance(ConnectionImpl.java:239)
	at com.mysql.cj.jdbc.NonRegisteringDriver.connect(NonRegisteringDriver.java:188)
	at com.zaxxer.hikari.util.DriverDataSource.getConnection(DriverDataSource.java:138)
	at com.zaxxer.hikari.pool.PoolBase.newConnection(PoolBase.java:359)
	at com.zaxxer.hikari.pool.PoolBase.newPoolEntry(PoolBase.java:201)
	at com.zaxxer.hikari.pool.HikariPool.createPoolEntry(HikariPool.java:470)
	at com.zaxxer.hikari.pool.HikariPool.checkFailFast(HikariPool.java:561)
	at com.zaxxer.hikari.pool.HikariPool.<init>(HikariPool.java:100)
	at com.zaxxer.hikari.HikariDataSource.getConnection(HikariDataSource.java:112)
	at org.flywaydb.core.internal.jdbc.JdbcUtils.openConnection(JdbcUtils.java:65)
	... 34 common frames omitted
Caused by: com.mysql.cj.exceptions.UnableToConnectException: Public Key Retrieval is not allowed
	at java.base/jdk.internal.reflect.DirectConstructorHandleAccessor.newInstance(DirectConstructorHandleAccessor.java:62)
	at java.base/java.lang.reflect.Constructor.newInstanceWithCaller(Constructor.java:502)
	at java.base/java.lang.reflect.Constructor.newInstance(Constructor.java:486)
	at com.mysql.cj.exceptions.ExceptionFactory.createException(ExceptionFactory.java:62)
	at com.mysql.cj.exceptions.ExceptionFactory.createException(ExceptionFactory.java:86)
	at com.mysql.cj.protocol.a.authentication.CachingSha2PasswordPlugin.nextAuthenticationStep(CachingSha2PasswordPlugin.java:130)
	at com.mysql.cj.protocol.a.authentication.CachingSha2PasswordPlugin.nextAuthenticationStep(CachingSha2PasswordPlugin.java:49)
	at com.mysql.cj.protocol.a.NativeAuthenticationProvider.proceedHandshakeWithPluggableAuthentication(NativeAuthenticationProvider.java:443)
	at com.mysql.cj.protocol.a.NativeAuthenticationProvider.connect(NativeAuthenticationProvider.java:213)
	at com.mysql.cj.protocol.a.NativeProtocol.connect(NativeProtocol.java:1430)
	at com.mysql.cj.NativeSession.connect(NativeSession.java:134)
	at com.mysql.cj.jdbc.ConnectionImpl.connectOneTryOnly(ConnectionImpl.java:939)
	at com.mysql.cj.jdbc.ConnectionImpl.createNewIO(ConnectionImpl.java:809)
	... 45 common frames omitted
2026-05-25 10:23:40.737 [main] INFO  c.h.backend.HeleneBackendApplication.logStarting - Starting HeleneBackendApplication using Java 21.0.7 with PID 14140 (C:\Users\celia\Desktop\Helene\target\classes started by celia in C:\Users\celia\Desktop\Helene)
2026-05-25 10:23:40.738 [main] INFO  c.h.backend.HeleneBackendApplication.logStartupProfileInfo - No active profile set, falling back to 1 default profile: "default"
2026-05-25 10:23:41.412 [main] INFO  o.s.d.r.c.RepositoryConfigurationDelegate.registerRepositoriesIn - Bootstrapping Spring Data JPA repositories in DEFAULT mode.
2026-05-25 10:23:41.567 [main] INFO  o.s.d.r.c.RepositoryConfigurationDelegate.registerRepositoriesIn - Finished Spring Data repository scanning in 148 ms. Found 7 JPA repository interfaces.
2026-05-25 10:23:42.023 [main] INFO  o.s.b.w.e.tomcat.TomcatWebServer.initialize - Tomcat initialized with port 8080 (http)
2026-05-25 10:23:42.032 [main] INFO  o.a.catalina.core.StandardService.log - Starting service [Tomcat]
2026-05-25 10:23:42.033 [main] INFO  o.a.catalina.core.StandardEngine.log - Starting Servlet engine: [Apache Tomcat/10.1.17]
2026-05-25 10:23:42.090 [main] INFO  o.a.c.c.C.[Tomcat].[localhost].[/].log - Initializing Spring embedded WebApplicationContext
2026-05-25 10:23:42.090 [main] INFO  o.s.b.w.s.c.ServletWebServerApplicationContext.prepareWebApplicationContext - Root WebApplicationContext: initialization completed in 1323 ms
2026-05-25 10:23:42.301 [main] INFO  com.zaxxer.hikari.HikariDataSource.getConnection - HikariPool-1 - Starting...
2026-05-25 10:23:42.421 [main] INFO  com.zaxxer.hikari.pool.HikariPool.checkFailFast - HikariPool-1 - Added connection com.mysql.cj.jdbc.ConnectionImpl@553ce348
2026-05-25 10:23:42.423 [main] INFO  com.zaxxer.hikari.HikariDataSource.getConnection - HikariPool-1 - Start completed.
2026-05-25 10:23:42.463 [main] INFO  org.flywaydb.core.FlywayExecutor.info - Database: jdbc:mysql://localhost:3306/helene_db?createDatabaseIfNotExist=true&useSSL=false&serverTimezone=UTC (MySQL 8.0)
2026-05-25 10:23:42.549 [main] INFO  o.f.core.internal.command.DbValidate.info - Successfully validated 2 migrations (execution time 00:00.062s)
2026-05-25 10:23:42.564 [main] INFO  o.f.core.internal.command.DbMigrate.info - Current version of schema `helene_db`: 1
2026-05-25 10:23:42.567 [main] INFO  o.f.core.internal.command.DbMigrate.info - Schema `helene_db` is up to date. No migration necessary.
2026-05-25 10:23:42.594 [main] INFO  o.f.core.internal.command.DbValidate.info - Successfully validated 2 migrations (execution time 00:00.004s)
2026-05-25 10:23:42.601 [main] INFO  o.f.core.internal.command.DbMigrate.info - Current version of schema `helene_db`: 1
2026-05-25 10:23:42.603 [main] INFO  o.f.core.internal.command.DbMigrate.info - Schema `helene_db` is up to date. No migration necessary.
2026-05-25 10:23:42.684 [main] INFO  o.h.jpa.internal.util.LogHelper.logPersistenceUnitInformation - HHH000204: Processing PersistenceUnitInfo [name: default]
2026-05-25 10:23:42.747 [main] INFO  org.hibernate.Version.logVersion - HHH000412: Hibernate ORM core version 6.4.1.Final
2026-05-25 10:23:42.783 [main] INFO  o.h.c.i.RegionFactoryInitiator.initiateService - HHH000026: Second-level cache disabled
2026-05-25 10:23:43.043 [main] INFO  o.s.o.j.p.SpringPersistenceUnitInfo.addTransformer - No LoadTimeWeaver setup: ignoring JPA class transformer
2026-05-25 10:23:43.097 [main] WARN  org.hibernate.orm.deprecation.constructDialect - HHH90000025: MySQL8Dialect does not need to be specified explicitly using 'hibernate.dialect' (remove the property setting and it will be selected by default)
2026-05-25 10:23:43.098 [main] WARN  org.hibernate.orm.deprecation.logSelectedDialect - HHH90000026: MySQL8Dialect has been deprecated; use org.hibernate.dialect.MySQLDialect instead
2026-05-25 10:23:43.116 [main] DEBUG o.h.t.d.sql.spi.DdlTypeRegistry.addDescriptor - addDescriptor(12, org.hibernate.type.descriptor.sql.internal.CapacityDependentDdlType@6a299b9d) replaced previous registration(org.hibernate.type.descriptor.sql.internal.CapacityDependentDdlType@363fe35a)
2026-05-25 10:23:43.116 [main] DEBUG o.h.t.d.sql.spi.DdlTypeRegistry.addDescriptor - addDescriptor(-9, org.hibernate.type.descriptor.sql.internal.CapacityDependentDdlType@a2fb8a5) replaced previous registration(org.hibernate.type.descriptor.sql.internal.CapacityDependentDdlType@350e3fb4)
2026-05-25 10:23:43.116 [main] DEBUG o.h.t.d.sql.spi.DdlTypeRegistry.addDescriptor - addDescriptor(-3, org.hibernate.type.descriptor.sql.internal.CapacityDependentDdlType@13ddaffb) replaced previous registration(org.hibernate.type.descriptor.sql.internal.CapacityDependentDdlType@5a31abe9)
2026-05-25 10:23:43.116 [main] DEBUG o.h.t.d.sql.spi.DdlTypeRegistry.addDescriptor - addDescriptor(4003, org.hibernate.type.descriptor.sql.internal.DdlTypeImpl@2dacda9a) replaced previous registration(org.hibernate.type.descriptor.sql.internal.DdlTypeImpl@699bb304)
2026-05-25 10:23:43.116 [main] DEBUG o.h.t.d.sql.spi.DdlTypeRegistry.addDescriptor - addDescriptor(4001, org.hibernate.type.descriptor.sql.internal.DdlTypeImpl@17477bbb) replaced previous registration(org.hibernate.type.descriptor.sql.internal.DdlTypeImpl@40fee459)
2026-05-25 10:23:43.117 [main] DEBUG o.h.t.d.sql.spi.DdlTypeRegistry.addDescriptor - addDescriptor(4002, org.hibernate.type.descriptor.sql.internal.DdlTypeImpl@bcd9ed6) replaced previous registration(org.hibernate.type.descriptor.sql.internal.DdlTypeImpl@3ffa0f38)
2026-05-25 10:23:43.117 [main] DEBUG o.h.t.d.sql.spi.DdlTypeRegistry.addDescriptor - addDescriptor(2004, org.hibernate.type.descriptor.sql.internal.CapacityDependentDdlType@13cc31df) replaced previous registration(org.hibernate.type.descriptor.sql.internal.DdlTypeImpl@24a7d3d3)
2026-05-25 10:23:43.117 [main] DEBUG o.h.t.d.sql.spi.DdlTypeRegistry.addDescriptor - addDescriptor(2005, org.hibernate.type.descriptor.sql.internal.CapacityDependentDdlType@43fbc2bf) replaced previous registration(org.hibernate.type.descriptor.sql.internal.DdlTypeImpl@2c978637)
2026-05-25 10:23:43.117 [main] DEBUG o.h.t.d.sql.spi.DdlTypeRegistry.addDescriptor - addDescriptor(2011, org.hibernate.type.descriptor.sql.internal.CapacityDependentDdlType@5e2718b3) replaced previous registration(org.hibernate.type.descriptor.sql.internal.DdlTypeImpl@440461ef)
2026-05-25 10:23:44.010 [main] INFO  o.h.e.t.j.p.i.JtaPlatformInitiator.initiateService - HHH000489: No JTA platform available (set 'hibernate.transaction.jta.platform' to enable JTA platform integration)
2026-05-25 10:23:44.101 [main] INFO  o.s.o.j.LocalContainerEntityManagerFactoryBean.buildNativeEntityManagerFactory - Initialized JPA EntityManagerFactory for persistence unit 'default'
2026-05-25 10:23:44.440 [main] INFO  o.s.d.j.r.query.QueryEnhancerFactory.<clinit> - Hibernate is in classpath; If applicable, HQL parser will be used.
2026-05-25 10:23:46.079 [main] WARN  o.s.b.a.o.j.JpaBaseConfiguration$JpaWebConfiguration.openEntityManagerInViewInterceptor - spring.jpa.open-in-view is enabled by default. Therefore, database queries may be performed during view rendering. Explicitly configure spring.jpa.open-in-view to disable this warning
2026-05-25 10:23:46.106 [main] WARN  o.s.b.a.s.s.UserDetailsServiceAutoConfiguration.getOrDeducePassword - 

Using generated security password: 8eb38daa-440a-48c8-b14b-6ecf601f2df0

This generated password is for development use only. Your security configuration must be updated before running your application in production.

2026-05-25 10:23:46.264 [main] DEBUG o.s.w.s.m.m.a.RequestMappingHandlerMapping.handlerMethodsInitialized - 48 mappings in 'requestMappingHandlerMapping'
2026-05-25 10:23:46.347 [main] DEBUG o.s.w.s.h.SimpleUrlHandlerMapping.logMappings - Patterns [/webjars/**, /**, /swagger-ui*/*swagger-initializer.js, /swagger-ui*/**] in 'resourceHandlerMapping'
2026-05-25 10:23:46.373 [main] INFO  o.s.s.web.DefaultSecurityFilterChain.<init> - Will secure any request with [org.springframework.security.web.session.DisableEncodeUrlFilter@523a10a0, org.springframework.security.web.context.request.async.WebAsyncManagerIntegrationFilter@3952621d, org.springframework.security.web.context.SecurityContextHolderFilter@54856056, org.springframework.security.web.header.HeaderWriterFilter@102ee705, org.springframework.web.filter.CorsFilter@4d7143de, org.springframework.security.web.authentication.logout.LogoutFilter@53365a58, com.helene.backend.security.JwtAuthenticationFilter@27ffd9f8, org.springframework.security.web.savedrequest.RequestCacheAwareFilter@16a45e5b, org.springframework.security.web.servletapi.SecurityContextHolderAwareRequestFilter@6d0e90d5, org.springframework.security.web.authentication.AnonymousAuthenticationFilter@1c595228, org.springframework.security.web.access.ExceptionTranslationFilter@776a3e76, org.springframework.security.web.access.intercept.AuthorizationFilter@109f7381]
2026-05-25 10:23:46.426 [main] DEBUG o.s.w.s.m.m.a.RequestMappingHandlerAdapter.initControllerAdviceCache - ControllerAdvice beans: 0 @ModelAttribute, 0 @InitBinder, 1 RequestBodyAdvice, 1 ResponseBodyAdvice
2026-05-25 10:23:46.460 [main] DEBUG o.s.w.s.m.m.a.ExceptionHandlerExceptionResolver.initExceptionHandlerAdviceCache - ControllerAdvice beans: 2 @ExceptionHandler, 1 ResponseBodyAdvice
2026-05-25 10:23:46.666 [main] INFO  o.s.b.w.e.tomcat.TomcatWebServer.start - Tomcat started on port 8080 (http) with context path ''
2026-05-25 10:23:46.675 [main] INFO  c.h.backend.HeleneBackendApplication.logStarted - Started HeleneBackendApplication in 6.36 seconds (process running for 6.976)
2026-05-25 10:23:46.732 [main] DEBUG org.hibernate.SQL.logStatement - select count(*) from categorias c1_0
2026-05-25 10:23:46.752 [main] DEBUG org.hibernate.SQL.logStatement - select count(*) from roles r1_0
2026-05-25 10:23:56.324 [http-nio-8080-exec-1] INFO  o.a.c.c.C.[Tomcat].[localhost].[/].log - Initializing Spring DispatcherServlet 'dispatcherServlet'
2026-05-25 10:23:56.324 [http-nio-8080-exec-1] INFO  o.s.web.servlet.DispatcherServlet.initServletBean - Initializing Servlet 'dispatcherServlet'
2026-05-25 10:23:56.325 [http-nio-8080-exec-1] DEBUG o.s.web.servlet.DispatcherServlet.initMultipartResolver - Detected StandardServletMultipartResolver
2026-05-25 10:23:56.325 [http-nio-8080-exec-1] DEBUG o.s.web.servlet.DispatcherServlet.initLocaleResolver - Detected AcceptHeaderLocaleResolver
2026-05-25 10:23:56.325 [http-nio-8080-exec-1] DEBUG o.s.web.servlet.DispatcherServlet.initThemeResolver - Detected FixedThemeResolver
2026-05-25 10:23:56.325 [http-nio-8080-exec-1] DEBUG o.s.web.servlet.DispatcherServlet.initRequestToViewNameTranslator - Detected org.springframework.web.servlet.view.DefaultRequestToViewNameTranslator@22448db4
2026-05-25 10:23:56.326 [http-nio-8080-exec-1] DEBUG o.s.web.servlet.DispatcherServlet.initFlashMapManager - Detected org.springframework.web.servlet.support.SessionFlashMapManager@28220b56
2026-05-25 10:23:56.326 [http-nio-8080-exec-1] DEBUG o.s.web.servlet.DispatcherServlet.initServletBean - enableLoggingRequestDetails='false': request parameters and headers will be masked to prevent unsafe logging of potentially sensitive data
2026-05-25 10:23:56.326 [http-nio-8080-exec-1] INFO  o.s.web.servlet.DispatcherServlet.initServletBean - Completed initialization in 2 ms
2026-05-25 10:23:56.385 [http-nio-8080-exec-1] ERROR c.h.backend.security.JwtEntryPoint.commence - Unauthorized error: Full authentication is required to access this resource
2026-05-25 10:23:56.445 [http-nio-8080-exec-3] ERROR c.h.backend.security.JwtEntryPoint.commence - Unauthorized error: Full authentication is required to access this resource
2026-05-25 10:24:11.075 [http-nio-8080-exec-4] ERROR c.h.backend.security.JwtEntryPoint.commence - Unauthorized error: Full authentication is required to access this resource
2026-05-25 10:24:11.099 [http-nio-8080-exec-2] ERROR c.h.backend.security.JwtEntryPoint.commence - Unauthorized error: Full authentication is required to access this resource
2026-05-25 10:24:18.157 [http-nio-8080-exec-6] ERROR c.h.backend.security.JwtEntryPoint.commence - Unauthorized error: Full authentication is required to access this resource
2026-05-25 10:24:20.550 [http-nio-8080-exec-7] ERROR c.h.backend.security.JwtEntryPoint.commence - Unauthorized error: Full authentication is required to access this resource
2026-05-25 10:24:38.000 [http-nio-8080-exec-5] DEBUG o.s.web.servlet.DispatcherServlet.traceDebug - POST "/api/login", parameters={}
2026-05-25 10:24:38.002 [http-nio-8080-exec-5] DEBUG o.s.w.s.m.m.a.RequestMappingHandlerMapping.getHandler - Mapped to com.helene.backend.controller.AuthController#login(Map)
2026-05-25 10:24:38.019 [http-nio-8080-exec-5] DEBUG o.s.w.s.m.m.a.RequestResponseBodyMethodProcessor.traceDebug - Read "application/json;charset=utf-8" to [{password=empleadoAdmin, username=empleadoAdmin}]
2026-05-25 10:24:38.024 [http-nio-8080-exec-5] INFO  c.h.b.controller.AuthController.login - Intento de login para el usuario: empleadoAdmin
2026-05-25 10:24:38.050 [http-nio-8080-exec-5] DEBUG org.hibernate.SQL.logStatement - select u1_0.id,u1_0.email,u1_0.fecha_registro,u1_0.password,u1_0.username from usuarios u1_0 where u1_0.username=?
2026-05-25 10:24:38.075 [http-nio-8080-exec-5] DEBUG org.hibernate.SQL.logStatement - select r1_0.usuario_id,r1_1.id,r1_1.nombre from usuarios_roles r1_0 join roles r1_1 on r1_1.id=r1_0.rol_id where r1_0.usuario_id=?
2026-05-25 10:24:38.162 [http-nio-8080-exec-5] DEBUG org.hibernate.SQL.logStatement - select u1_0.id,u1_0.email,u1_0.fecha_registro,u1_0.password,u1_0.username from usuarios u1_0 where u1_0.username=?
2026-05-25 10:24:38.176 [http-nio-8080-exec-5] INFO  c.h.b.controller.AuthController.login - Login exitoso para usuario 'empleadoAdmin' con roles: [ADMIN]
2026-05-25 10:24:38.181 [http-nio-8080-exec-5] DEBUG o.s.w.s.m.m.a.HttpEntityMethodProcessor.writeWithMessageConverters - Using 'application/json', given [*/*] and supported [application/json, application/*+json]
2026-05-25 10:24:38.181 [http-nio-8080-exec-5] DEBUG o.s.w.s.m.m.a.HttpEntityMethodProcessor.traceDebug - Writing [{success=true, roles=[ADMIN], message=Login exitoso, userId=5, username=empleadoAdmin, token=eyJhbGc (truncated)...]
2026-05-25 10:24:38.187 [http-nio-8080-exec-5] DEBUG o.s.web.servlet.DispatcherServlet.logResult - Completed 200 OK
2026-05-25 10:24:38.502 [http-nio-8080-exec-8] DEBUG o.s.web.servlet.DispatcherServlet.traceDebug - GET "/api/carrito", parameters={}
2026-05-25 10:24:38.503 [http-nio-8080-exec-8] DEBUG o.s.w.s.m.m.a.RequestMappingHandlerMapping.getHandler - Mapped to com.helene.backend.controller.CarritoController#obtener()
2026-05-25 10:24:38.503 [http-nio-8080-exec-8] INFO  c.h.b.controller.CarritoController.obtener - Obteniendo contenido del carrito
2026-05-25 10:24:38.504 [http-nio-8080-exec-8] DEBUG org.hibernate.SQL.logStatement - select u1_0.id,u1_0.email,u1_0.fecha_registro,u1_0.password,u1_0.username from usuarios u1_0 where u1_0.username=?
2026-05-25 10:24:38.506 [http-nio-8080-exec-8] DEBUG org.hibernate.SQL.logStatement - select r1_0.usuario_id,r1_1.id,r1_1.nombre from usuarios_roles r1_0 join roles r1_1 on r1_1.id=r1_0.rol_id where r1_0.usuario_id=?
2026-05-25 10:24:38.512 [http-nio-8080-exec-8] DEBUG org.hibernate.SQL.logStatement - select c1_0.id,c1_0.cantidad,c1_0.producto_id,c1_0.usuario_id from carrito_items c1_0 left join usuarios u1_0 on u1_0.id=c1_0.usuario_id where u1_0.id=?
2026-05-25 10:24:38.528 [http-nio-8080-exec-8] DEBUG org.hibernate.SQL.logStatement - select p1_0.id,p1_0.categoria_id,c1_0.id,c1_0.nombre,p1_0.descripcion,p1_0.descuento,p1_0.imagen_url,p1_0.nombre,p1_0.precio_final,p1_0.precio_original from productos p1_0 join categorias c1_0 on c1_0.id=p1_0.categoria_id where p1_0.id=?
2026-05-25 10:24:38.539 [http-nio-8080-exec-8] INFO  c.h.b.controller.CarritoController.obtener - Carrito obtenido con 1 items
2026-05-25 10:24:38.540 [http-nio-8080-exec-8] DEBUG o.s.w.s.m.m.a.RequestResponseBodyMethodProcessor.writeWithMessageConverters - Using 'application/json', given [*/*] and supported [application/json, application/*+json]
2026-05-25 10:24:38.541 [http-nio-8080-exec-8] DEBUG o.s.w.s.m.m.a.RequestResponseBodyMethodProcessor.traceDebug - Writing [[CarritoRespuestaDTO(id=44, productoId=2, nombreProducto=Agua micelar, precioProducto=29.99, cantida (truncated)...]
2026-05-25 10:24:38.546 [http-nio-8080-exec-8] DEBUG o.s.web.servlet.DispatcherServlet.logResult - Completed 200 OK
2026-05-25 10:24:38.586 [http-nio-8080-exec-9] DEBUG o.s.web.servlet.DispatcherServlet.traceDebug - GET "/api/carrito", parameters={}
2026-05-25 10:24:38.586 [http-nio-8080-exec-9] DEBUG o.s.w.s.m.m.a.RequestMappingHandlerMapping.getHandler - Mapped to com.helene.backend.controller.CarritoController#obtener()
2026-05-25 10:24:38.587 [http-nio-8080-exec-9] INFO  c.h.b.controller.CarritoController.obtener - Obteniendo contenido del carrito
2026-05-25 10:24:38.588 [http-nio-8080-exec-9] DEBUG org.hibernate.SQL.logStatement - select u1_0.id,u1_0.email,u1_0.fecha_registro,u1_0.password,u1_0.username from usuarios u1_0 where u1_0.username=?
2026-05-25 10:24:38.589 [http-nio-8080-exec-9] DEBUG org.hibernate.SQL.logStatement - select r1_0.usuario_id,r1_1.id,r1_1.nombre from usuarios_roles r1_0 join roles r1_1 on r1_1.id=r1_0.rol_id where r1_0.usuario_id=?
2026-05-25 10:24:38.591 [http-nio-8080-exec-9] DEBUG org.hibernate.SQL.logStatement - select c1_0.id,c1_0.cantidad,c1_0.producto_id,c1_0.usuario_id from carrito_items c1_0 left join usuarios u1_0 on u1_0.id=c1_0.usuario_id where u1_0.id=?
2026-05-25 10:24:38.591 [http-nio-8080-exec-9] DEBUG org.hibernate.SQL.logStatement - select p1_0.id,p1_0.categoria_id,c1_0.id,c1_0.nombre,p1_0.descripcion,p1_0.descuento,p1_0.imagen_url,p1_0.nombre,p1_0.precio_final,p1_0.precio_original from productos p1_0 join categorias c1_0 on c1_0.id=p1_0.categoria_id where p1_0.id=?
2026-05-25 10:24:38.593 [http-nio-8080-exec-9] INFO  c.h.b.controller.CarritoController.obtener - Carrito obtenido con 1 items
2026-05-25 10:24:38.593 [http-nio-8080-exec-9] DEBUG o.s.w.s.m.m.a.RequestResponseBodyMethodProcessor.writeWithMessageConverters - Using 'application/json', given [*/*] and supported [application/json, application/*+json]
2026-05-25 10:24:38.594 [http-nio-8080-exec-9] DEBUG o.s.w.s.m.m.a.RequestResponseBodyMethodProcessor.traceDebug - Writing [[CarritoRespuestaDTO(id=44, productoId=2, nombreProducto=Agua micelar, precioProducto=29.99, cantida (truncated)...]
2026-05-25 10:24:38.594 [http-nio-8080-exec-9] DEBUG o.s.web.servlet.DispatcherServlet.logResult - Completed 200 OK
2026-05-25 10:24:57.129 [http-nio-8080-exec-10] DEBUG o.s.web.servlet.DispatcherServlet.traceDebug - GET "/api/carrito", parameters={}
2026-05-25 10:24:57.130 [http-nio-8080-exec-10] DEBUG o.s.w.s.m.m.a.RequestMappingHandlerMapping.getHandler - Mapped to com.helene.backend.controller.CarritoController#obtener()
2026-05-25 10:24:57.130 [http-nio-8080-exec-10] INFO  c.h.b.controller.CarritoController.obtener - Obteniendo contenido del carrito
2026-05-25 10:24:57.131 [http-nio-8080-exec-10] DEBUG org.hibernate.SQL.logStatement - select u1_0.id,u1_0.email,u1_0.fecha_registro,u1_0.password,u1_0.username from usuarios u1_0 where u1_0.username=?
2026-05-25 10:24:57.134 [http-nio-8080-exec-10] DEBUG org.hibernate.SQL.logStatement - select r1_0.usuario_id,r1_1.id,r1_1.nombre from usuarios_roles r1_0 join roles r1_1 on r1_1.id=r1_0.rol_id where r1_0.usuario_id=?
2026-05-25 10:24:57.136 [http-nio-8080-exec-10] DEBUG org.hibernate.SQL.logStatement - select c1_0.id,c1_0.cantidad,c1_0.producto_id,c1_0.usuario_id from carrito_items c1_0 left join usuarios u1_0 on u1_0.id=c1_0.usuario_id where u1_0.id=?
2026-05-25 10:24:57.137 [http-nio-8080-exec-10] DEBUG org.hibernate.SQL.logStatement - select p1_0.id,p1_0.categoria_id,c1_0.id,c1_0.nombre,p1_0.descripcion,p1_0.descuento,p1_0.imagen_url,p1_0.nombre,p1_0.precio_final,p1_0.precio_original from productos p1_0 join categorias c1_0 on c1_0.id=p1_0.categoria_id where p1_0.id=?
2026-05-25 10:24:57.137 [http-nio-8080-exec-10] INFO  c.h.b.controller.CarritoController.obtener - Carrito obtenido con 1 items
2026-05-25 10:24:57.138 [http-nio-8080-exec-10] DEBUG o.s.w.s.m.m.a.RequestResponseBodyMethodProcessor.writeWithMessageConverters - Using 'application/json', given [*/*] and supported [application/json, application/*+json]
2026-05-25 10:24:57.138 [http-nio-8080-exec-10] DEBUG o.s.w.s.m.m.a.RequestResponseBodyMethodProcessor.traceDebug - Writing [[CarritoRespuestaDTO(id=44, productoId=2, nombreProducto=Agua micelar, precioProducto=29.99, cantida (truncated)...]
2026-05-25 10:24:57.139 [http-nio-8080-exec-10] DEBUG o.s.web.servlet.DispatcherServlet.logResult - Completed 200 OK
2026-05-25 10:24:57.167 [http-nio-8080-exec-1] DEBUG o.s.web.servlet.DispatcherServlet.traceDebug - GET "/api/carrito", parameters={}
2026-05-25 10:24:57.167 [http-nio-8080-exec-1] DEBUG o.s.w.s.m.m.a.RequestMappingHandlerMapping.getHandler - Mapped to com.helene.backend.controller.CarritoController#obtener()
2026-05-25 10:24:57.167 [http-nio-8080-exec-1] INFO  c.h.b.controller.CarritoController.obtener - Obteniendo contenido del carrito
2026-05-25 10:24:57.169 [http-nio-8080-exec-1] DEBUG org.hibernate.SQL.logStatement - select u1_0.id,u1_0.email,u1_0.fecha_registro,u1_0.password,u1_0.username from usuarios u1_0 where u1_0.username=?
2026-05-25 10:24:57.170 [http-nio-8080-exec-1] DEBUG org.hibernate.SQL.logStatement - select r1_0.usuario_id,r1_1.id,r1_1.nombre from usuarios_roles r1_0 join roles r1_1 on r1_1.id=r1_0.rol_id where r1_0.usuario_id=?
2026-05-25 10:24:57.171 [http-nio-8080-exec-1] DEBUG org.hibernate.SQL.logStatement - select c1_0.id,c1_0.cantidad,c1_0.producto_id,c1_0.usuario_id from carrito_items c1_0 left join usuarios u1_0 on u1_0.id=c1_0.usuario_id where u1_0.id=?
2026-05-25 10:24:57.172 [http-nio-8080-exec-1] DEBUG org.hibernate.SQL.logStatement - select p1_0.id,p1_0.categoria_id,c1_0.id,c1_0.nombre,p1_0.descripcion,p1_0.descuento,p1_0.imagen_url,p1_0.nombre,p1_0.precio_final,p1_0.precio_original from productos p1_0 join categorias c1_0 on c1_0.id=p1_0.categoria_id where p1_0.id=?
2026-05-25 10:24:57.173 [http-nio-8080-exec-1] INFO  c.h.b.controller.CarritoController.obtener - Carrito obtenido con 1 items
2026-05-25 10:24:57.173 [http-nio-8080-exec-1] DEBUG o.s.w.s.m.m.a.RequestResponseBodyMethodProcessor.writeWithMessageConverters - Using 'application/json', given [*/*] and supported [application/json, application/*+json]
2026-05-25 10:24:57.173 [http-nio-8080-exec-1] DEBUG o.s.w.s.m.m.a.RequestResponseBodyMethodProcessor.traceDebug - Writing [[CarritoRespuestaDTO(id=44, productoId=2, nombreProducto=Agua micelar, precioProducto=29.99, cantida (truncated)...]
2026-05-25 10:24:57.174 [http-nio-8080-exec-1] DEBUG o.s.web.servlet.DispatcherServlet.logResult - Completed 200 OK
2026-05-25 10:24:59.945 [http-nio-8080-exec-3] DEBUG o.s.web.servlet.DispatcherServlet.traceDebug - GET "/api/carrito", parameters={}
2026-05-25 10:24:59.945 [http-nio-8080-exec-3] DEBUG o.s.w.s.m.m.a.RequestMappingHandlerMapping.getHandler - Mapped to com.helene.backend.controller.CarritoController#obtener()
2026-05-25 10:24:59.945 [http-nio-8080-exec-3] INFO  c.h.b.controller.CarritoController.obtener - Obteniendo contenido del carrito
2026-05-25 10:24:59.946 [http-nio-8080-exec-3] DEBUG org.hibernate.SQL.logStatement - select u1_0.id,u1_0.email,u1_0.fecha_registro,u1_0.password,u1_0.username from usuarios u1_0 where u1_0.username=?
2026-05-25 10:24:59.947 [http-nio-8080-exec-3] DEBUG org.hibernate.SQL.logStatement - select r1_0.usuario_id,r1_1.id,r1_1.nombre from usuarios_roles r1_0 join roles r1_1 on r1_1.id=r1_0.rol_id where r1_0.usuario_id=?
2026-05-25 10:24:59.950 [http-nio-8080-exec-3] DEBUG org.hibernate.SQL.logStatement - select c1_0.id,c1_0.cantidad,c1_0.producto_id,c1_0.usuario_id from carrito_items c1_0 left join usuarios u1_0 on u1_0.id=c1_0.usuario_id where u1_0.id=?
2026-05-25 10:24:59.950 [http-nio-8080-exec-3] DEBUG org.hibernate.SQL.logStatement - select p1_0.id,p1_0.categoria_id,c1_0.id,c1_0.nombre,p1_0.descripcion,p1_0.descuento,p1_0.imagen_url,p1_0.nombre,p1_0.precio_final,p1_0.precio_original from productos p1_0 join categorias c1_0 on c1_0.id=p1_0.categoria_id where p1_0.id=?
2026-05-25 10:24:59.951 [http-nio-8080-exec-3] INFO  c.h.b.controller.CarritoController.obtener - Carrito obtenido con 1 items
2026-05-25 10:24:59.951 [http-nio-8080-exec-3] DEBUG o.s.w.s.m.m.a.RequestResponseBodyMethodProcessor.writeWithMessageConverters - Using 'application/json', given [*/*] and supported [application/json, application/*+json]
2026-05-25 10:24:59.951 [http-nio-8080-exec-3] DEBUG o.s.w.s.m.m.a.RequestResponseBodyMethodProcessor.traceDebug - Writing [[CarritoRespuestaDTO(id=44, productoId=2, nombreProducto=Agua micelar, precioProducto=29.99, cantida (truncated)...]
2026-05-25 10:24:59.952 [http-nio-8080-exec-3] DEBUG o.s.web.servlet.DispatcherServlet.logResult - Completed 200 OK
2026-05-25 10:25:00.944 [http-nio-8080-exec-4] DEBUG o.s.web.servlet.DispatcherServlet.traceDebug - GET "/api/carrito", parameters={}
2026-05-25 10:25:00.944 [http-nio-8080-exec-4] DEBUG o.s.w.s.m.m.a.RequestMappingHandlerMapping.getHandler - Mapped to com.helene.backend.controller.CarritoController#obtener()
2026-05-25 10:25:00.944 [http-nio-8080-exec-4] INFO  c.h.b.controller.CarritoController.obtener - Obteniendo contenido del carrito
2026-05-25 10:25:00.945 [http-nio-8080-exec-4] DEBUG org.hibernate.SQL.logStatement - select u1_0.id,u1_0.email,u1_0.fecha_registro,u1_0.password,u1_0.username from usuarios u1_0 where u1_0.username=?
2026-05-25 10:25:00.947 [http-nio-8080-exec-4] DEBUG org.hibernate.SQL.logStatement - select r1_0.usuario_id,r1_1.id,r1_1.nombre from usuarios_roles r1_0 join roles r1_1 on r1_1.id=r1_0.rol_id where r1_0.usuario_id=?
2026-05-25 10:25:00.948 [http-nio-8080-exec-4] DEBUG org.hibernate.SQL.logStatement - select c1_0.id,c1_0.cantidad,c1_0.producto_id,c1_0.usuario_id from carrito_items c1_0 left join usuarios u1_0 on u1_0.id=c1_0.usuario_id where u1_0.id=?
2026-05-25 10:25:00.948 [http-nio-8080-exec-4] DEBUG org.hibernate.SQL.logStatement - select p1_0.id,p1_0.categoria_id,c1_0.id,c1_0.nombre,p1_0.descripcion,p1_0.descuento,p1_0.imagen_url,p1_0.nombre,p1_0.precio_final,p1_0.precio_original from productos p1_0 join categorias c1_0 on c1_0.id=p1_0.categoria_id where p1_0.id=?
2026-05-25 10:25:00.949 [http-nio-8080-exec-4] INFO  c.h.b.controller.CarritoController.obtener - Carrito obtenido con 1 items
2026-05-25 10:25:00.949 [http-nio-8080-exec-4] DEBUG o.s.w.s.m.m.a.RequestResponseBodyMethodProcessor.writeWithMessageConverters - Using 'application/json', given [*/*] and supported [application/json, application/*+json]
2026-05-25 10:25:00.949 [http-nio-8080-exec-4] DEBUG o.s.w.s.m.m.a.RequestResponseBodyMethodProcessor.traceDebug - Writing [[CarritoRespuestaDTO(id=44, productoId=2, nombreProducto=Agua micelar, precioProducto=29.99, cantida (truncated)...]
2026-05-25 10:25:00.951 [http-nio-8080-exec-4] DEBUG o.s.web.servlet.DispatcherServlet.logResult - Completed 200 OK
2026-05-25 10:25:00.968 [http-nio-8080-exec-2] DEBUG o.s.web.servlet.DispatcherServlet.traceDebug - GET "/api/productos/categoria/1", parameters={}
2026-05-25 10:25:00.968 [http-nio-8080-exec-2] DEBUG o.s.w.s.m.m.a.RequestMappingHandlerMapping.getHandler - Mapped to com.helene.backend.controller.ProductoController#listarPorCategoria(Long)
2026-05-25 10:25:00.969 [http-nio-8080-exec-2] INFO  c.h.b.controller.ProductoController.listarPorCategoria - Listando productos de la categoría id=1
2026-05-25 10:25:00.970 [http-nio-8080-exec-2] DEBUG org.hibernate.SQL.logStatement - select p1_0.id,p1_0.categoria_id,p1_0.descripcion,p1_0.descuento,p1_0.imagen_url,p1_0.nombre,p1_0.precio_final,p1_0.precio_original from productos p1_0 left join categorias c1_0 on c1_0.id=p1_0.categoria_id where c1_0.id=?
2026-05-25 10:25:00.973 [http-nio-8080-exec-2] DEBUG org.hibernate.SQL.logStatement - select c1_0.id,c1_0.nombre from categorias c1_0 where c1_0.id=?
2026-05-25 10:25:00.975 [http-nio-8080-exec-2] INFO  c.h.b.controller.ProductoController.listarPorCategoria - Se devuelven 2 productos para categoría id=1
2026-05-25 10:25:00.975 [http-nio-8080-exec-2] DEBUG o.s.w.s.m.m.a.RequestResponseBodyMethodProcessor.writeWithMessageConverters - Using 'application/json', given [*/*] and supported [application/json, application/*+json]
2026-05-25 10:25:00.977 [http-nio-8080-exec-2] DEBUG o.s.w.s.m.m.a.RequestResponseBodyMethodProcessor.traceDebug - Writing [[ProductoDTO(id=2, nombre=Agua micelar, precioOriginal=29.99, precioFinal=29.99, descuento=0, descri (truncated)...]
2026-05-25 10:25:00.979 [http-nio-8080-exec-2] DEBUG o.s.web.servlet.DispatcherServlet.logResult - Completed 200 OK
2026-05-25 10:25:00.995 [http-nio-8080-exec-6] DEBUG o.s.web.servlet.DispatcherServlet.traceDebug - GET "/api/carrito", parameters={}
2026-05-25 10:25:00.996 [http-nio-8080-exec-6] DEBUG o.s.w.s.m.m.a.RequestMappingHandlerMapping.getHandler - Mapped to com.helene.backend.controller.CarritoController#obtener()
2026-05-25 10:25:00.996 [http-nio-8080-exec-6] INFO  c.h.b.controller.CarritoController.obtener - Obteniendo contenido del carrito
2026-05-25 10:25:00.997 [http-nio-8080-exec-6] DEBUG org.hibernate.SQL.logStatement - select u1_0.id,u1_0.email,u1_0.fecha_registro,u1_0.password,u1_0.username from usuarios u1_0 where u1_0.username=?
2026-05-25 10:25:00.998 [http-nio-8080-exec-6] DEBUG org.hibernate.SQL.logStatement - select r1_0.usuario_id,r1_1.id,r1_1.nombre from usuarios_roles r1_0 join roles r1_1 on r1_1.id=r1_0.rol_id where r1_0.usuario_id=?
2026-05-25 10:25:01.000 [http-nio-8080-exec-6] DEBUG org.hibernate.SQL.logStatement - select c1_0.id,c1_0.cantidad,c1_0.producto_id,c1_0.usuario_id from carrito_items c1_0 left join usuarios u1_0 on u1_0.id=c1_0.usuario_id where u1_0.id=?
2026-05-25 10:25:01.002 [http-nio-8080-exec-6] DEBUG org.hibernate.SQL.logStatement - select p1_0.id,p1_0.categoria_id,c1_0.id,c1_0.nombre,p1_0.descripcion,p1_0.descuento,p1_0.imagen_url,p1_0.nombre,p1_0.precio_final,p1_0.precio_original from productos p1_0 join categorias c1_0 on c1_0.id=p1_0.categoria_id where p1_0.id=?
2026-05-25 10:25:01.003 [http-nio-8080-exec-6] INFO  c.h.b.controller.CarritoController.obtener - Carrito obtenido con 1 items
2026-05-25 10:25:01.003 [http-nio-8080-exec-6] DEBUG o.s.w.s.m.m.a.RequestResponseBodyMethodProcessor.writeWithMessageConverters - Using 'application/json', given [*/*] and supported [application/json, application/*+json]
2026-05-25 10:25:01.003 [http-nio-8080-exec-6] DEBUG o.s.w.s.m.m.a.RequestResponseBodyMethodProcessor.traceDebug - Writing [[CarritoRespuestaDTO(id=44, productoId=2, nombreProducto=Agua micelar, precioProducto=29.99, cantida (truncated)...]
2026-05-25 10:25:01.003 [http-nio-8080-exec-6] DEBUG o.s.web.servlet.DispatcherServlet.logResult - Completed 200 OK
2026-05-25 10:25:06.119 [http-nio-8080-exec-7] DEBUG o.s.web.servlet.DispatcherServlet.traceDebug - POST "/api/carrito", parameters={}
2026-05-25 10:25:06.119 [http-nio-8080-exec-7] DEBUG o.s.w.s.m.m.a.RequestMappingHandlerMapping.getHandler - Mapped to com.helene.backend.controller.CarritoController#agregar(CarritoDTO)
2026-05-25 10:25:06.126 [http-nio-8080-exec-7] DEBUG o.s.w.s.m.m.a.RequestResponseBodyMethodProcessor.traceDebug - Read "application/json;charset=utf-8" to [CarritoDTO(productoId=3, cantidad=1)]
2026-05-25 10:25:06.127 [http-nio-8080-exec-7] INFO  c.h.b.controller.CarritoController.agregar - Agregando producto id=3 al carrito, cantidad=1
2026-05-25 10:25:06.128 [http-nio-8080-exec-7] DEBUG org.hibernate.SQL.logStatement - select u1_0.id,u1_0.email,u1_0.fecha_registro,u1_0.password,u1_0.username from usuarios u1_0 where u1_0.username=?
2026-05-25 10:25:06.129 [http-nio-8080-exec-7] DEBUG org.hibernate.SQL.logStatement - select r1_0.usuario_id,r1_1.id,r1_1.nombre from usuarios_roles r1_0 join roles r1_1 on r1_1.id=r1_0.rol_id where r1_0.usuario_id=?
2026-05-25 10:25:06.134 [http-nio-8080-exec-7] DEBUG org.hibernate.SQL.logStatement - select p1_0.id,p1_0.categoria_id,c1_0.id,c1_0.nombre,p1_0.descripcion,p1_0.descuento,p1_0.imagen_url,p1_0.nombre,p1_0.precio_final,p1_0.precio_original from productos p1_0 join categorias c1_0 on c1_0.id=p1_0.categoria_id where p1_0.id=?
2026-05-25 10:25:06.136 [http-nio-8080-exec-7] DEBUG org.hibernate.SQL.logStatement - select c1_0.id,c1_0.cantidad,c1_0.producto_id,c1_0.usuario_id from carrito_items c1_0 left join usuarios u1_0 on u1_0.id=c1_0.usuario_id where u1_0.id=?
2026-05-25 10:25:06.137 [http-nio-8080-exec-7] DEBUG org.hibernate.SQL.logStatement - select p1_0.id,p1_0.categoria_id,c1_0.id,c1_0.nombre,p1_0.descripcion,p1_0.descuento,p1_0.imagen_url,p1_0.nombre,p1_0.precio_final,p1_0.precio_original from productos p1_0 join categorias c1_0 on c1_0.id=p1_0.categoria_id where p1_0.id=?
2026-05-25 10:25:06.147 [http-nio-8080-exec-7] DEBUG org.hibernate.SQL.logStatement - insert into carrito_items (cantidad,producto_id,usuario_id) values (?,?,?)
2026-05-25 10:25:06.190 [http-nio-8080-exec-7] INFO  c.h.b.controller.CarritoController.agregar - Producto id=3 agregado correctamente al carrito
2026-05-25 10:25:06.191 [http-nio-8080-exec-7] DEBUG o.s.w.s.m.m.a.RequestResponseBodyMethodProcessor.writeWithMessageConverters - Using 'application/json', given [*/*] and supported [application/json, application/*+json]
2026-05-25 10:25:06.191 [http-nio-8080-exec-7] DEBUG o.s.w.s.m.m.a.RequestResponseBodyMethodProcessor.writeWithMessageConverters - Nothing to write: null body
2026-05-25 10:25:06.191 [http-nio-8080-exec-7] DEBUG o.s.web.servlet.DispatcherServlet.logResult - Completed 200 OK
2026-05-25 10:25:07.169 [http-nio-8080-exec-5] DEBUG o.s.web.servlet.DispatcherServlet.traceDebug - GET "/api/carrito", parameters={}
2026-05-25 10:25:07.169 [http-nio-8080-exec-5] DEBUG o.s.w.s.m.m.a.RequestMappingHandlerMapping.getHandler - Mapped to com.helene.backend.controller.CarritoController#obtener()
2026-05-25 10:25:07.169 [http-nio-8080-exec-5] INFO  c.h.b.controller.CarritoController.obtener - Obteniendo contenido del carrito
2026-05-25 10:25:07.170 [http-nio-8080-exec-5] DEBUG org.hibernate.SQL.logStatement - select u1_0.id,u1_0.email,u1_0.fecha_registro,u1_0.password,u1_0.username from usuarios u1_0 where u1_0.username=?
2026-05-25 10:25:07.172 [http-nio-8080-exec-5] DEBUG org.hibernate.SQL.logStatement - select r1_0.usuario_id,r1_1.id,r1_1.nombre from usuarios_roles r1_0 join roles r1_1 on r1_1.id=r1_0.rol_id where r1_0.usuario_id=?
2026-05-25 10:25:07.173 [http-nio-8080-exec-5] DEBUG org.hibernate.SQL.logStatement - select c1_0.id,c1_0.cantidad,c1_0.producto_id,c1_0.usuario_id from carrito_items c1_0 left join usuarios u1_0 on u1_0.id=c1_0.usuario_id where u1_0.id=?
2026-05-25 10:25:07.175 [http-nio-8080-exec-5] DEBUG org.hibernate.SQL.logStatement - select p1_0.id,p1_0.categoria_id,c1_0.id,c1_0.nombre,p1_0.descripcion,p1_0.descuento,p1_0.imagen_url,p1_0.nombre,p1_0.precio_final,p1_0.precio_original from productos p1_0 join categorias c1_0 on c1_0.id=p1_0.categoria_id where p1_0.id=?
2026-05-25 10:25:07.176 [http-nio-8080-exec-5] DEBUG org.hibernate.SQL.logStatement - select p1_0.id,p1_0.categoria_id,c1_0.id,c1_0.nombre,p1_0.descripcion,p1_0.descuento,p1_0.imagen_url,p1_0.nombre,p1_0.precio_final,p1_0.precio_original from productos p1_0 join categorias c1_0 on c1_0.id=p1_0.categoria_id where p1_0.id=?
2026-05-25 10:25:07.177 [http-nio-8080-exec-5] INFO  c.h.b.controller.CarritoController.obtener - Carrito obtenido con 2 items
2026-05-25 10:25:07.177 [http-nio-8080-exec-5] DEBUG o.s.w.s.m.m.a.RequestResponseBodyMethodProcessor.writeWithMessageConverters - Using 'application/json', given [*/*] and supported [application/json, application/*+json]
2026-05-25 10:25:07.177 [http-nio-8080-exec-5] DEBUG o.s.w.s.m.m.a.RequestResponseBodyMethodProcessor.traceDebug - Writing [[CarritoRespuestaDTO(id=44, productoId=2, nombreProducto=Agua micelar, precioProducto=29.99, cantida (truncated)...]
2026-05-25 10:25:07.178 [http-nio-8080-exec-5] DEBUG o.s.web.servlet.DispatcherServlet.logResult - Completed 200 OK
2026-05-25 10:25:08.199 [http-nio-8080-exec-8] DEBUG o.s.web.servlet.DispatcherServlet.traceDebug - GET "/api/carrito", parameters={}
2026-05-25 10:25:08.199 [http-nio-8080-exec-8] DEBUG o.s.w.s.m.m.a.RequestMappingHandlerMapping.getHandler - Mapped to com.helene.backend.controller.CarritoController#obtener()
2026-05-25 10:25:08.199 [http-nio-8080-exec-8] INFO  c.h.b.controller.CarritoController.obtener - Obteniendo contenido del carrito
2026-05-25 10:25:08.201 [http-nio-8080-exec-8] DEBUG org.hibernate.SQL.logStatement - select u1_0.id,u1_0.email,u1_0.fecha_registro,u1_0.password,u1_0.username from usuarios u1_0 where u1_0.username=?
2026-05-25 10:25:08.203 [http-nio-8080-exec-8] DEBUG org.hibernate.SQL.logStatement - select r1_0.usuario_id,r1_1.id,r1_1.nombre from usuarios_roles r1_0 join roles r1_1 on r1_1.id=r1_0.rol_id where r1_0.usuario_id=?
2026-05-25 10:25:08.205 [http-nio-8080-exec-8] DEBUG org.hibernate.SQL.logStatement - select c1_0.id,c1_0.cantidad,c1_0.producto_id,c1_0.usuario_id from carrito_items c1_0 left join usuarios u1_0 on u1_0.id=c1_0.usuario_id where u1_0.id=?
2026-05-25 10:25:08.206 [http-nio-8080-exec-8] DEBUG org.hibernate.SQL.logStatement - select p1_0.id,p1_0.categoria_id,c1_0.id,c1_0.nombre,p1_0.descripcion,p1_0.descuento,p1_0.imagen_url,p1_0.nombre,p1_0.precio_final,p1_0.precio_original from productos p1_0 join categorias c1_0 on c1_0.id=p1_0.categoria_id where p1_0.id=?
2026-05-25 10:25:08.207 [http-nio-8080-exec-8] DEBUG org.hibernate.SQL.logStatement - select p1_0.id,p1_0.categoria_id,c1_0.id,c1_0.nombre,p1_0.descripcion,p1_0.descuento,p1_0.imagen_url,p1_0.nombre,p1_0.precio_final,p1_0.precio_original from productos p1_0 join categorias c1_0 on c1_0.id=p1_0.categoria_id where p1_0.id=?
2026-05-25 10:25:08.208 [http-nio-8080-exec-8] INFO  c.h.b.controller.CarritoController.obtener - Carrito obtenido con 2 items
2026-05-25 10:25:08.208 [http-nio-8080-exec-8] DEBUG o.s.w.s.m.m.a.RequestResponseBodyMethodProcessor.writeWithMessageConverters - Using 'application/json', given [*/*] and supported [application/json, application/*+json]
2026-05-25 10:25:08.209 [http-nio-8080-exec-8] DEBUG o.s.w.s.m.m.a.RequestResponseBodyMethodProcessor.traceDebug - Writing [[CarritoRespuestaDTO(id=44, productoId=2, nombreProducto=Agua micelar, precioProducto=29.99, cantida (truncated)...]
2026-05-25 10:25:08.210 [http-nio-8080-exec-8] DEBUG o.s.web.servlet.DispatcherServlet.logResult - Completed 200 OK
2026-05-25 10:25:10.655 [http-nio-8080-exec-9] DEBUG o.s.web.servlet.DispatcherServlet.traceDebug - GET "/api/carrito", parameters={}
2026-05-25 10:25:10.655 [http-nio-8080-exec-9] DEBUG o.s.w.s.m.m.a.RequestMappingHandlerMapping.getHandler - Mapped to com.helene.backend.controller.CarritoController#obtener()
2026-05-25 10:25:10.655 [http-nio-8080-exec-9] INFO  c.h.b.controller.CarritoController.obtener - Obteniendo contenido del carrito
2026-05-25 10:25:10.656 [http-nio-8080-exec-9] DEBUG org.hibernate.SQL.logStatement - select u1_0.id,u1_0.email,u1_0.fecha_registro,u1_0.password,u1_0.username from usuarios u1_0 where u1_0.username=?
2026-05-25 10:25:10.657 [http-nio-8080-exec-9] DEBUG org.hibernate.SQL.logStatement - select r1_0.usuario_id,r1_1.id,r1_1.nombre from usuarios_roles r1_0 join roles r1_1 on r1_1.id=r1_0.rol_id where r1_0.usuario_id=?
2026-05-25 10:25:10.659 [http-nio-8080-exec-9] DEBUG org.hibernate.SQL.logStatement - select c1_0.id,c1_0.cantidad,c1_0.producto_id,c1_0.usuario_id from carrito_items c1_0 left join usuarios u1_0 on u1_0.id=c1_0.usuario_id where u1_0.id=?
2026-05-25 10:25:10.659 [http-nio-8080-exec-9] DEBUG org.hibernate.SQL.logStatement - select p1_0.id,p1_0.categoria_id,c1_0.id,c1_0.nombre,p1_0.descripcion,p1_0.descuento,p1_0.imagen_url,p1_0.nombre,p1_0.precio_final,p1_0.precio_original from productos p1_0 join categorias c1_0 on c1_0.id=p1_0.categoria_id where p1_0.id=?
2026-05-25 10:25:10.660 [http-nio-8080-exec-9] DEBUG org.hibernate.SQL.logStatement - select p1_0.id,p1_0.categoria_id,c1_0.id,c1_0.nombre,p1_0.descripcion,p1_0.descuento,p1_0.imagen_url,p1_0.nombre,p1_0.precio_final,p1_0.precio_original from productos p1_0 join categorias c1_0 on c1_0.id=p1_0.categoria_id where p1_0.id=?
2026-05-25 10:25:10.661 [http-nio-8080-exec-9] INFO  c.h.b.controller.CarritoController.obtener - Carrito obtenido con 2 items
2026-05-25 10:25:10.661 [http-nio-8080-exec-9] DEBUG o.s.w.s.m.m.a.RequestResponseBodyMethodProcessor.writeWithMessageConverters - Using 'application/json', given [*/*] and supported [application/json, application/*+json]
2026-05-25 10:25:10.661 [http-nio-8080-exec-9] DEBUG o.s.w.s.m.m.a.RequestResponseBodyMethodProcessor.traceDebug - Writing [[CarritoRespuestaDTO(id=44, productoId=2, nombreProducto=Agua micelar, precioProducto=29.99, cantida (truncated)...]
2026-05-25 10:25:10.661 [http-nio-8080-exec-9] DEBUG o.s.web.servlet.DispatcherServlet.logResult - Completed 200 OK
2026-05-25 10:25:10.679 [http-nio-8080-exec-10] DEBUG o.s.web.servlet.DispatcherServlet.traceDebug - GET "/api/productos/categoria/2", parameters={}
2026-05-25 10:25:10.679 [http-nio-8080-exec-10] DEBUG o.s.w.s.m.m.a.RequestMappingHandlerMapping.getHandler - Mapped to com.helene.backend.controller.ProductoController#listarPorCategoria(Long)
2026-05-25 10:25:10.679 [http-nio-8080-exec-10] INFO  c.h.b.controller.ProductoController.listarPorCategoria - Listando productos de la categoría id=2
2026-05-25 10:25:10.681 [http-nio-8080-exec-10] DEBUG org.hibernate.SQL.logStatement - select p1_0.id,p1_0.categoria_id,p1_0.descripcion,p1_0.descuento,p1_0.imagen_url,p1_0.nombre,p1_0.precio_final,p1_0.precio_original from productos p1_0 left join categorias c1_0 on c1_0.id=p1_0.categoria_id where c1_0.id=?
2026-05-25 10:25:10.682 [http-nio-8080-exec-10] DEBUG org.hibernate.SQL.logStatement - select c1_0.id,c1_0.nombre from categorias c1_0 where c1_0.id=?
2026-05-25 10:25:10.683 [http-nio-8080-exec-10] INFO  c.h.b.controller.ProductoController.listarPorCategoria - Se devuelven 1 productos para categoría id=2
2026-05-25 10:25:10.683 [http-nio-8080-exec-10] DEBUG o.s.w.s.m.m.a.RequestResponseBodyMethodProcessor.writeWithMessageConverters - Using 'application/json', given [*/*] and supported [application/json, application/*+json]
2026-05-25 10:25:10.683 [http-nio-8080-exec-10] DEBUG o.s.w.s.m.m.a.RequestResponseBodyMethodProcessor.traceDebug - Writing [[ProductoDTO(id=4, nombre=Crema reparadora capilar, precioOriginal=12.5, precioFinal=12.5, descuento (truncated)...]
2026-05-25 10:25:10.684 [http-nio-8080-exec-10] DEBUG o.s.web.servlet.DispatcherServlet.logResult - Completed 200 OK
2026-05-25 10:25:10.705 [http-nio-8080-exec-1] DEBUG o.s.web.servlet.DispatcherServlet.traceDebug - GET "/api/carrito", parameters={}
2026-05-25 10:25:10.705 [http-nio-8080-exec-1] DEBUG o.s.w.s.m.m.a.RequestMappingHandlerMapping.getHandler - Mapped to com.helene.backend.controller.CarritoController#obtener()
2026-05-25 10:25:10.705 [http-nio-8080-exec-1] INFO  c.h.b.controller.CarritoController.obtener - Obteniendo contenido del carrito
2026-05-25 10:25:10.707 [http-nio-8080-exec-1] DEBUG org.hibernate.SQL.logStatement - select u1_0.id,u1_0.email,u1_0.fecha_registro,u1_0.password,u1_0.username from usuarios u1_0 where u1_0.username=?
2026-05-25 10:25:10.708 [http-nio-8080-exec-1] DEBUG org.hibernate.SQL.logStatement - select r1_0.usuario_id,r1_1.id,r1_1.nombre from usuarios_roles r1_0 join roles r1_1 on r1_1.id=r1_0.rol_id where r1_0.usuario_id=?
2026-05-25 10:25:10.710 [http-nio-8080-exec-1] DEBUG org.hibernate.SQL.logStatement - select c1_0.id,c1_0.cantidad,c1_0.producto_id,c1_0.usuario_id from carrito_items c1_0 left join usuarios u1_0 on u1_0.id=c1_0.usuario_id where u1_0.id=?
2026-05-25 10:25:10.711 [http-nio-8080-exec-1] DEBUG org.hibernate.SQL.logStatement - select p1_0.id,p1_0.categoria_id,c1_0.id,c1_0.nombre,p1_0.descripcion,p1_0.descuento,p1_0.imagen_url,p1_0.nombre,p1_0.precio_final,p1_0.precio_original from productos p1_0 join categorias c1_0 on c1_0.id=p1_0.categoria_id where p1_0.id=?
2026-05-25 10:25:10.712 [http-nio-8080-exec-1] DEBUG org.hibernate.SQL.logStatement - select p1_0.id,p1_0.categoria_id,c1_0.id,c1_0.nombre,p1_0.descripcion,p1_0.descuento,p1_0.imagen_url,p1_0.nombre,p1_0.precio_final,p1_0.precio_original from productos p1_0 join categorias c1_0 on c1_0.id=p1_0.categoria_id where p1_0.id=?
2026-05-25 10:25:10.712 [http-nio-8080-exec-1] INFO  c.h.b.controller.CarritoController.obtener - Carrito obtenido con 2 items
2026-05-25 10:25:10.713 [http-nio-8080-exec-1] DEBUG o.s.w.s.m.m.a.RequestResponseBodyMethodProcessor.writeWithMessageConverters - Using 'application/json', given [*/*] and supported [application/json, application/*+json]
2026-05-25 10:25:10.713 [http-nio-8080-exec-1] DEBUG o.s.w.s.m.m.a.RequestResponseBodyMethodProcessor.traceDebug - Writing [[CarritoRespuestaDTO(id=44, productoId=2, nombreProducto=Agua micelar, precioProducto=29.99, cantida (truncated)...]
2026-05-25 10:25:10.713 [http-nio-8080-exec-1] DEBUG o.s.web.servlet.DispatcherServlet.logResult - Completed 200 OK
2026-05-25 10:25:13.336 [http-nio-8080-exec-4] DEBUG o.s.web.servlet.DispatcherServlet.traceDebug - POST "/api/carrito", parameters={}
2026-05-25 10:25:13.336 [http-nio-8080-exec-4] DEBUG o.s.w.s.m.m.a.RequestMappingHandlerMapping.getHandler - Mapped to com.helene.backend.controller.CarritoController#agregar(CarritoDTO)
2026-05-25 10:25:13.336 [http-nio-8080-exec-4] DEBUG o.s.w.s.m.m.a.RequestResponseBodyMethodProcessor.traceDebug - Read "application/json;charset=utf-8" to [CarritoDTO(productoId=4, cantidad=1)]
2026-05-25 10:25:13.337 [http-nio-8080-exec-4] INFO  c.h.b.controller.CarritoController.agregar - Agregando producto id=4 al carrito, cantidad=1
2026-05-25 10:25:13.338 [http-nio-8080-exec-4] DEBUG org.hibernate.SQL.logStatement - select u1_0.id,u1_0.email,u1_0.fecha_registro,u1_0.password,u1_0.username from usuarios u1_0 where u1_0.username=?
2026-05-25 10:25:13.339 [http-nio-8080-exec-4] DEBUG org.hibernate.SQL.logStatement - select r1_0.usuario_id,r1_1.id,r1_1.nombre from usuarios_roles r1_0 join roles r1_1 on r1_1.id=r1_0.rol_id where r1_0.usuario_id=?
2026-05-25 10:25:13.341 [http-nio-8080-exec-4] DEBUG org.hibernate.SQL.logStatement - select p1_0.id,p1_0.categoria_id,c1_0.id,c1_0.nombre,p1_0.descripcion,p1_0.descuento,p1_0.imagen_url,p1_0.nombre,p1_0.precio_final,p1_0.precio_original from productos p1_0 join categorias c1_0 on c1_0.id=p1_0.categoria_id where p1_0.id=?
2026-05-25 10:25:13.344 [http-nio-8080-exec-4] DEBUG org.hibernate.SQL.logStatement - select c1_0.id,c1_0.cantidad,c1_0.producto_id,c1_0.usuario_id from carrito_items c1_0 left join usuarios u1_0 on u1_0.id=c1_0.usuario_id where u1_0.id=?
2026-05-25 10:25:13.344 [http-nio-8080-exec-4] DEBUG org.hibernate.SQL.logStatement - select p1_0.id,p1_0.categoria_id,c1_0.id,c1_0.nombre,p1_0.descripcion,p1_0.descuento,p1_0.imagen_url,p1_0.nombre,p1_0.precio_final,p1_0.precio_original from productos p1_0 join categorias c1_0 on c1_0.id=p1_0.categoria_id where p1_0.id=?
2026-05-25 10:25:13.345 [http-nio-8080-exec-4] DEBUG org.hibernate.SQL.logStatement - select p1_0.id,p1_0.categoria_id,c1_0.id,c1_0.nombre,p1_0.descripcion,p1_0.descuento,p1_0.imagen_url,p1_0.nombre,p1_0.precio_final,p1_0.precio_original from productos p1_0 join categorias c1_0 on c1_0.id=p1_0.categoria_id where p1_0.id=?
2026-05-25 10:25:13.346 [http-nio-8080-exec-4] DEBUG org.hibernate.SQL.logStatement - insert into carrito_items (cantidad,producto_id,usuario_id) values (?,?,?)
2026-05-25 10:25:13.356 [http-nio-8080-exec-4] INFO  c.h.b.controller.CarritoController.agregar - Producto id=4 agregado correctamente al carrito
2026-05-25 10:25:13.357 [http-nio-8080-exec-4] DEBUG o.s.w.s.m.m.a.RequestResponseBodyMethodProcessor.writeWithMessageConverters - Using 'application/json', given [*/*] and supported [application/json, application/*+json]
2026-05-25 10:25:13.357 [http-nio-8080-exec-4] DEBUG o.s.w.s.m.m.a.RequestResponseBodyMethodProcessor.writeWithMessageConverters - Nothing to write: null body
2026-05-25 10:25:13.357 [http-nio-8080-exec-4] DEBUG o.s.web.servlet.DispatcherServlet.logResult - Completed 200 OK
2026-05-25 10:25:15.800 [http-nio-8080-exec-2] DEBUG o.s.web.servlet.DispatcherServlet.traceDebug - GET "/api/carrito", parameters={}
2026-05-25 10:25:15.801 [http-nio-8080-exec-2] DEBUG o.s.w.s.m.m.a.RequestMappingHandlerMapping.getHandler - Mapped to com.helene.backend.controller.CarritoController#obtener()
2026-05-25 10:25:15.801 [http-nio-8080-exec-2] INFO  c.h.b.controller.CarritoController.obtener - Obteniendo contenido del carrito
2026-05-25 10:25:15.802 [http-nio-8080-exec-2] DEBUG org.hibernate.SQL.logStatement - select u1_0.id,u1_0.email,u1_0.fecha_registro,u1_0.password,u1_0.username from usuarios u1_0 where u1_0.username=?
2026-05-25 10:25:15.803 [http-nio-8080-exec-2] DEBUG org.hibernate.SQL.logStatement - select r1_0.usuario_id,r1_1.id,r1_1.nombre from usuarios_roles r1_0 join roles r1_1 on r1_1.id=r1_0.rol_id where r1_0.usuario_id=?
2026-05-25 10:25:15.805 [http-nio-8080-exec-2] DEBUG org.hibernate.SQL.logStatement - select c1_0.id,c1_0.cantidad,c1_0.producto_id,c1_0.usuario_id from carrito_items c1_0 left join usuarios u1_0 on u1_0.id=c1_0.usuario_id where u1_0.id=?
2026-05-25 10:25:15.805 [http-nio-8080-exec-2] DEBUG org.hibernate.SQL.logStatement - select p1_0.id,p1_0.categoria_id,c1_0.id,c1_0.nombre,p1_0.descripcion,p1_0.descuento,p1_0.imagen_url,p1_0.nombre,p1_0.precio_final,p1_0.precio_original from productos p1_0 join categorias c1_0 on c1_0.id=p1_0.categoria_id where p1_0.id=?
2026-05-25 10:25:15.807 [http-nio-8080-exec-2] DEBUG org.hibernate.SQL.logStatement - select p1_0.id,p1_0.categoria_id,c1_0.id,c1_0.nombre,p1_0.descripcion,p1_0.descuento,p1_0.imagen_url,p1_0.nombre,p1_0.precio_final,p1_0.precio_original from productos p1_0 join categorias c1_0 on c1_0.id=p1_0.categoria_id where p1_0.id=?
2026-05-25 10:25:15.807 [http-nio-8080-exec-2] DEBUG org.hibernate.SQL.logStatement - select p1_0.id,p1_0.categoria_id,c1_0.id,c1_0.nombre,p1_0.descripcion,p1_0.descuento,p1_0.imagen_url,p1_0.nombre,p1_0.precio_final,p1_0.precio_original from productos p1_0 join categorias c1_0 on c1_0.id=p1_0.categoria_id where p1_0.id=?
2026-05-25 10:25:15.808 [http-nio-8080-exec-2] INFO  c.h.b.controller.CarritoController.obtener - Carrito obtenido con 3 items
2026-05-25 10:25:15.808 [http-nio-8080-exec-2] DEBUG o.s.w.s.m.m.a.RequestResponseBodyMethodProcessor.writeWithMessageConverters - Using 'application/json', given [*/*] and supported [application/json, application/*+json]
2026-05-25 10:25:15.809 [http-nio-8080-exec-2] DEBUG o.s.w.s.m.m.a.RequestResponseBodyMethodProcessor.traceDebug - Writing [[CarritoRespuestaDTO(id=44, productoId=2, nombreProducto=Agua micelar, precioProducto=29.99, cantida (truncated)...]
2026-05-25 10:25:15.809 [http-nio-8080-exec-2] DEBUG o.s.web.servlet.DispatcherServlet.logResult - Completed 200 OK
2026-05-25 10:25:17.674 [http-nio-8080-exec-6] DEBUG o.s.web.servlet.DispatcherServlet.traceDebug - GET "/api/carrito", parameters={}
2026-05-25 10:25:17.675 [http-nio-8080-exec-6] DEBUG o.s.w.s.m.m.a.RequestMappingHandlerMapping.getHandler - Mapped to com.helene.backend.controller.CarritoController#obtener()
2026-05-25 10:25:17.675 [http-nio-8080-exec-6] INFO  c.h.b.controller.CarritoController.obtener - Obteniendo contenido del carrito
2026-05-25 10:25:17.676 [http-nio-8080-exec-6] DEBUG org.hibernate.SQL.logStatement - select u1_0.id,u1_0.email,u1_0.fecha_registro,u1_0.password,u1_0.username from usuarios u1_0 where u1_0.username=?
2026-05-25 10:25:17.676 [http-nio-8080-exec-6] DEBUG org.hibernate.SQL.logStatement - select r1_0.usuario_id,r1_1.id,r1_1.nombre from usuarios_roles r1_0 join roles r1_1 on r1_1.id=r1_0.rol_id where r1_0.usuario_id=?
2026-05-25 10:25:17.677 [http-nio-8080-exec-6] DEBUG org.hibernate.SQL.logStatement - select c1_0.id,c1_0.cantidad,c1_0.producto_id,c1_0.usuario_id from carrito_items c1_0 left join usuarios u1_0 on u1_0.id=c1_0.usuario_id where u1_0.id=?
2026-05-25 10:25:17.679 [http-nio-8080-exec-6] DEBUG org.hibernate.SQL.logStatement - select p1_0.id,p1_0.categoria_id,c1_0.id,c1_0.nombre,p1_0.descripcion,p1_0.descuento,p1_0.imagen_url,p1_0.nombre,p1_0.precio_final,p1_0.precio_original from productos p1_0 join categorias c1_0 on c1_0.id=p1_0.categoria_id where p1_0.id=?
2026-05-25 10:25:17.679 [http-nio-8080-exec-6] DEBUG org.hibernate.SQL.logStatement - select p1_0.id,p1_0.categoria_id,c1_0.id,c1_0.nombre,p1_0.descripcion,p1_0.descuento,p1_0.imagen_url,p1_0.nombre,p1_0.precio_final,p1_0.precio_original from productos p1_0 join categorias c1_0 on c1_0.id=p1_0.categoria_id where p1_0.id=?
2026-05-25 10:25:17.680 [http-nio-8080-exec-6] DEBUG org.hibernate.SQL.logStatement - select p1_0.id,p1_0.categoria_id,c1_0.id,c1_0.nombre,p1_0.descripcion,p1_0.descuento,p1_0.imagen_url,p1_0.nombre,p1_0.precio_final,p1_0.precio_original from productos p1_0 join categorias c1_0 on c1_0.id=p1_0.categoria_id where p1_0.id=?
2026-05-25 10:25:17.681 [http-nio-8080-exec-6] INFO  c.h.b.controller.CarritoController.obtener - Carrito obtenido con 3 items
2026-05-25 10:25:17.681 [http-nio-8080-exec-6] DEBUG o.s.w.s.m.m.a.RequestResponseBodyMethodProcessor.writeWithMessageConverters - Using 'application/json', given [*/*] and supported [application/json, application/*+json]
2026-05-25 10:25:17.681 [http-nio-8080-exec-6] DEBUG o.s.w.s.m.m.a.RequestResponseBodyMethodProcessor.traceDebug - Writing [[CarritoRespuestaDTO(id=44, productoId=2, nombreProducto=Agua micelar, precioProducto=29.99, cantida (truncated)...]
2026-05-25 10:25:17.681 [http-nio-8080-exec-6] DEBUG o.s.web.servlet.DispatcherServlet.logResult - Completed 200 OK
2026-05-25 10:25:17.707 [http-nio-8080-exec-7] DEBUG o.s.web.servlet.DispatcherServlet.traceDebug - GET "/api/carrito", parameters={}
2026-05-25 10:25:17.707 [http-nio-8080-exec-7] DEBUG o.s.w.s.m.m.a.RequestMappingHandlerMapping.getHandler - Mapped to com.helene.backend.controller.CarritoController#obtener()
2026-05-25 10:25:17.708 [http-nio-8080-exec-7] INFO  c.h.b.controller.CarritoController.obtener - Obteniendo contenido del carrito
2026-05-25 10:25:17.708 [http-nio-8080-exec-7] DEBUG org.hibernate.SQL.logStatement - select u1_0.id,u1_0.email,u1_0.fecha_registro,u1_0.password,u1_0.username from usuarios u1_0 where u1_0.username=?
2026-05-25 10:25:17.709 [http-nio-8080-exec-7] DEBUG org.hibernate.SQL.logStatement - select r1_0.usuario_id,r1_1.id,r1_1.nombre from usuarios_roles r1_0 join roles r1_1 on r1_1.id=r1_0.rol_id where r1_0.usuario_id=?
2026-05-25 10:25:17.711 [http-nio-8080-exec-7] DEBUG org.hibernate.SQL.logStatement - select c1_0.id,c1_0.cantidad,c1_0.producto_id,c1_0.usuario_id from carrito_items c1_0 left join usuarios u1_0 on u1_0.id=c1_0.usuario_id where u1_0.id=?
2026-05-25 10:25:17.711 [http-nio-8080-exec-7] DEBUG org.hibernate.SQL.logStatement - select p1_0.id,p1_0.categoria_id,c1_0.id,c1_0.nombre,p1_0.descripcion,p1_0.descuento,p1_0.imagen_url,p1_0.nombre,p1_0.precio_final,p1_0.precio_original from productos p1_0 join categorias c1_0 on c1_0.id=p1_0.categoria_id where p1_0.id=?
2026-05-25 10:25:17.712 [http-nio-8080-exec-7] DEBUG org.hibernate.SQL.logStatement - select p1_0.id,p1_0.categoria_id,c1_0.id,c1_0.nombre,p1_0.descripcion,p1_0.descuento,p1_0.imagen_url,p1_0.nombre,p1_0.precio_final,p1_0.precio_original from productos p1_0 join categorias c1_0 on c1_0.id=p1_0.categoria_id where p1_0.id=?
2026-05-25 10:25:17.713 [http-nio-8080-exec-7] DEBUG org.hibernate.SQL.logStatement - select p1_0.id,p1_0.categoria_id,c1_0.id,c1_0.nombre,p1_0.descripcion,p1_0.descuento,p1_0.imagen_url,p1_0.nombre,p1_0.precio_final,p1_0.precio_original from productos p1_0 join categorias c1_0 on c1_0.id=p1_0.categoria_id where p1_0.id=?
2026-05-25 10:25:17.714 [http-nio-8080-exec-7] INFO  c.h.b.controller.CarritoController.obtener - Carrito obtenido con 3 items
2026-05-25 10:25:17.714 [http-nio-8080-exec-7] DEBUG o.s.w.s.m.m.a.RequestResponseBodyMethodProcessor.writeWithMessageConverters - Using 'application/json', given [*/*] and supported [application/json, application/*+json]
2026-05-25 10:25:17.714 [http-nio-8080-exec-7] DEBUG o.s.w.s.m.m.a.RequestResponseBodyMethodProcessor.traceDebug - Writing [[CarritoRespuestaDTO(id=44, productoId=2, nombreProducto=Agua micelar, precioProducto=29.99, cantida (truncated)...]
2026-05-25 10:25:17.715 [http-nio-8080-exec-7] DEBUG o.s.web.servlet.DispatcherServlet.logResult - Completed 200 OK
2026-05-25 10:25:21.086 [http-nio-8080-exec-8] DEBUG o.s.web.servlet.DispatcherServlet.traceDebug - PUT "/api/carrito/3?cantidad=2", parameters={masked}
2026-05-25 10:25:21.087 [http-nio-8080-exec-8] DEBUG o.s.w.s.m.m.a.RequestMappingHandlerMapping.getHandler - Mapped to com.helene.backend.controller.CarritoController#actualizarCantidad(Long, Integer)
2026-05-25 10:25:21.088 [http-nio-8080-exec-8] INFO  c.h.b.controller.CarritoController.actualizarCantidad - Actualizando cantidad del producto id=3 a 2 en el carrito
2026-05-25 10:25:21.089 [http-nio-8080-exec-8] DEBUG org.hibernate.SQL.logStatement - select u1_0.id,u1_0.email,u1_0.fecha_registro,u1_0.password,u1_0.username from usuarios u1_0 where u1_0.username=?
2026-05-25 10:25:21.090 [http-nio-8080-exec-8] DEBUG org.hibernate.SQL.logStatement - select r1_0.usuario_id,r1_1.id,r1_1.nombre from usuarios_roles r1_0 join roles r1_1 on r1_1.id=r1_0.rol_id where r1_0.usuario_id=?
2026-05-25 10:25:21.092 [http-nio-8080-exec-8] DEBUG org.hibernate.SQL.logStatement - select c1_0.id,c1_0.cantidad,c1_0.producto_id,c1_0.usuario_id from carrito_items c1_0 left join usuarios u1_0 on u1_0.id=c1_0.usuario_id where u1_0.id=?
2026-05-25 10:25:21.093 [http-nio-8080-exec-8] DEBUG org.hibernate.SQL.logStatement - select p1_0.id,p1_0.categoria_id,c1_0.id,c1_0.nombre,p1_0.descripcion,p1_0.descuento,p1_0.imagen_url,p1_0.nombre,p1_0.precio_final,p1_0.precio_original from productos p1_0 join categorias c1_0 on c1_0.id=p1_0.categoria_id where p1_0.id=?
2026-05-25 10:25:21.093 [http-nio-8080-exec-8] DEBUG org.hibernate.SQL.logStatement - select p1_0.id,p1_0.categoria_id,c1_0.id,c1_0.nombre,p1_0.descripcion,p1_0.descuento,p1_0.imagen_url,p1_0.nombre,p1_0.precio_final,p1_0.precio_original from productos p1_0 join categorias c1_0 on c1_0.id=p1_0.categoria_id where p1_0.id=?
2026-05-25 10:25:21.094 [http-nio-8080-exec-8] DEBUG org.hibernate.SQL.logStatement - select p1_0.id,p1_0.categoria_id,c1_0.id,c1_0.nombre,p1_0.descripcion,p1_0.descuento,p1_0.imagen_url,p1_0.nombre,p1_0.precio_final,p1_0.precio_original from productos p1_0 join categorias c1_0 on c1_0.id=p1_0.categoria_id where p1_0.id=?
2026-05-25 10:25:21.102 [http-nio-8080-exec-8] DEBUG org.hibernate.SQL.logStatement - update carrito_items set cantidad=?,producto_id=?,usuario_id=? where id=?
2026-05-25 10:25:21.111 [http-nio-8080-exec-8] INFO  c.h.b.controller.CarritoController.actualizarCantidad - Cantidad del producto id=3 actualizada a 2
2026-05-25 10:25:21.112 [http-nio-8080-exec-8] DEBUG o.s.w.s.m.m.a.RequestResponseBodyMethodProcessor.writeWithMessageConverters - Using 'application/json', given [*/*] and supported [application/json, application/*+json]
2026-05-25 10:25:21.112 [http-nio-8080-exec-8] DEBUG o.s.w.s.m.m.a.RequestResponseBodyMethodProcessor.writeWithMessageConverters - Nothing to write: null body
2026-05-25 10:25:21.112 [http-nio-8080-exec-8] DEBUG o.s.web.servlet.DispatcherServlet.logResult - Completed 200 OK
2026-05-25 10:25:57.848 [http-nio-8080-exec-1] DEBUG o.s.web.servlet.DispatcherServlet.traceDebug - GET "/api/carrito", parameters={}
2026-05-25 10:25:57.848 [http-nio-8080-exec-1] DEBUG o.s.w.s.m.m.a.RequestMappingHandlerMapping.getHandler - Mapped to com.helene.backend.controller.CarritoController#obtener()
2026-05-25 10:25:57.848 [http-nio-8080-exec-1] INFO  c.h.b.controller.CarritoController.obtener - Obteniendo contenido del carrito
2026-05-25 10:25:57.849 [http-nio-8080-exec-1] DEBUG org.hibernate.SQL.logStatement - select u1_0.id,u1_0.email,u1_0.fecha_registro,u1_0.password,u1_0.username from usuarios u1_0 where u1_0.username=?
2026-05-25 10:25:57.850 [http-nio-8080-exec-1] DEBUG org.hibernate.SQL.logStatement - select r1_0.usuario_id,r1_1.id,r1_1.nombre from usuarios_roles r1_0 join roles r1_1 on r1_1.id=r1_0.rol_id where r1_0.usuario_id=?
2026-05-25 10:25:57.851 [http-nio-8080-exec-1] DEBUG org.hibernate.SQL.logStatement - select c1_0.id,c1_0.cantidad,c1_0.producto_id,c1_0.usuario_id from carrito_items c1_0 left join usuarios u1_0 on u1_0.id=c1_0.usuario_id where u1_0.id=?
2026-05-25 10:25:57.851 [http-nio-8080-exec-1] DEBUG org.hibernate.SQL.logStatement - select p1_0.id,p1_0.categoria_id,c1_0.id,c1_0.nombre,p1_0.descripcion,p1_0.descuento,p1_0.imagen_url,p1_0.nombre,p1_0.precio_final,p1_0.precio_original from productos p1_0 join categorias c1_0 on c1_0.id=p1_0.categoria_id where p1_0.id=?
2026-05-25 10:25:57.853 [http-nio-8080-exec-1] DEBUG org.hibernate.SQL.logStatement - select p1_0.id,p1_0.categoria_id,c1_0.id,c1_0.nombre,p1_0.descripcion,p1_0.descuento,p1_0.imagen_url,p1_0.nombre,p1_0.precio_final,p1_0.precio_original from productos p1_0 join categorias c1_0 on c1_0.id=p1_0.categoria_id where p1_0.id=?
2026-05-25 10:25:57.854 [http-nio-8080-exec-1] DEBUG org.hibernate.SQL.logStatement - select p1_0.id,p1_0.categoria_id,c1_0.id,c1_0.nombre,p1_0.descripcion,p1_0.descuento,p1_0.imagen_url,p1_0.nombre,p1_0.precio_final,p1_0.precio_original from productos p1_0 join categorias c1_0 on c1_0.id=p1_0.categoria_id where p1_0.id=?
2026-05-25 10:25:57.855 [http-nio-8080-exec-1] INFO  c.h.b.controller.CarritoController.obtener - Carrito obtenido con 3 items
2026-05-25 10:25:57.855 [http-nio-8080-exec-1] DEBUG o.s.w.s.m.m.a.RequestResponseBodyMethodProcessor.writeWithMessageConverters - Using 'application/json', given [*/*] and supported [application/json, application/*+json]
2026-05-25 10:25:57.855 [http-nio-8080-exec-1] DEBUG o.s.w.s.m.m.a.RequestResponseBodyMethodProcessor.traceDebug - Writing [[CarritoRespuestaDTO(id=44, productoId=2, nombreProducto=Agua micelar, precioProducto=29.99, cantida (truncated)...]
2026-05-25 10:25:57.856 [http-nio-8080-exec-1] DEBUG o.s.web.servlet.DispatcherServlet.logResult - Completed 200 OK
2026-05-25 10:25:59.725 [http-nio-8080-exec-3] DEBUG o.s.web.servlet.DispatcherServlet.traceDebug - GET "/api/carrito", parameters={}
2026-05-25 10:25:59.725 [http-nio-8080-exec-3] DEBUG o.s.w.s.m.m.a.RequestMappingHandlerMapping.getHandler - Mapped to com.helene.backend.controller.CarritoController#obtener()
2026-05-25 10:25:59.725 [http-nio-8080-exec-3] INFO  c.h.b.controller.CarritoController.obtener - Obteniendo contenido del carrito
2026-05-25 10:25:59.726 [http-nio-8080-exec-3] DEBUG org.hibernate.SQL.logStatement - select u1_0.id,u1_0.email,u1_0.fecha_registro,u1_0.password,u1_0.username from usuarios u1_0 where u1_0.username=?
2026-05-25 10:25:59.728 [http-nio-8080-exec-3] DEBUG org.hibernate.SQL.logStatement - select r1_0.usuario_id,r1_1.id,r1_1.nombre from usuarios_roles r1_0 join roles r1_1 on r1_1.id=r1_0.rol_id where r1_0.usuario_id=?
2026-05-25 10:25:59.729 [http-nio-8080-exec-3] DEBUG org.hibernate.SQL.logStatement - select c1_0.id,c1_0.cantidad,c1_0.producto_id,c1_0.usuario_id from carrito_items c1_0 left join usuarios u1_0 on u1_0.id=c1_0.usuario_id where u1_0.id=?
2026-05-25 10:25:59.730 [http-nio-8080-exec-3] DEBUG org.hibernate.SQL.logStatement - select p1_0.id,p1_0.categoria_id,c1_0.id,c1_0.nombre,p1_0.descripcion,p1_0.descuento,p1_0.imagen_url,p1_0.nombre,p1_0.precio_final,p1_0.precio_original from productos p1_0 join categorias c1_0 on c1_0.id=p1_0.categoria_id where p1_0.id=?
2026-05-25 10:25:59.731 [http-nio-8080-exec-3] DEBUG org.hibernate.SQL.logStatement - select p1_0.id,p1_0.categoria_id,c1_0.id,c1_0.nombre,p1_0.descripcion,p1_0.descuento,p1_0.imagen_url,p1_0.nombre,p1_0.precio_final,p1_0.precio_original from productos p1_0 join categorias c1_0 on c1_0.id=p1_0.categoria_id where p1_0.id=?
2026-05-25 10:25:59.732 [http-nio-8080-exec-3] DEBUG org.hibernate.SQL.logStatement - select p1_0.id,p1_0.categoria_id,c1_0.id,c1_0.nombre,p1_0.descripcion,p1_0.descuento,p1_0.imagen_url,p1_0.nombre,p1_0.precio_final,p1_0.precio_original from productos p1_0 join categorias c1_0 on c1_0.id=p1_0.categoria_id where p1_0.id=?
2026-05-25 10:25:59.733 [http-nio-8080-exec-3] INFO  c.h.b.controller.CarritoController.obtener - Carrito obtenido con 3 items
2026-05-25 10:25:59.733 [http-nio-8080-exec-3] DEBUG o.s.w.s.m.m.a.RequestResponseBodyMethodProcessor.writeWithMessageConverters - Using 'application/json', given [*/*] and supported [application/json, application/*+json]
2026-05-25 10:25:59.733 [http-nio-8080-exec-3] DEBUG o.s.w.s.m.m.a.RequestResponseBodyMethodProcessor.traceDebug - Writing [[CarritoRespuestaDTO(id=44, productoId=2, nombreProducto=Agua micelar, precioProducto=29.99, cantida (truncated)...]
2026-05-25 10:25:59.734 [http-nio-8080-exec-3] DEBUG o.s.web.servlet.DispatcherServlet.logResult - Completed 200 OK
2026-05-25 10:26:04.860 [http-nio-8080-exec-4] DEBUG o.s.web.servlet.DispatcherServlet.traceDebug - GET "/api/carrito", parameters={}
2026-05-25 10:26:04.861 [http-nio-8080-exec-4] DEBUG o.s.w.s.m.m.a.RequestMappingHandlerMapping.getHandler - Mapped to com.helene.backend.controller.CarritoController#obtener()
2026-05-25 10:26:04.861 [http-nio-8080-exec-4] INFO  c.h.b.controller.CarritoController.obtener - Obteniendo contenido del carrito
2026-05-25 10:26:04.862 [http-nio-8080-exec-4] DEBUG org.hibernate.SQL.logStatement - select u1_0.id,u1_0.email,u1_0.fecha_registro,u1_0.password,u1_0.username from usuarios u1_0 where u1_0.username=?
2026-05-25 10:26:04.864 [http-nio-8080-exec-4] DEBUG org.hibernate.SQL.logStatement - select r1_0.usuario_id,r1_1.id,r1_1.nombre from usuarios_roles r1_0 join roles r1_1 on r1_1.id=r1_0.rol_id where r1_0.usuario_id=?
2026-05-25 10:26:04.865 [http-nio-8080-exec-4] DEBUG org.hibernate.SQL.logStatement - select c1_0.id,c1_0.cantidad,c1_0.producto_id,c1_0.usuario_id from carrito_items c1_0 left join usuarios u1_0 on u1_0.id=c1_0.usuario_id where u1_0.id=?
2026-05-25 10:26:04.867 [http-nio-8080-exec-4] DEBUG org.hibernate.SQL.logStatement - select p1_0.id,p1_0.categoria_id,c1_0.id,c1_0.nombre,p1_0.descripcion,p1_0.descuento,p1_0.imagen_url,p1_0.nombre,p1_0.precio_final,p1_0.precio_original from productos p1_0 join categorias c1_0 on c1_0.id=p1_0.categoria_id where p1_0.id=?
2026-05-25 10:26:04.867 [http-nio-8080-exec-4] DEBUG org.hibernate.SQL.logStatement - select p1_0.id,p1_0.categoria_id,c1_0.id,c1_0.nombre,p1_0.descripcion,p1_0.descuento,p1_0.imagen_url,p1_0.nombre,p1_0.precio_final,p1_0.precio_original from productos p1_0 join categorias c1_0 on c1_0.id=p1_0.categoria_id where p1_0.id=?
2026-05-25 10:26:04.868 [http-nio-8080-exec-4] DEBUG org.hibernate.SQL.logStatement - select p1_0.id,p1_0.categoria_id,c1_0.id,c1_0.nombre,p1_0.descripcion,p1_0.descuento,p1_0.imagen_url,p1_0.nombre,p1_0.precio_final,p1_0.precio_original from productos p1_0 join categorias c1_0 on c1_0.id=p1_0.categoria_id where p1_0.id=?
2026-05-25 10:26:04.869 [http-nio-8080-exec-4] INFO  c.h.b.controller.CarritoController.obtener - Carrito obtenido con 3 items
2026-05-25 10:26:04.869 [http-nio-8080-exec-4] DEBUG o.s.w.s.m.m.a.RequestResponseBodyMethodProcessor.writeWithMessageConverters - Using 'application/json', given [*/*] and supported [application/json, application/*+json]
2026-05-25 10:26:04.869 [http-nio-8080-exec-4] DEBUG o.s.w.s.m.m.a.RequestResponseBodyMethodProcessor.traceDebug - Writing [[CarritoRespuestaDTO(id=44, productoId=2, nombreProducto=Agua micelar, precioProducto=29.99, cantida (truncated)...]
2026-05-25 10:26:04.870 [http-nio-8080-exec-4] DEBUG o.s.web.servlet.DispatcherServlet.logResult - Completed 200 OK
2026-05-25 10:26:07.222 [http-nio-8080-exec-6] DEBUG o.s.web.servlet.DispatcherServlet.traceDebug - GET "/api/carrito", parameters={}
2026-05-25 10:26:07.223 [http-nio-8080-exec-6] DEBUG o.s.w.s.m.m.a.RequestMappingHandlerMapping.getHandler - Mapped to com.helene.backend.controller.CarritoController#obtener()
2026-05-25 10:26:07.223 [http-nio-8080-exec-6] INFO  c.h.b.controller.CarritoController.obtener - Obteniendo contenido del carrito
2026-05-25 10:26:07.224 [http-nio-8080-exec-6] DEBUG org.hibernate.SQL.logStatement - select u1_0.id,u1_0.email,u1_0.fecha_registro,u1_0.password,u1_0.username from usuarios u1_0 where u1_0.username=?
2026-05-25 10:26:07.225 [http-nio-8080-exec-6] DEBUG org.hibernate.SQL.logStatement - select r1_0.usuario_id,r1_1.id,r1_1.nombre from usuarios_roles r1_0 join roles r1_1 on r1_1.id=r1_0.rol_id where r1_0.usuario_id=?
2026-05-25 10:26:07.226 [http-nio-8080-exec-6] DEBUG org.hibernate.SQL.logStatement - select c1_0.id,c1_0.cantidad,c1_0.producto_id,c1_0.usuario_id from carrito_items c1_0 left join usuarios u1_0 on u1_0.id=c1_0.usuario_id where u1_0.id=?
2026-05-25 10:26:07.227 [http-nio-8080-exec-6] DEBUG org.hibernate.SQL.logStatement - select p1_0.id,p1_0.categoria_id,c1_0.id,c1_0.nombre,p1_0.descripcion,p1_0.descuento,p1_0.imagen_url,p1_0.nombre,p1_0.precio_final,p1_0.precio_original from productos p1_0 join categorias c1_0 on c1_0.id=p1_0.categoria_id where p1_0.id=?
2026-05-25 10:26:07.228 [http-nio-8080-exec-6] DEBUG org.hibernate.SQL.logStatement - select p1_0.id,p1_0.categoria_id,c1_0.id,c1_0.nombre,p1_0.descripcion,p1_0.descuento,p1_0.imagen_url,p1_0.nombre,p1_0.precio_final,p1_0.precio_original from productos p1_0 join categorias c1_0 on c1_0.id=p1_0.categoria_id where p1_0.id=?
2026-05-25 10:26:07.230 [http-nio-8080-exec-6] DEBUG org.hibernate.SQL.logStatement - select p1_0.id,p1_0.categoria_id,c1_0.id,c1_0.nombre,p1_0.descripcion,p1_0.descuento,p1_0.imagen_url,p1_0.nombre,p1_0.precio_final,p1_0.precio_original from productos p1_0 join categorias c1_0 on c1_0.id=p1_0.categoria_id where p1_0.id=?
2026-05-25 10:26:07.231 [http-nio-8080-exec-6] INFO  c.h.b.controller.CarritoController.obtener - Carrito obtenido con 3 items
2026-05-25 10:26:07.231 [http-nio-8080-exec-6] DEBUG o.s.w.s.m.m.a.RequestResponseBodyMethodProcessor.writeWithMessageConverters - Using 'application/json', given [*/*] and supported [application/json, application/*+json]
2026-05-25 10:26:07.231 [http-nio-8080-exec-6] DEBUG o.s.w.s.m.m.a.RequestResponseBodyMethodProcessor.traceDebug - Writing [[CarritoRespuestaDTO(id=44, productoId=2, nombreProducto=Agua micelar, precioProducto=29.99, cantida (truncated)...]
2026-05-25 10:26:07.232 [http-nio-8080-exec-6] DEBUG o.s.web.servlet.DispatcherServlet.logResult - Completed 200 OK
2026-05-25 10:26:07.255 [http-nio-8080-exec-7] DEBUG o.s.web.servlet.DispatcherServlet.traceDebug - GET "/api/productos/categoria/1", parameters={}
2026-05-25 10:26:07.256 [http-nio-8080-exec-7] DEBUG o.s.w.s.m.m.a.RequestMappingHandlerMapping.getHandler - Mapped to com.helene.backend.controller.ProductoController#listarPorCategoria(Long)
2026-05-25 10:26:07.256 [http-nio-8080-exec-7] INFO  c.h.b.controller.ProductoController.listarPorCategoria - Listando productos de la categoría id=1
2026-05-25 10:26:07.257 [http-nio-8080-exec-7] DEBUG org.hibernate.SQL.logStatement - select p1_0.id,p1_0.categoria_id,p1_0.descripcion,p1_0.descuento,p1_0.imagen_url,p1_0.nombre,p1_0.precio_final,p1_0.precio_original from productos p1_0 left join categorias c1_0 on c1_0.id=p1_0.categoria_id where c1_0.id=?
2026-05-25 10:26:07.258 [http-nio-8080-exec-7] DEBUG org.hibernate.SQL.logStatement - select c1_0.id,c1_0.nombre from categorias c1_0 where c1_0.id=?
2026-05-25 10:26:07.258 [http-nio-8080-exec-7] INFO  c.h.b.controller.ProductoController.listarPorCategoria - Se devuelven 2 productos para categoría id=1
2026-05-25 10:26:07.259 [http-nio-8080-exec-7] DEBUG o.s.w.s.m.m.a.RequestResponseBodyMethodProcessor.writeWithMessageConverters - Using 'application/json', given [*/*] and supported [application/json, application/*+json]
2026-05-25 10:26:07.259 [http-nio-8080-exec-7] DEBUG o.s.w.s.m.m.a.RequestResponseBodyMethodProcessor.traceDebug - Writing [[ProductoDTO(id=2, nombre=Agua micelar, precioOriginal=29.99, precioFinal=29.99, descuento=0, descri (truncated)...]
2026-05-25 10:26:07.259 [http-nio-8080-exec-7] DEBUG o.s.web.servlet.DispatcherServlet.logResult - Completed 200 OK
2026-05-25 10:26:07.282 [http-nio-8080-exec-5] DEBUG o.s.web.servlet.DispatcherServlet.traceDebug - GET "/api/carrito", parameters={}
2026-05-25 10:26:07.282 [http-nio-8080-exec-5] DEBUG o.s.w.s.m.m.a.RequestMappingHandlerMapping.getHandler - Mapped to com.helene.backend.controller.CarritoController#obtener()
2026-05-25 10:26:07.283 [http-nio-8080-exec-5] INFO  c.h.b.controller.CarritoController.obtener - Obteniendo contenido del carrito
2026-05-25 10:26:07.283 [http-nio-8080-exec-5] DEBUG org.hibernate.SQL.logStatement - select u1_0.id,u1_0.email,u1_0.fecha_registro,u1_0.password,u1_0.username from usuarios u1_0 where u1_0.username=?
2026-05-25 10:26:07.284 [http-nio-8080-exec-5] DEBUG org.hibernate.SQL.logStatement - select r1_0.usuario_id,r1_1.id,r1_1.nombre from usuarios_roles r1_0 join roles r1_1 on r1_1.id=r1_0.rol_id where r1_0.usuario_id=?
2026-05-25 10:26:07.285 [http-nio-8080-exec-5] DEBUG org.hibernate.SQL.logStatement - select c1_0.id,c1_0.cantidad,c1_0.producto_id,c1_0.usuario_id from carrito_items c1_0 left join usuarios u1_0 on u1_0.id=c1_0.usuario_id where u1_0.id=?
2026-05-25 10:26:07.286 [http-nio-8080-exec-5] DEBUG org.hibernate.SQL.logStatement - select p1_0.id,p1_0.categoria_id,c1_0.id,c1_0.nombre,p1_0.descripcion,p1_0.descuento,p1_0.imagen_url,p1_0.nombre,p1_0.precio_final,p1_0.precio_original from productos p1_0 join categorias c1_0 on c1_0.id=p1_0.categoria_id where p1_0.id=?
2026-05-25 10:26:07.287 [http-nio-8080-exec-5] DEBUG org.hibernate.SQL.logStatement - select p1_0.id,p1_0.categoria_id,c1_0.id,c1_0.nombre,p1_0.descripcion,p1_0.descuento,p1_0.imagen_url,p1_0.nombre,p1_0.precio_final,p1_0.precio_original from productos p1_0 join categorias c1_0 on c1_0.id=p1_0.categoria_id where p1_0.id=?
2026-05-25 10:26:07.288 [http-nio-8080-exec-5] DEBUG org.hibernate.SQL.logStatement - select p1_0.id,p1_0.categoria_id,c1_0.id,c1_0.nombre,p1_0.descripcion,p1_0.descuento,p1_0.imagen_url,p1_0.nombre,p1_0.precio_final,p1_0.precio_original from productos p1_0 join categorias c1_0 on c1_0.id=p1_0.categoria_id where p1_0.id=?
2026-05-25 10:26:07.288 [http-nio-8080-exec-5] INFO  c.h.b.controller.CarritoController.obtener - Carrito obtenido con 3 items
2026-05-25 10:26:07.289 [http-nio-8080-exec-5] DEBUG o.s.w.s.m.m.a.RequestResponseBodyMethodProcessor.writeWithMessageConverters - Using 'application/json', given [*/*] and supported [application/json, application/*+json]
2026-05-25 10:26:07.289 [http-nio-8080-exec-5] DEBUG o.s.w.s.m.m.a.RequestResponseBodyMethodProcessor.traceDebug - Writing [[CarritoRespuestaDTO(id=44, productoId=2, nombreProducto=Agua micelar, precioProducto=29.99, cantida (truncated)...]
2026-05-25 10:26:07.289 [http-nio-8080-exec-5] DEBUG o.s.web.servlet.DispatcherServlet.logResult - Completed 200 OK
2026-05-25 10:26:26.437 [http-nio-8080-exec-10] DEBUG o.s.web.servlet.DispatcherServlet.traceDebug - GET "/api/carrito", parameters={}
2026-05-25 10:26:26.437 [http-nio-8080-exec-10] DEBUG o.s.w.s.m.m.a.RequestMappingHandlerMapping.getHandler - Mapped to com.helene.backend.controller.CarritoController#obtener()
2026-05-25 10:26:26.437 [http-nio-8080-exec-10] INFO  c.h.b.controller.CarritoController.obtener - Obteniendo contenido del carrito
2026-05-25 10:26:26.438 [http-nio-8080-exec-10] DEBUG org.hibernate.SQL.logStatement - select u1_0.id,u1_0.email,u1_0.fecha_registro,u1_0.password,u1_0.username from usuarios u1_0 where u1_0.username=?
2026-05-25 10:26:26.439 [http-nio-8080-exec-10] DEBUG org.hibernate.SQL.logStatement - select r1_0.usuario_id,r1_1.id,r1_1.nombre from usuarios_roles r1_0 join roles r1_1 on r1_1.id=r1_0.rol_id where r1_0.usuario_id=?
2026-05-25 10:26:26.441 [http-nio-8080-exec-10] DEBUG org.hibernate.SQL.logStatement - select c1_0.id,c1_0.cantidad,c1_0.producto_id,c1_0.usuario_id from carrito_items c1_0 left join usuarios u1_0 on u1_0.id=c1_0.usuario_id where u1_0.id=?
2026-05-25 10:26:26.442 [http-nio-8080-exec-10] DEBUG org.hibernate.SQL.logStatement - select p1_0.id,p1_0.categoria_id,c1_0.id,c1_0.nombre,p1_0.descripcion,p1_0.descuento,p1_0.imagen_url,p1_0.nombre,p1_0.precio_final,p1_0.precio_original from productos p1_0 join categorias c1_0 on c1_0.id=p1_0.categoria_id where p1_0.id=?
2026-05-25 10:26:26.443 [http-nio-8080-exec-10] DEBUG org.hibernate.SQL.logStatement - select p1_0.id,p1_0.categoria_id,c1_0.id,c1_0.nombre,p1_0.descripcion,p1_0.descuento,p1_0.imagen_url,p1_0.nombre,p1_0.precio_final,p1_0.precio_original from productos p1_0 join categorias c1_0 on c1_0.id=p1_0.categoria_id where p1_0.id=?
2026-05-25 10:26:26.444 [http-nio-8080-exec-10] DEBUG org.hibernate.SQL.logStatement - select p1_0.id,p1_0.categoria_id,c1_0.id,c1_0.nombre,p1_0.descripcion,p1_0.descuento,p1_0.imagen_url,p1_0.nombre,p1_0.precio_final,p1_0.precio_original from productos p1_0 join categorias c1_0 on c1_0.id=p1_0.categoria_id where p1_0.id=?
2026-05-25 10:26:26.444 [http-nio-8080-exec-10] INFO  c.h.b.controller.CarritoController.obtener - Carrito obtenido con 3 items
2026-05-25 10:26:26.445 [http-nio-8080-exec-10] DEBUG o.s.w.s.m.m.a.RequestResponseBodyMethodProcessor.writeWithMessageConverters - Using 'application/json', given [*/*] and supported [application/json, application/*+json]
2026-05-25 10:26:26.445 [http-nio-8080-exec-10] DEBUG o.s.w.s.m.m.a.RequestResponseBodyMethodProcessor.traceDebug - Writing [[CarritoRespuestaDTO(id=44, productoId=2, nombreProducto=Agua micelar, precioProducto=29.99, cantida (truncated)...]
2026-05-25 10:26:26.445 [http-nio-8080-exec-10] DEBUG o.s.web.servlet.DispatcherServlet.logResult - Completed 200 OK
2026-05-25 10:26:44.021 [http-nio-8080-exec-1] DEBUG o.s.web.servlet.DispatcherServlet.traceDebug - GET "/api/carrito", parameters={}
2026-05-25 10:26:44.021 [http-nio-8080-exec-1] DEBUG o.s.w.s.m.m.a.RequestMappingHandlerMapping.getHandler - Mapped to com.helene.backend.controller.CarritoController#obtener()
2026-05-25 10:26:44.021 [http-nio-8080-exec-1] INFO  c.h.b.controller.CarritoController.obtener - Obteniendo contenido del carrito
2026-05-25 10:26:44.022 [http-nio-8080-exec-1] DEBUG org.hibernate.SQL.logStatement - select u1_0.id,u1_0.email,u1_0.fecha_registro,u1_0.password,u1_0.username from usuarios u1_0 where u1_0.username=?
2026-05-25 10:26:44.023 [http-nio-8080-exec-1] DEBUG org.hibernate.SQL.logStatement - select r1_0.usuario_id,r1_1.id,r1_1.nombre from usuarios_roles r1_0 join roles r1_1 on r1_1.id=r1_0.rol_id where r1_0.usuario_id=?
2026-05-25 10:26:44.026 [http-nio-8080-exec-1] DEBUG org.hibernate.SQL.logStatement - select c1_0.id,c1_0.cantidad,c1_0.producto_id,c1_0.usuario_id from carrito_items c1_0 left join usuarios u1_0 on u1_0.id=c1_0.usuario_id where u1_0.id=?
2026-05-25 10:26:44.027 [http-nio-8080-exec-1] DEBUG org.hibernate.SQL.logStatement - select p1_0.id,p1_0.categoria_id,c1_0.id,c1_0.nombre,p1_0.descripcion,p1_0.descuento,p1_0.imagen_url,p1_0.nombre,p1_0.precio_final,p1_0.precio_original from productos p1_0 join categorias c1_0 on c1_0.id=p1_0.categoria_id where p1_0.id=?
2026-05-25 10:26:44.028 [http-nio-8080-exec-1] DEBUG org.hibernate.SQL.logStatement - select p1_0.id,p1_0.categoria_id,c1_0.id,c1_0.nombre,p1_0.descripcion,p1_0.descuento,p1_0.imagen_url,p1_0.nombre,p1_0.precio_final,p1_0.precio_original from productos p1_0 join categorias c1_0 on c1_0.id=p1_0.categoria_id where p1_0.id=?
2026-05-25 10:26:44.028 [http-nio-8080-exec-1] DEBUG org.hibernate.SQL.logStatement - select p1_0.id,p1_0.categoria_id,c1_0.id,c1_0.nombre,p1_0.descripcion,p1_0.descuento,p1_0.imagen_url,p1_0.nombre,p1_0.precio_final,p1_0.precio_original from productos p1_0 join categorias c1_0 on c1_0.id=p1_0.categoria_id where p1_0.id=?
2026-05-25 10:26:44.029 [http-nio-8080-exec-1] INFO  c.h.b.controller.CarritoController.obtener - Carrito obtenido con 3 items
2026-05-25 10:26:44.030 [http-nio-8080-exec-1] DEBUG o.s.w.s.m.m.a.RequestResponseBodyMethodProcessor.writeWithMessageConverters - Using 'application/json', given [*/*] and supported [application/json, application/*+json]
2026-05-25 10:26:44.030 [http-nio-8080-exec-1] DEBUG o.s.w.s.m.m.a.RequestResponseBodyMethodProcessor.traceDebug - Writing [[CarritoRespuestaDTO(id=44, productoId=2, nombreProducto=Agua micelar, precioProducto=29.99, cantida (truncated)...]
2026-05-25 10:26:44.030 [http-nio-8080-exec-1] DEBUG o.s.web.servlet.DispatcherServlet.logResult - Completed 200 OK
2026-05-25 10:26:46.485 [http-nio-8080-exec-3] DEBUG o.s.web.servlet.DispatcherServlet.traceDebug - GET "/api/pedidos/usuario/5", parameters={}
2026-05-25 10:26:46.485 [http-nio-8080-exec-3] DEBUG o.s.w.s.m.m.a.RequestMappingHandlerMapping.getHandler - Mapped to com.helene.backend.controller.PedidoController#listarPorUsuario(Long)
2026-05-25 10:26:46.486 [http-nio-8080-exec-3] INFO  c.h.b.controller.PedidoController.listarPorUsuario - Obteniendo pedidos del usuarioId=5
2026-05-25 10:26:46.491 [http-nio-8080-exec-3] DEBUG org.hibernate.SQL.logStatement - select p1_0.id,p1_0.coste_envio,p1_0.descuento_aplicado,p1_0.calle,p1_0.ciudad,p1_0.codigo_postal,p1_0.instrucciones_especiales,p1_0.nombre_completo,p1_0.numero,p1_0.pais,p1_0.piso,p1_0.provincia,p1_0.telefono,p1_0.estado,p1_0.fecha_creacion,p1_0.fecha_entrega,p1_0.metodo_pago,p1_0.notas,p1_0.numero_pedido,p1_0.paypal_payment_id,p1_0.subtotal,p1_0.total,p1_0.usuario_id from pedidos p1_0 left join usuarios u1_0 on u1_0.id=p1_0.usuario_id where u1_0.id=?
2026-05-25 10:26:46.509 [http-nio-8080-exec-3] DEBUG org.hibernate.SQL.logStatement - select u1_0.id,u1_0.email,u1_0.fecha_registro,u1_0.password,r1_0.usuario_id,r1_1.id,r1_1.nombre,u1_0.username from usuarios u1_0 left join usuarios_roles r1_0 on u1_0.id=r1_0.usuario_id left join roles r1_1 on r1_1.id=r1_0.rol_id where u1_0.id=?
2026-05-25 10:26:46.512 [http-nio-8080-exec-3] DEBUG org.hibernate.SQL.logStatement - select i1_0.pedido_id,i1_0.id,i1_0.cantidad,i1_0.descuento_aplicado,i1_0.imagen_producto,i1_0.nombre_producto,i1_0.precio_unitario,i1_0.producto_id,i1_0.subtotal from pedido_items i1_0 where i1_0.pedido_id=?
2026-05-25 10:26:46.522 [http-nio-8080-exec-3] DEBUG org.hibernate.SQL.logStatement - select i1_0.pedido_id,i1_0.id,i1_0.cantidad,i1_0.descuento_aplicado,i1_0.imagen_producto,i1_0.nombre_producto,i1_0.precio_unitario,i1_0.producto_id,i1_0.subtotal from pedido_items i1_0 where i1_0.pedido_id=?
2026-05-25 10:26:46.523 [http-nio-8080-exec-3] DEBUG org.hibernate.SQL.logStatement - select i1_0.pedido_id,i1_0.id,i1_0.cantidad,i1_0.descuento_aplicado,i1_0.imagen_producto,i1_0.nombre_producto,i1_0.precio_unitario,i1_0.producto_id,i1_0.subtotal from pedido_items i1_0 where i1_0.pedido_id=?
2026-05-25 10:26:46.526 [http-nio-8080-exec-3] DEBUG org.hibernate.SQL.logStatement - select p1_0.id,p1_0.categoria_id,c1_0.id,c1_0.nombre,p1_0.descripcion,p1_0.descuento,p1_0.imagen_url,p1_0.nombre,p1_0.precio_final,p1_0.precio_original from productos p1_0 join categorias c1_0 on c1_0.id=p1_0.categoria_id where p1_0.id=?
2026-05-25 10:26:46.526 [http-nio-8080-exec-3] DEBUG org.hibernate.SQL.logStatement - select i1_0.pedido_id,i1_0.id,i1_0.cantidad,i1_0.descuento_aplicado,i1_0.imagen_producto,i1_0.nombre_producto,i1_0.precio_unitario,i1_0.producto_id,i1_0.subtotal from pedido_items i1_0 where i1_0.pedido_id=?
2026-05-25 10:26:46.527 [http-nio-8080-exec-3] DEBUG org.hibernate.SQL.logStatement - select p1_0.id,p1_0.categoria_id,c1_0.id,c1_0.nombre,p1_0.descripcion,p1_0.descuento,p1_0.imagen_url,p1_0.nombre,p1_0.precio_final,p1_0.precio_original from productos p1_0 join categorias c1_0 on c1_0.id=p1_0.categoria_id where p1_0.id=?
2026-05-25 10:26:46.527 [http-nio-8080-exec-3] DEBUG org.hibernate.SQL.logStatement - select i1_0.pedido_id,i1_0.id,i1_0.cantidad,i1_0.descuento_aplicado,i1_0.imagen_producto,i1_0.nombre_producto,i1_0.precio_unitario,i1_0.producto_id,i1_0.subtotal from pedido_items i1_0 where i1_0.pedido_id=?
2026-05-25 10:26:46.527 [http-nio-8080-exec-3] DEBUG org.hibernate.SQL.logStatement - select i1_0.pedido_id,i1_0.id,i1_0.cantidad,i1_0.descuento_aplicado,i1_0.imagen_producto,i1_0.nombre_producto,i1_0.precio_unitario,i1_0.producto_id,i1_0.subtotal from pedido_items i1_0 where i1_0.pedido_id=?
2026-05-25 10:26:46.528 [http-nio-8080-exec-3] DEBUG org.hibernate.SQL.logStatement - select p1_0.id,p1_0.categoria_id,c1_0.id,c1_0.nombre,p1_0.descripcion,p1_0.descuento,p1_0.imagen_url,p1_0.nombre,p1_0.precio_final,p1_0.precio_original from productos p1_0 join categorias c1_0 on c1_0.id=p1_0.categoria_id where p1_0.id=?
2026-05-25 10:26:46.529 [http-nio-8080-exec-3] DEBUG org.hibernate.SQL.logStatement - select i1_0.pedido_id,i1_0.id,i1_0.cantidad,i1_0.descuento_aplicado,i1_0.imagen_producto,i1_0.nombre_producto,i1_0.precio_unitario,i1_0.producto_id,i1_0.subtotal from pedido_items i1_0 where i1_0.pedido_id=?
2026-05-25 10:26:46.530 [http-nio-8080-exec-3] DEBUG org.hibernate.SQL.logStatement - select i1_0.pedido_id,i1_0.id,i1_0.cantidad,i1_0.descuento_aplicado,i1_0.imagen_producto,i1_0.nombre_producto,i1_0.precio_unitario,i1_0.producto_id,i1_0.subtotal from pedido_items i1_0 where i1_0.pedido_id=?
2026-05-25 10:26:46.531 [http-nio-8080-exec-3] DEBUG org.hibernate.SQL.logStatement - select i1_0.pedido_id,i1_0.id,i1_0.cantidad,i1_0.descuento_aplicado,i1_0.imagen_producto,i1_0.nombre_producto,i1_0.precio_unitario,i1_0.producto_id,i1_0.subtotal from pedido_items i1_0 where i1_0.pedido_id=?
2026-05-25 10:26:46.533 [http-nio-8080-exec-3] DEBUG org.hibernate.SQL.logStatement - select i1_0.pedido_id,i1_0.id,i1_0.cantidad,i1_0.descuento_aplicado,i1_0.imagen_producto,i1_0.nombre_producto,i1_0.precio_unitario,i1_0.producto_id,i1_0.subtotal from pedido_items i1_0 where i1_0.pedido_id=?
2026-05-25 10:26:46.533 [http-nio-8080-exec-3] DEBUG org.hibernate.SQL.logStatement - select p1_0.id,p1_0.categoria_id,c1_0.id,c1_0.nombre,p1_0.descripcion,p1_0.descuento,p1_0.imagen_url,p1_0.nombre,p1_0.precio_final,p1_0.precio_original from productos p1_0 join categorias c1_0 on c1_0.id=p1_0.categoria_id where p1_0.id=?
2026-05-25 10:26:46.534 [http-nio-8080-exec-3] DEBUG org.hibernate.SQL.logStatement - select i1_0.pedido_id,i1_0.id,i1_0.cantidad,i1_0.descuento_aplicado,i1_0.imagen_producto,i1_0.nombre_producto,i1_0.precio_unitario,i1_0.producto_id,i1_0.subtotal from pedido_items i1_0 where i1_0.pedido_id=?
2026-05-25 10:26:46.535 [http-nio-8080-exec-3] DEBUG org.hibernate.SQL.logStatement - select i1_0.pedido_id,i1_0.id,i1_0.cantidad,i1_0.descuento_aplicado,i1_0.imagen_producto,i1_0.nombre_producto,i1_0.precio_unitario,i1_0.producto_id,i1_0.subtotal from pedido_items i1_0 where i1_0.pedido_id=?
2026-05-25 10:26:46.535 [http-nio-8080-exec-3] INFO  c.h.b.controller.PedidoController.listarPorUsuario - Se devuelven 12 pedidos para usuarioId=5
2026-05-25 10:26:46.536 [http-nio-8080-exec-3] DEBUG o.s.w.s.m.m.a.HttpEntityMethodProcessor.writeWithMessageConverters - Using 'application/json', given [*/*] and supported [application/json, application/*+json]
2026-05-25 10:26:46.542 [http-nio-8080-exec-3] DEBUG o.s.w.s.m.m.a.HttpEntityMethodProcessor.traceDebug - Writing [[PedidoDTO(id=39, numeroPedido=HEL-2026-40366, fechaCreacion=2026-05-19T15:39:00.371511, fechaEntreg (truncated)...]
2026-05-25 10:26:46.549 [http-nio-8080-exec-3] DEBUG o.s.web.servlet.DispatcherServlet.logResult - Completed 200 OK
2026-05-25 10:26:52.843 [http-nio-8080-exec-4] DEBUG o.s.web.servlet.DispatcherServlet.traceDebug - GET "/api/carrito", parameters={}
2026-05-25 10:26:52.843 [http-nio-8080-exec-4] DEBUG o.s.w.s.m.m.a.RequestMappingHandlerMapping.getHandler - Mapped to com.helene.backend.controller.CarritoController#obtener()
2026-05-25 10:26:52.843 [http-nio-8080-exec-4] INFO  c.h.b.controller.CarritoController.obtener - Obteniendo contenido del carrito
2026-05-25 10:26:52.844 [http-nio-8080-exec-4] DEBUG org.hibernate.SQL.logStatement - select u1_0.id,u1_0.email,u1_0.fecha_registro,u1_0.password,u1_0.username from usuarios u1_0 where u1_0.username=?
2026-05-25 10:26:52.846 [http-nio-8080-exec-4] DEBUG org.hibernate.SQL.logStatement - select r1_0.usuario_id,r1_1.id,r1_1.nombre from usuarios_roles r1_0 join roles r1_1 on r1_1.id=r1_0.rol_id where r1_0.usuario_id=?
2026-05-25 10:26:52.847 [http-nio-8080-exec-4] DEBUG org.hibernate.SQL.logStatement - select c1_0.id,c1_0.cantidad,c1_0.producto_id,c1_0.usuario_id from carrito_items c1_0 left join usuarios u1_0 on u1_0.id=c1_0.usuario_id where u1_0.id=?
2026-05-25 10:26:52.848 [http-nio-8080-exec-4] DEBUG org.hibernate.SQL.logStatement - select p1_0.id,p1_0.categoria_id,c1_0.id,c1_0.nombre,p1_0.descripcion,p1_0.descuento,p1_0.imagen_url,p1_0.nombre,p1_0.precio_final,p1_0.precio_original from productos p1_0 join categorias c1_0 on c1_0.id=p1_0.categoria_id where p1_0.id=?
2026-05-25 10:26:52.849 [http-nio-8080-exec-4] DEBUG org.hibernate.SQL.logStatement - select p1_0.id,p1_0.categoria_id,c1_0.id,c1_0.nombre,p1_0.descripcion,p1_0.descuento,p1_0.imagen_url,p1_0.nombre,p1_0.precio_final,p1_0.precio_original from productos p1_0 join categorias c1_0 on c1_0.id=p1_0.categoria_id where p1_0.id=?
2026-05-25 10:26:52.849 [http-nio-8080-exec-4] DEBUG org.hibernate.SQL.logStatement - select p1_0.id,p1_0.categoria_id,c1_0.id,c1_0.nombre,p1_0.descripcion,p1_0.descuento,p1_0.imagen_url,p1_0.nombre,p1_0.precio_final,p1_0.precio_original from productos p1_0 join categorias c1_0 on c1_0.id=p1_0.categoria_id where p1_0.id=?
2026-05-25 10:26:52.850 [http-nio-8080-exec-4] INFO  c.h.b.controller.CarritoController.obtener - Carrito obtenido con 3 items
2026-05-25 10:26:52.851 [http-nio-8080-exec-4] DEBUG o.s.w.s.m.m.a.RequestResponseBodyMethodProcessor.writeWithMessageConverters - Using 'application/json', given [*/*] and supported [application/json, application/*+json]
2026-05-25 10:26:52.851 [http-nio-8080-exec-4] DEBUG o.s.w.s.m.m.a.RequestResponseBodyMethodProcessor.traceDebug - Writing [[CarritoRespuestaDTO(id=44, productoId=2, nombreProducto=Agua micelar, precioProducto=29.99, cantida (truncated)...]
2026-05-25 10:26:52.851 [http-nio-8080-exec-4] DEBUG o.s.web.servlet.DispatcherServlet.logResult - Completed 200 OK
2026-05-25 10:27:00.650 [http-nio-8080-exec-7] DEBUG o.s.web.servlet.DispatcherServlet.traceDebug - GET "/api/admin/usuarios", parameters={}
2026-05-25 10:27:00.650 [http-nio-8080-exec-7] DEBUG o.s.w.s.m.m.a.RequestMappingHandlerMapping.getHandler - Mapped to com.helene.backend.controller.AdminController#listarUsuarios()
2026-05-25 10:27:00.651 [http-nio-8080-exec-7] INFO  c.h.b.controller.AdminController.listarUsuarios - Admin solicita lista de todos los usuarios
2026-05-25 10:27:00.653 [http-nio-8080-exec-7] DEBUG org.hibernate.SQL.logStatement - select u1_0.id,u1_0.email,u1_0.fecha_registro,u1_0.password,u1_0.username from usuarios u1_0
2026-05-25 10:27:00.654 [http-nio-8080-exec-7] DEBUG org.hibernate.SQL.logStatement - select r1_0.usuario_id,r1_1.id,r1_1.nombre from usuarios_roles r1_0 join roles r1_1 on r1_1.id=r1_0.rol_id where r1_0.usuario_id=?
2026-05-25 10:27:00.655 [http-nio-8080-exec-7] DEBUG org.hibernate.SQL.logStatement - select r1_0.usuario_id,r1_1.id,r1_1.nombre from usuarios_roles r1_0 join roles r1_1 on r1_1.id=r1_0.rol_id where r1_0.usuario_id=?
2026-05-25 10:27:00.655 [http-nio-8080-exec-7] DEBUG org.hibernate.SQL.logStatement - select r1_0.usuario_id,r1_1.id,r1_1.nombre from usuarios_roles r1_0 join roles r1_1 on r1_1.id=r1_0.rol_id where r1_0.usuario_id=?
2026-05-25 10:27:00.656 [http-nio-8080-exec-7] DEBUG org.hibernate.SQL.logStatement - select r1_0.usuario_id,r1_1.id,r1_1.nombre from usuarios_roles r1_0 join roles r1_1 on r1_1.id=r1_0.rol_id where r1_0.usuario_id=?
2026-05-25 10:27:00.656 [http-nio-8080-exec-7] DEBUG org.hibernate.SQL.logStatement - select r1_0.usuario_id,r1_1.id,r1_1.nombre from usuarios_roles r1_0 join roles r1_1 on r1_1.id=r1_0.rol_id where r1_0.usuario_id=?
2026-05-25 10:27:00.657 [http-nio-8080-exec-7] INFO  c.h.b.controller.AdminController.listarUsuarios - Se devuelven 5 usuarios
2026-05-25 10:27:00.657 [http-nio-8080-exec-7] DEBUG o.s.w.s.m.m.a.HttpEntityMethodProcessor.writeWithMessageConverters - Using 'application/json', given [*/*] and supported [application/json, application/*+json]
2026-05-25 10:27:00.657 [http-nio-8080-exec-7] DEBUG o.s.w.s.m.m.a.HttpEntityMethodProcessor.traceDebug - Writing [[UsuarioDto(id=1, username=celitinga, password=$2a$10$OsnUsyLhZxZOXEHbpfhpp.sLOW1PspFA19IYN36e8Ukdy2 (truncated)...]
2026-05-25 10:27:00.659 [http-nio-8080-exec-7] DEBUG o.s.web.servlet.DispatcherServlet.logResult - Completed 200 OK
2026-05-25 10:27:10.340 [http-nio-8080-exec-8] DEBUG o.s.web.servlet.DispatcherServlet.traceDebug - GET "/api/carrito", parameters={}
2026-05-25 10:27:10.340 [http-nio-8080-exec-8] DEBUG o.s.w.s.m.m.a.RequestMappingHandlerMapping.getHandler - Mapped to com.helene.backend.controller.CarritoController#obtener()
2026-05-25 10:27:10.340 [http-nio-8080-exec-8] INFO  c.h.b.controller.CarritoController.obtener - Obteniendo contenido del carrito
2026-05-25 10:27:10.341 [http-nio-8080-exec-8] DEBUG org.hibernate.SQL.logStatement - select u1_0.id,u1_0.email,u1_0.fecha_registro,u1_0.password,u1_0.username from usuarios u1_0 where u1_0.username=?
2026-05-25 10:27:10.341 [http-nio-8080-exec-8] DEBUG org.hibernate.SQL.logStatement - select r1_0.usuario_id,r1_1.id,r1_1.nombre from usuarios_roles r1_0 join roles r1_1 on r1_1.id=r1_0.rol_id where r1_0.usuario_id=?
2026-05-25 10:27:10.344 [http-nio-8080-exec-8] DEBUG org.hibernate.SQL.logStatement - select c1_0.id,c1_0.cantidad,c1_0.producto_id,c1_0.usuario_id from carrito_items c1_0 left join usuarios u1_0 on u1_0.id=c1_0.usuario_id where u1_0.id=?
2026-05-25 10:27:10.345 [http-nio-8080-exec-8] DEBUG org.hibernate.SQL.logStatement - select p1_0.id,p1_0.categoria_id,c1_0.id,c1_0.nombre,p1_0.descripcion,p1_0.descuento,p1_0.imagen_url,p1_0.nombre,p1_0.precio_final,p1_0.precio_original from productos p1_0 join categorias c1_0 on c1_0.id=p1_0.categoria_id where p1_0.id=?
2026-05-25 10:27:10.346 [http-nio-8080-exec-8] DEBUG org.hibernate.SQL.logStatement - select p1_0.id,p1_0.categoria_id,c1_0.id,c1_0.nombre,p1_0.descripcion,p1_0.descuento,p1_0.imagen_url,p1_0.nombre,p1_0.precio_final,p1_0.precio_original from productos p1_0 join categorias c1_0 on c1_0.id=p1_0.categoria_id where p1_0.id=?
2026-05-25 10:27:10.347 [http-nio-8080-exec-8] DEBUG org.hibernate.SQL.logStatement - select p1_0.id,p1_0.categoria_id,c1_0.id,c1_0.nombre,p1_0.descripcion,p1_0.descuento,p1_0.imagen_url,p1_0.nombre,p1_0.precio_final,p1_0.precio_original from productos p1_0 join categorias c1_0 on c1_0.id=p1_0.categoria_id where p1_0.id=?
2026-05-25 10:27:10.348 [http-nio-8080-exec-8] INFO  c.h.b.controller.CarritoController.obtener - Carrito obtenido con 3 items
2026-05-25 10:27:10.348 [http-nio-8080-exec-8] DEBUG o.s.w.s.m.m.a.RequestResponseBodyMethodProcessor.writeWithMessageConverters - Using 'application/json', given [*/*] and supported [application/json, application/*+json]
2026-05-25 10:27:10.348 [http-nio-8080-exec-8] DEBUG o.s.w.s.m.m.a.RequestResponseBodyMethodProcessor.traceDebug - Writing [[CarritoRespuestaDTO(id=44, productoId=2, nombreProducto=Agua micelar, precioProducto=29.99, cantida (truncated)...]
2026-05-25 10:27:10.349 [http-nio-8080-exec-8] DEBUG o.s.web.servlet.DispatcherServlet.logResult - Completed 200 OK
2026-05-25 10:27:17.674 [http-nio-8080-exec-9] DEBUG o.s.web.servlet.DispatcherServlet.traceDebug - GET "/api/carrito", parameters={}
2026-05-25 10:27:17.675 [http-nio-8080-exec-9] DEBUG o.s.w.s.m.m.a.RequestMappingHandlerMapping.getHandler - Mapped to com.helene.backend.controller.CarritoController#obtener()
2026-05-25 10:27:17.675 [http-nio-8080-exec-9] INFO  c.h.b.controller.CarritoController.obtener - Obteniendo contenido del carrito
2026-05-25 10:27:17.675 [http-nio-8080-exec-9] DEBUG org.hibernate.SQL.logStatement - select u1_0.id,u1_0.email,u1_0.fecha_registro,u1_0.password,u1_0.username from usuarios u1_0 where u1_0.username=?
2026-05-25 10:27:17.676 [http-nio-8080-exec-9] DEBUG org.hibernate.SQL.logStatement - select r1_0.usuario_id,r1_1.id,r1_1.nombre from usuarios_roles r1_0 join roles r1_1 on r1_1.id=r1_0.rol_id where r1_0.usuario_id=?
2026-05-25 10:27:17.678 [http-nio-8080-exec-9] DEBUG org.hibernate.SQL.logStatement - select c1_0.id,c1_0.cantidad,c1_0.producto_id,c1_0.usuario_id from carrito_items c1_0 left join usuarios u1_0 on u1_0.id=c1_0.usuario_id where u1_0.id=?
2026-05-25 10:27:17.678 [http-nio-8080-exec-9] DEBUG org.hibernate.SQL.logStatement - select p1_0.id,p1_0.categoria_id,c1_0.id,c1_0.nombre,p1_0.descripcion,p1_0.descuento,p1_0.imagen_url,p1_0.nombre,p1_0.precio_final,p1_0.precio_original from productos p1_0 join categorias c1_0 on c1_0.id=p1_0.categoria_id where p1_0.id=?
2026-05-25 10:27:17.679 [http-nio-8080-exec-9] DEBUG org.hibernate.SQL.logStatement - select p1_0.id,p1_0.categoria_id,c1_0.id,c1_0.nombre,p1_0.descripcion,p1_0.descuento,p1_0.imagen_url,p1_0.nombre,p1_0.precio_final,p1_0.precio_original from productos p1_0 join categorias c1_0 on c1_0.id=p1_0.categoria_id where p1_0.id=?
2026-05-25 10:27:17.680 [http-nio-8080-exec-9] DEBUG org.hibernate.SQL.logStatement - select p1_0.id,p1_0.categoria_id,c1_0.id,c1_0.nombre,p1_0.descripcion,p1_0.descuento,p1_0.imagen_url,p1_0.nombre,p1_0.precio_final,p1_0.precio_original from productos p1_0 join categorias c1_0 on c1_0.id=p1_0.categoria_id where p1_0.id=?
2026-05-25 10:27:17.682 [http-nio-8080-exec-9] INFO  c.h.b.controller.CarritoController.obtener - Carrito obtenido con 3 items
2026-05-25 10:27:17.682 [http-nio-8080-exec-9] DEBUG o.s.w.s.m.m.a.RequestResponseBodyMethodProcessor.writeWithMessageConverters - Using 'application/json', given [*/*] and supported [application/json, application/*+json]
2026-05-25 10:27:17.682 [http-nio-8080-exec-9] DEBUG o.s.w.s.m.m.a.RequestResponseBodyMethodProcessor.traceDebug - Writing [[CarritoRespuestaDTO(id=44, productoId=2, nombreProducto=Agua micelar, precioProducto=29.99, cantida (truncated)...]
2026-05-25 10:27:17.682 [http-nio-8080-exec-9] DEBUG o.s.web.servlet.DispatcherServlet.logResult - Completed 200 OK
2026-05-25 10:27:35.411 [http-nio-8080-exec-10] DEBUG o.s.web.servlet.DispatcherServlet.traceDebug - GET "/api/carrito", parameters={}
2026-05-25 10:27:35.412 [http-nio-8080-exec-10] DEBUG o.s.w.s.m.m.a.RequestMappingHandlerMapping.getHandler - Mapped to com.helene.backend.controller.CarritoController#obtener()
2026-05-25 10:27:35.412 [http-nio-8080-exec-10] INFO  c.h.b.controller.CarritoController.obtener - Obteniendo contenido del carrito
2026-05-25 10:27:35.413 [http-nio-8080-exec-10] DEBUG org.hibernate.SQL.logStatement - select u1_0.id,u1_0.email,u1_0.fecha_registro,u1_0.password,u1_0.username from usuarios u1_0 where u1_0.username=?
2026-05-25 10:27:35.415 [http-nio-8080-exec-10] DEBUG org.hibernate.SQL.logStatement - select r1_0.usuario_id,r1_1.id,r1_1.nombre from usuarios_roles r1_0 join roles r1_1 on r1_1.id=r1_0.rol_id where r1_0.usuario_id=?
2026-05-25 10:27:35.416 [http-nio-8080-exec-10] DEBUG org.hibernate.SQL.logStatement - select c1_0.id,c1_0.cantidad,c1_0.producto_id,c1_0.usuario_id from carrito_items c1_0 left join usuarios u1_0 on u1_0.id=c1_0.usuario_id where u1_0.id=?
2026-05-25 10:27:35.417 [http-nio-8080-exec-10] DEBUG org.hibernate.SQL.logStatement - select p1_0.id,p1_0.categoria_id,c1_0.id,c1_0.nombre,p1_0.descripcion,p1_0.descuento,p1_0.imagen_url,p1_0.nombre,p1_0.precio_final,p1_0.precio_original from productos p1_0 join categorias c1_0 on c1_0.id=p1_0.categoria_id where p1_0.id=?
2026-05-25 10:27:35.418 [http-nio-8080-exec-10] DEBUG org.hibernate.SQL.logStatement - select p1_0.id,p1_0.categoria_id,c1_0.id,c1_0.nombre,p1_0.descripcion,p1_0.descuento,p1_0.imagen_url,p1_0.nombre,p1_0.precio_final,p1_0.precio_original from productos p1_0 join categorias c1_0 on c1_0.id=p1_0.categoria_id where p1_0.id=?
2026-05-25 10:27:35.419 [http-nio-8080-exec-10] DEBUG org.hibernate.SQL.logStatement - select p1_0.id,p1_0.categoria_id,c1_0.id,c1_0.nombre,p1_0.descripcion,p1_0.descuento,p1_0.imagen_url,p1_0.nombre,p1_0.precio_final,p1_0.precio_original from productos p1_0 join categorias c1_0 on c1_0.id=p1_0.categoria_id where p1_0.id=?
2026-05-25 10:27:35.420 [http-nio-8080-exec-10] INFO  c.h.b.controller.CarritoController.obtener - Carrito obtenido con 3 items
2026-05-25 10:27:35.420 [http-nio-8080-exec-10] DEBUG o.s.w.s.m.m.a.RequestResponseBodyMethodProcessor.writeWithMessageConverters - Using 'application/json', given [*/*] and supported [application/json, application/*+json]
2026-05-25 10:27:35.420 [http-nio-8080-exec-10] DEBUG o.s.w.s.m.m.a.RequestResponseBodyMethodProcessor.traceDebug - Writing [[CarritoRespuestaDTO(id=44, productoId=2, nombreProducto=Agua micelar, precioProducto=29.99, cantida (truncated)...]
2026-05-25 10:27:35.421 [http-nio-8080-exec-10] DEBUG o.s.web.servlet.DispatcherServlet.logResult - Completed 200 OK
2026-05-25 10:28:09.146 [http-nio-8080-exec-4] DEBUG o.s.web.servlet.DispatcherServlet.traceDebug - POST "/api/login", parameters={}
2026-05-25 10:28:09.146 [http-nio-8080-exec-4] DEBUG o.s.w.s.m.m.a.RequestMappingHandlerMapping.getHandler - Mapped to com.helene.backend.controller.AuthController#login(Map)
2026-05-25 10:28:09.146 [http-nio-8080-exec-4] DEBUG o.s.w.s.m.m.a.RequestResponseBodyMethodProcessor.traceDebug - Read "application/json;charset=utf-8" to [{password=celitinga, username=celitinga}]
2026-05-25 10:28:09.147 [http-nio-8080-exec-4] INFO  c.h.b.controller.AuthController.login - Intento de login para el usuario: celitinga
2026-05-25 10:28:09.148 [http-nio-8080-exec-4] DEBUG org.hibernate.SQL.logStatement - select u1_0.id,u1_0.email,u1_0.fecha_registro,u1_0.password,u1_0.username from usuarios u1_0 where u1_0.username=?
2026-05-25 10:28:09.149 [http-nio-8080-exec-4] DEBUG org.hibernate.SQL.logStatement - select r1_0.usuario_id,r1_1.id,r1_1.nombre from usuarios_roles r1_0 join roles r1_1 on r1_1.id=r1_0.rol_id where r1_0.usuario_id=?
2026-05-25 10:28:09.221 [http-nio-8080-exec-4] DEBUG org.hibernate.SQL.logStatement - select u1_0.id,u1_0.email,u1_0.fecha_registro,u1_0.password,u1_0.username from usuarios u1_0 where u1_0.username=?
2026-05-25 10:28:09.222 [http-nio-8080-exec-4] INFO  c.h.b.controller.AuthController.login - Login exitoso para usuario 'celitinga' con roles: [CLIENTE]
2026-05-25 10:28:09.222 [http-nio-8080-exec-4] DEBUG o.s.w.s.m.m.a.HttpEntityMethodProcessor.writeWithMessageConverters - Using 'application/json', given [*/*] and supported [application/json, application/*+json]
2026-05-25 10:28:09.223 [http-nio-8080-exec-4] DEBUG o.s.w.s.m.m.a.HttpEntityMethodProcessor.traceDebug - Writing [{success=true, roles=[CLIENTE], message=Login exitoso, userId=1, username=celitinga, token=eyJhbGciO (truncated)...]
2026-05-25 10:28:09.223 [http-nio-8080-exec-4] DEBUG o.s.web.servlet.DispatcherServlet.logResult - Completed 200 OK
2026-05-25 10:28:09.488 [http-nio-8080-exec-2] DEBUG o.s.web.servlet.DispatcherServlet.traceDebug - GET "/api/carrito", parameters={}
2026-05-25 10:28:09.489 [http-nio-8080-exec-2] DEBUG o.s.w.s.m.m.a.RequestMappingHandlerMapping.getHandler - Mapped to com.helene.backend.controller.CarritoController#obtener()
2026-05-25 10:28:09.489 [http-nio-8080-exec-2] INFO  c.h.b.controller.CarritoController.obtener - Obteniendo contenido del carrito
2026-05-25 10:28:09.490 [http-nio-8080-exec-2] DEBUG org.hibernate.SQL.logStatement - select u1_0.id,u1_0.email,u1_0.fecha_registro,u1_0.password,u1_0.username from usuarios u1_0 where u1_0.username=?
2026-05-25 10:28:09.491 [http-nio-8080-exec-2] DEBUG org.hibernate.SQL.logStatement - select r1_0.usuario_id,r1_1.id,r1_1.nombre from usuarios_roles r1_0 join roles r1_1 on r1_1.id=r1_0.rol_id where r1_0.usuario_id=?
2026-05-25 10:28:09.491 [http-nio-8080-exec-2] DEBUG org.hibernate.SQL.logStatement - select c1_0.id,c1_0.cantidad,c1_0.producto_id,c1_0.usuario_id from carrito_items c1_0 left join usuarios u1_0 on u1_0.id=c1_0.usuario_id where u1_0.id=?
2026-05-25 10:28:09.493 [http-nio-8080-exec-2] INFO  c.h.b.controller.CarritoController.obtener - Carrito obtenido con 0 items
2026-05-25 10:28:09.493 [http-nio-8080-exec-2] DEBUG o.s.w.s.m.m.a.RequestResponseBodyMethodProcessor.writeWithMessageConverters - Using 'application/json', given [*/*] and supported [application/json, application/*+json]
2026-05-25 10:28:09.493 [http-nio-8080-exec-2] DEBUG o.s.w.s.m.m.a.RequestResponseBodyMethodProcessor.traceDebug - Writing [[]]
2026-05-25 10:28:09.494 [http-nio-8080-exec-2] DEBUG o.s.web.servlet.DispatcherServlet.logResult - Completed 200 OK
2026-05-25 10:28:09.514 [http-nio-8080-exec-6] DEBUG o.s.web.servlet.DispatcherServlet.traceDebug - GET "/api/carrito", parameters={}
2026-05-25 10:28:09.515 [http-nio-8080-exec-6] DEBUG o.s.w.s.m.m.a.RequestMappingHandlerMapping.getHandler - Mapped to com.helene.backend.controller.CarritoController#obtener()
2026-05-25 10:28:09.515 [http-nio-8080-exec-6] INFO  c.h.b.controller.CarritoController.obtener - Obteniendo contenido del carrito
2026-05-25 10:28:09.516 [http-nio-8080-exec-6] DEBUG org.hibernate.SQL.logStatement - select u1_0.id,u1_0.email,u1_0.fecha_registro,u1_0.password,u1_0.username from usuarios u1_0 where u1_0.username=?
2026-05-25 10:28:09.517 [http-nio-8080-exec-6] DEBUG org.hibernate.SQL.logStatement - select r1_0.usuario_id,r1_1.id,r1_1.nombre from usuarios_roles r1_0 join roles r1_1 on r1_1.id=r1_0.rol_id where r1_0.usuario_id=?
2026-05-25 10:28:09.519 [http-nio-8080-exec-6] DEBUG org.hibernate.SQL.logStatement - select c1_0.id,c1_0.cantidad,c1_0.producto_id,c1_0.usuario_id from carrito_items c1_0 left join usuarios u1_0 on u1_0.id=c1_0.usuario_id where u1_0.id=?
2026-05-25 10:28:09.519 [http-nio-8080-exec-6] INFO  c.h.b.controller.CarritoController.obtener - Carrito obtenido con 0 items
2026-05-25 10:28:09.520 [http-nio-8080-exec-6] DEBUG o.s.w.s.m.m.a.RequestResponseBodyMethodProcessor.writeWithMessageConverters - Using 'application/json', given [*/*] and supported [application/json, application/*+json]
2026-05-25 10:28:09.520 [http-nio-8080-exec-6] DEBUG o.s.w.s.m.m.a.RequestResponseBodyMethodProcessor.traceDebug - Writing [[]]
2026-05-25 10:28:09.520 [http-nio-8080-exec-6] DEBUG o.s.web.servlet.DispatcherServlet.logResult - Completed 200 OK
2026-05-25 10:28:29.949 [http-nio-8080-exec-5] DEBUG o.s.web.servlet.DispatcherServlet.traceDebug - GET "/api/carrito", parameters={}
2026-05-25 10:28:29.949 [http-nio-8080-exec-5] DEBUG o.s.w.s.m.m.a.RequestMappingHandlerMapping.getHandler - Mapped to com.helene.backend.controller.CarritoController#obtener()
2026-05-25 10:28:29.949 [http-nio-8080-exec-5] INFO  c.h.b.controller.CarritoController.obtener - Obteniendo contenido del carrito
2026-05-25 10:28:29.950 [http-nio-8080-exec-5] DEBUG org.hibernate.SQL.logStatement - select u1_0.id,u1_0.email,u1_0.fecha_registro,u1_0.password,u1_0.username from usuarios u1_0 where u1_0.username=?
2026-05-25 10:28:29.951 [http-nio-8080-exec-5] DEBUG org.hibernate.SQL.logStatement - select r1_0.usuario_id,r1_1.id,r1_1.nombre from usuarios_roles r1_0 join roles r1_1 on r1_1.id=r1_0.rol_id where r1_0.usuario_id=?
2026-05-25 10:28:29.953 [http-nio-8080-exec-5] DEBUG org.hibernate.SQL.logStatement - select c1_0.id,c1_0.cantidad,c1_0.producto_id,c1_0.usuario_id from carrito_items c1_0 left join usuarios u1_0 on u1_0.id=c1_0.usuario_id where u1_0.id=?
2026-05-25 10:28:29.953 [http-nio-8080-exec-5] INFO  c.h.b.controller.CarritoController.obtener - Carrito obtenido con 0 items
2026-05-25 10:28:29.954 [http-nio-8080-exec-5] DEBUG o.s.w.s.m.m.a.RequestResponseBodyMethodProcessor.writeWithMessageConverters - Using 'application/json', given [*/*] and supported [application/json, application/*+json]
2026-05-25 10:28:29.954 [http-nio-8080-exec-5] DEBUG o.s.w.s.m.m.a.RequestResponseBodyMethodProcessor.traceDebug - Writing [[]]
2026-05-25 10:28:29.954 [http-nio-8080-exec-5] DEBUG o.s.web.servlet.DispatcherServlet.logResult - Completed 200 OK
2026-05-25 10:28:29.973 [http-nio-8080-exec-8] DEBUG o.s.web.servlet.DispatcherServlet.traceDebug - GET "/api/productos", parameters={}
2026-05-25 10:28:29.973 [http-nio-8080-exec-8] DEBUG o.s.w.s.m.m.a.RequestMappingHandlerMapping.getHandler - Mapped to com.helene.backend.controller.ProductoController#listar()
2026-05-25 10:28:29.973 [http-nio-8080-exec-8] INFO  c.h.b.controller.ProductoController.listar - Listando todos los productos
2026-05-25 10:28:29.976 [http-nio-8080-exec-8] DEBUG org.hibernate.SQL.logStatement - select p1_0.id,p1_0.categoria_id,p1_0.descripcion,p1_0.descuento,p1_0.imagen_url,p1_0.nombre,p1_0.precio_final,p1_0.precio_original from productos p1_0
2026-05-25 10:28:29.976 [http-nio-8080-exec-8] DEBUG org.hibernate.SQL.logStatement - select c1_0.id,c1_0.nombre from categorias c1_0 where c1_0.id=?
2026-05-25 10:28:29.977 [http-nio-8080-exec-8] DEBUG org.hibernate.SQL.logStatement - select c1_0.id,c1_0.nombre from categorias c1_0 where c1_0.id=?
2026-05-25 10:28:29.977 [http-nio-8080-exec-8] DEBUG org.hibernate.SQL.logStatement - select c1_0.id,c1_0.nombre from categorias c1_0 where c1_0.id=?
2026-05-25 10:28:29.978 [http-nio-8080-exec-8] INFO  c.h.b.controller.ProductoController.listar - Se devuelven 4 productos
2026-05-25 10:28:29.979 [http-nio-8080-exec-8] DEBUG o.s.w.s.m.m.a.RequestResponseBodyMethodProcessor.writeWithMessageConverters - Using 'application/json', given [*/*] and supported [application/json, application/*+json]
2026-05-25 10:28:29.979 [http-nio-8080-exec-8] DEBUG o.s.w.s.m.m.a.RequestResponseBodyMethodProcessor.traceDebug - Writing [[ProductoDTO(id=1, nombre=Serum Vitamina C, precioOriginal=15.0, precioFinal=13.05, descuento=13, de (truncated)...]
2026-05-25 10:28:29.979 [http-nio-8080-exec-8] DEBUG o.s.web.servlet.DispatcherServlet.logResult - Completed 200 OK
2026-05-25 10:28:29.990 [http-nio-8080-exec-9] DEBUG o.s.web.servlet.DispatcherServlet.traceDebug - GET "/api/carrito", parameters={}
2026-05-25 10:28:29.991 [http-nio-8080-exec-9] DEBUG o.s.w.s.m.m.a.RequestMappingHandlerMapping.getHandler - Mapped to com.helene.backend.controller.CarritoController#obtener()
2026-05-25 10:28:29.991 [http-nio-8080-exec-9] INFO  c.h.b.controller.CarritoController.obtener - Obteniendo contenido del carrito
2026-05-25 10:28:29.992 [http-nio-8080-exec-9] DEBUG org.hibernate.SQL.logStatement - select u1_0.id,u1_0.email,u1_0.fecha_registro,u1_0.password,u1_0.username from usuarios u1_0 where u1_0.username=?
2026-05-25 10:28:29.994 [http-nio-8080-exec-9] DEBUG org.hibernate.SQL.logStatement - select r1_0.usuario_id,r1_1.id,r1_1.nombre from usuarios_roles r1_0 join roles r1_1 on r1_1.id=r1_0.rol_id where r1_0.usuario_id=?
2026-05-25 10:28:29.995 [http-nio-8080-exec-9] DEBUG org.hibernate.SQL.logStatement - select c1_0.id,c1_0.cantidad,c1_0.producto_id,c1_0.usuario_id from carrito_items c1_0 left join usuarios u1_0 on u1_0.id=c1_0.usuario_id where u1_0.id=?
2026-05-25 10:28:29.996 [http-nio-8080-exec-9] INFO  c.h.b.controller.CarritoController.obtener - Carrito obtenido con 0 items
2026-05-25 10:28:29.996 [http-nio-8080-exec-9] DEBUG o.s.w.s.m.m.a.RequestResponseBodyMethodProcessor.writeWithMessageConverters - Using 'application/json', given [*/*] and supported [application/json, application/*+json]
2026-05-25 10:28:29.996 [http-nio-8080-exec-9] DEBUG o.s.w.s.m.m.a.RequestResponseBodyMethodProcessor.traceDebug - Writing [[]]
2026-05-25 10:28:29.997 [http-nio-8080-exec-9] DEBUG o.s.web.servlet.DispatcherServlet.logResult - Completed 200 OK
2026-05-25 10:28:34.088 [http-nio-8080-exec-10] DEBUG o.s.web.servlet.DispatcherServlet.traceDebug - GET "/api/carrito", parameters={}
2026-05-25 10:28:34.088 [http-nio-8080-exec-10] DEBUG o.s.w.s.m.m.a.RequestMappingHandlerMapping.getHandler - Mapped to com.helene.backend.controller.CarritoController#obtener()
2026-05-25 10:28:34.088 [http-nio-8080-exec-10] INFO  c.h.b.controller.CarritoController.obtener - Obteniendo contenido del carrito
2026-05-25 10:28:34.089 [http-nio-8080-exec-10] DEBUG org.hibernate.SQL.logStatement - select u1_0.id,u1_0.email,u1_0.fecha_registro,u1_0.password,u1_0.username from usuarios u1_0 where u1_0.username=?
2026-05-25 10:28:34.090 [http-nio-8080-exec-10] DEBUG org.hibernate.SQL.logStatement - select r1_0.usuario_id,r1_1.id,r1_1.nombre from usuarios_roles r1_0 join roles r1_1 on r1_1.id=r1_0.rol_id where r1_0.usuario_id=?
2026-05-25 10:28:34.091 [http-nio-8080-exec-10] DEBUG org.hibernate.SQL.logStatement - select c1_0.id,c1_0.cantidad,c1_0.producto_id,c1_0.usuario_id from carrito_items c1_0 left join usuarios u1_0 on u1_0.id=c1_0.usuario_id where u1_0.id=?
2026-05-25 10:28:34.091 [http-nio-8080-exec-10] INFO  c.h.b.controller.CarritoController.obtener - Carrito obtenido con 0 items
2026-05-25 10:28:34.091 [http-nio-8080-exec-10] DEBUG o.s.w.s.m.m.a.RequestResponseBodyMethodProcessor.writeWithMessageConverters - Using 'application/json', given [*/*] and supported [application/json, application/*+json]
2026-05-25 10:28:34.091 [http-nio-8080-exec-10] DEBUG o.s.w.s.m.m.a.RequestResponseBodyMethodProcessor.traceDebug - Writing [[]]
2026-05-25 10:28:34.093 [http-nio-8080-exec-10] DEBUG o.s.web.servlet.DispatcherServlet.logResult - Completed 200 OK
2026-05-25 10:32:29.551 [http-nio-8080-exec-6] DEBUG o.s.web.servlet.DispatcherServlet.traceDebug - GET "/api/carrito", parameters={}
2026-05-25 10:32:29.551 [http-nio-8080-exec-6] DEBUG o.s.w.s.m.m.a.RequestMappingHandlerMapping.getHandler - Mapped to com.helene.backend.controller.CarritoController#obtener()
2026-05-25 10:32:29.551 [http-nio-8080-exec-6] INFO  c.h.b.controller.CarritoController.obtener - Obteniendo contenido del carrito
2026-05-25 10:32:29.552 [http-nio-8080-exec-6] DEBUG org.hibernate.SQL.logStatement - select u1_0.id,u1_0.email,u1_0.fecha_registro,u1_0.password,u1_0.username from usuarios u1_0 where u1_0.username=?
2026-05-25 10:32:29.554 [http-nio-8080-exec-6] DEBUG org.hibernate.SQL.logStatement - select r1_0.usuario_id,r1_1.id,r1_1.nombre from usuarios_roles r1_0 join roles r1_1 on r1_1.id=r1_0.rol_id where r1_0.usuario_id=?
2026-05-25 10:32:29.555 [http-nio-8080-exec-6] DEBUG org.hibernate.SQL.logStatement - select c1_0.id,c1_0.cantidad,c1_0.producto_id,c1_0.usuario_id from carrito_items c1_0 left join usuarios u1_0 on u1_0.id=c1_0.usuario_id where u1_0.id=?
2026-05-25 10:32:29.556 [http-nio-8080-exec-6] INFO  c.h.b.controller.CarritoController.obtener - Carrito obtenido con 0 items
2026-05-25 10:32:29.556 [http-nio-8080-exec-6] DEBUG o.s.w.s.m.m.a.RequestResponseBodyMethodProcessor.writeWithMessageConverters - Using 'application/json', given [*/*] and supported [application/json, application/*+json]
2026-05-25 10:32:29.557 [http-nio-8080-exec-6] DEBUG o.s.w.s.m.m.a.RequestResponseBodyMethodProcessor.traceDebug - Writing [[]]
2026-05-25 10:32:29.557 [http-nio-8080-exec-6] DEBUG o.s.web.servlet.DispatcherServlet.logResult - Completed 200 OK
2026-05-25 10:32:29.604 [http-nio-8080-exec-7] DEBUG o.s.web.servlet.DispatcherServlet.traceDebug - GET "/api/carrito", parameters={}
2026-05-25 10:32:29.605 [http-nio-8080-exec-7] DEBUG o.s.w.s.m.m.a.RequestMappingHandlerMapping.getHandler - Mapped to com.helene.backend.controller.CarritoController#obtener()
2026-05-25 10:32:29.605 [http-nio-8080-exec-7] INFO  c.h.b.controller.CarritoController.obtener - Obteniendo contenido del carrito
2026-05-25 10:32:29.605 [http-nio-8080-exec-7] DEBUG org.hibernate.SQL.logStatement - select u1_0.id,u1_0.email,u1_0.fecha_registro,u1_0.password,u1_0.username from usuarios u1_0 where u1_0.username=?
2026-05-25 10:32:29.608 [http-nio-8080-exec-7] DEBUG org.hibernate.SQL.logStatement - select r1_0.usuario_id,r1_1.id,r1_1.nombre from usuarios_roles r1_0 join roles r1_1 on r1_1.id=r1_0.rol_id where r1_0.usuario_id=?
2026-05-25 10:32:29.609 [http-nio-8080-exec-7] DEBUG org.hibernate.SQL.logStatement - select c1_0.id,c1_0.cantidad,c1_0.producto_id,c1_0.usuario_id from carrito_items c1_0 left join usuarios u1_0 on u1_0.id=c1_0.usuario_id where u1_0.id=?
2026-05-25 10:32:29.610 [http-nio-8080-exec-7] INFO  c.h.b.controller.CarritoController.obtener - Carrito obtenido con 0 items
2026-05-25 10:32:29.610 [http-nio-8080-exec-7] DEBUG o.s.w.s.m.m.a.RequestResponseBodyMethodProcessor.writeWithMessageConverters - Using 'application/json', given [*/*] and supported [application/json, application/*+json]
2026-05-25 10:32:29.610 [http-nio-8080-exec-7] DEBUG o.s.w.s.m.m.a.RequestResponseBodyMethodProcessor.traceDebug - Writing [[]]
2026-05-25 10:32:29.611 [http-nio-8080-exec-7] DEBUG o.s.web.servlet.DispatcherServlet.logResult - Completed 200 OK
2026-05-25 10:38:14.821 [http-nio-8080-exec-8] DEBUG o.s.web.servlet.DispatcherServlet.traceDebug - GET "/api/carrito", parameters={}
2026-05-25 10:38:14.822 [http-nio-8080-exec-8] DEBUG o.s.w.s.m.m.a.RequestMappingHandlerMapping.getHandler - Mapped to com.helene.backend.controller.CarritoController#obtener()
2026-05-25 10:38:14.822 [http-nio-8080-exec-8] INFO  c.h.b.controller.CarritoController.obtener - Obteniendo contenido del carrito
2026-05-25 10:38:14.822 [http-nio-8080-exec-8] DEBUG org.hibernate.SQL.logStatement - select u1_0.id,u1_0.email,u1_0.fecha_registro,u1_0.password,u1_0.username from usuarios u1_0 where u1_0.username=?
2026-05-25 10:38:14.824 [http-nio-8080-exec-8] DEBUG org.hibernate.SQL.logStatement - select r1_0.usuario_id,r1_1.id,r1_1.nombre from usuarios_roles r1_0 join roles r1_1 on r1_1.id=r1_0.rol_id where r1_0.usuario_id=?
2026-05-25 10:38:14.826 [http-nio-8080-exec-8] DEBUG org.hibernate.SQL.logStatement - select c1_0.id,c1_0.cantidad,c1_0.producto_id,c1_0.usuario_id from carrito_items c1_0 left join usuarios u1_0 on u1_0.id=c1_0.usuario_id where u1_0.id=?
2026-05-25 10:38:14.828 [http-nio-8080-exec-8] INFO  c.h.b.controller.CarritoController.obtener - Carrito obtenido con 0 items
2026-05-25 10:38:14.828 [http-nio-8080-exec-8] DEBUG o.s.w.s.m.m.a.RequestResponseBodyMethodProcessor.writeWithMessageConverters - Using 'application/json', given [*/*] and supported [application/json, application/*+json]
2026-05-25 10:38:14.829 [http-nio-8080-exec-8] DEBUG o.s.w.s.m.m.a.RequestResponseBodyMethodProcessor.traceDebug - Writing [[]]
2026-05-25 10:38:14.829 [http-nio-8080-exec-8] DEBUG o.s.web.servlet.DispatcherServlet.logResult - Completed 200 OK
2026-05-25 19:40:57.632 [SpringApplicationShutdownHook] INFO  o.s.o.j.LocalContainerEntityManagerFactoryBean.destroy - Closing JPA EntityManagerFactory for persistence unit 'default'
2026-05-25 19:40:57.646 [SpringApplicationShutdownHook] INFO  com.zaxxer.hikari.HikariDataSource.close - HikariPool-1 - Shutdown initiated...
2026-05-25 19:40:57.654 [SpringApplicationShutdownHook] INFO  com.zaxxer.hikari.HikariDataSource.close - HikariPool-1 - Shutdown completed.
