2026-05-22 00:01:30.194 [SpringApplicationShutdownHook] INFO  o.s.o.j.LocalContainerEntityManagerFactoryBean.destroy - Closing JPA EntityManagerFactory for persistence unit 'default'
2026-05-22 00:01:30.204 [SpringApplicationShutdownHook] INFO  com.zaxxer.hikari.HikariDataSource.close - HikariPool-1 - Shutdown initiated...
2026-05-22 00:01:30.209 [SpringApplicationShutdownHook] INFO  com.zaxxer.hikari.HikariDataSource.close - HikariPool-1 - Shutdown completed.
2026-05-22 00:03:00.729 [main] INFO  c.h.backend.HeleneBackendApplication.logStarting - Starting HeleneBackendApplication using Java 21.0.7 with PID 10736 (C:\Users\celia\Desktop\Helene\target\classes started by celia in C:\Users\celia\Desktop\Helene)
2026-05-22 00:03:00.731 [main] INFO  c.h.backend.HeleneBackendApplication.logStartupProfileInfo - No active profile set, falling back to 1 default profile: "default"
2026-05-22 00:03:01.327 [main] INFO  o.s.d.r.c.RepositoryConfigurationDelegate.registerRepositoriesIn - Bootstrapping Spring Data JPA repositories in DEFAULT mode.
2026-05-22 00:03:01.446 [main] INFO  o.s.d.r.c.RepositoryConfigurationDelegate.registerRepositoriesIn - Finished Spring Data repository scanning in 115 ms. Found 7 JPA repository interfaces.
2026-05-22 00:03:01.841 [main] INFO  o.s.b.w.e.tomcat.TomcatWebServer.initialize - Tomcat initialized with port 8080 (http)
2026-05-22 00:03:01.849 [main] INFO  o.a.catalina.core.StandardService.log - Starting service [Tomcat]
2026-05-22 00:03:01.849 [main] INFO  o.a.catalina.core.StandardEngine.log - Starting Servlet engine: [Apache Tomcat/10.1.17]
2026-05-22 00:03:01.901 [main] INFO  o.a.c.c.C.[Tomcat].[localhost].[/].log - Initializing Spring embedded WebApplicationContext
2026-05-22 00:03:01.901 [main] INFO  o.s.b.w.s.c.ServletWebServerApplicationContext.prepareWebApplicationContext - Root WebApplicationContext: initialization completed in 1142 ms
2026-05-22 00:03:02.087 [main] INFO  com.zaxxer.hikari.HikariDataSource.getConnection - HikariPool-1 - Starting...
2026-05-22 00:03:02.194 [main] INFO  com.zaxxer.hikari.pool.HikariPool.checkFailFast - HikariPool-1 - Added connection com.mysql.cj.jdbc.ConnectionImpl@6e364f1f
2026-05-22 00:03:02.196 [main] INFO  com.zaxxer.hikari.HikariDataSource.getConnection - HikariPool-1 - Start completed.
2026-05-22 00:03:02.231 [main] INFO  org.flywaydb.core.FlywayExecutor.info - Database: jdbc:mysql://localhost:3306/helene_db?createDatabaseIfNotExist=true&useSSL=false&serverTimezone=UTC (MySQL 8.0)
2026-05-22 00:03:02.271 [main] INFO  o.f.core.internal.command.DbValidate.info - Successfully validated 2 migrations (execution time 00:00.019s)
2026-05-22 00:03:02.281 [main] INFO  o.f.core.internal.command.DbMigrate.info - Current version of schema `helene_db`: 1
2026-05-22 00:03:02.283 [main] INFO  o.f.core.internal.command.DbMigrate.info - Schema `helene_db` is up to date. No migration necessary.
2026-05-22 00:03:02.303 [main] INFO  o.f.core.internal.command.DbValidate.info - Successfully validated 2 migrations (execution time 00:00.003s)
2026-05-22 00:03:02.310 [main] INFO  o.f.core.internal.command.DbMigrate.info - Current version of schema `helene_db`: 1
2026-05-22 00:03:02.310 [main] INFO  o.f.core.internal.command.DbMigrate.info - Schema `helene_db` is up to date. No migration necessary.
2026-05-22 00:03:02.371 [main] INFO  o.h.jpa.internal.util.LogHelper.logPersistenceUnitInformation - HHH000204: Processing PersistenceUnitInfo [name: default]
2026-05-22 00:03:02.413 [main] INFO  org.hibernate.Version.logVersion - HHH000412: Hibernate ORM core version 6.4.1.Final
2026-05-22 00:03:02.437 [main] INFO  o.h.c.i.RegionFactoryInitiator.initiateService - HHH000026: Second-level cache disabled
2026-05-22 00:03:02.619 [main] INFO  o.s.o.j.p.SpringPersistenceUnitInfo.addTransformer - No LoadTimeWeaver setup: ignoring JPA class transformer
2026-05-22 00:03:02.657 [main] WARN  org.hibernate.orm.deprecation.constructDialect - HHH90000025: MySQL8Dialect does not need to be specified explicitly using 'hibernate.dialect' (remove the property setting and it will be selected by default)
2026-05-22 00:03:02.658 [main] WARN  org.hibernate.orm.deprecation.logSelectedDialect - HHH90000026: MySQL8Dialect has been deprecated; use org.hibernate.dialect.MySQLDialect instead
2026-05-22 00:03:02.672 [main] DEBUG o.h.t.d.sql.spi.DdlTypeRegistry.addDescriptor - addDescriptor(12, org.hibernate.type.descriptor.sql.internal.CapacityDependentDdlType@73d8c8d7) replaced previous registration(org.hibernate.type.descriptor.sql.internal.CapacityDependentDdlType@361b3ca6)
2026-05-22 00:03:02.672 [main] DEBUG o.h.t.d.sql.spi.DdlTypeRegistry.addDescriptor - addDescriptor(-9, org.hibernate.type.descriptor.sql.internal.CapacityDependentDdlType@48333b12) replaced previous registration(org.hibernate.type.descriptor.sql.internal.CapacityDependentDdlType@575c23f1)
2026-05-22 00:03:02.673 [main] DEBUG o.h.t.d.sql.spi.DdlTypeRegistry.addDescriptor - addDescriptor(-3, org.hibernate.type.descriptor.sql.internal.CapacityDependentDdlType@62f7d7bd) replaced previous registration(org.hibernate.type.descriptor.sql.internal.CapacityDependentDdlType@de63949)
2026-05-22 00:03:02.673 [main] DEBUG o.h.t.d.sql.spi.DdlTypeRegistry.addDescriptor - addDescriptor(4003, org.hibernate.type.descriptor.sql.internal.DdlTypeImpl@5c5c784c) replaced previous registration(org.hibernate.type.descriptor.sql.internal.DdlTypeImpl@6a299b9d)
2026-05-22 00:03:02.673 [main] DEBUG o.h.t.d.sql.spi.DdlTypeRegistry.addDescriptor - addDescriptor(4001, org.hibernate.type.descriptor.sql.internal.DdlTypeImpl@363fe35a) replaced previous registration(org.hibernate.type.descriptor.sql.internal.DdlTypeImpl@a2fb8a5)
2026-05-22 00:03:02.673 [main] DEBUG o.h.t.d.sql.spi.DdlTypeRegistry.addDescriptor - addDescriptor(4002, org.hibernate.type.descriptor.sql.internal.DdlTypeImpl@350e3fb4) replaced previous registration(org.hibernate.type.descriptor.sql.internal.DdlTypeImpl@13ddaffb)
2026-05-22 00:03:02.673 [main] DEBUG o.h.t.d.sql.spi.DdlTypeRegistry.addDescriptor - addDescriptor(2004, org.hibernate.type.descriptor.sql.internal.CapacityDependentDdlType@5a31abe9) replaced previous registration(org.hibernate.type.descriptor.sql.internal.DdlTypeImpl@2dacda9a)
2026-05-22 00:03:02.673 [main] DEBUG o.h.t.d.sql.spi.DdlTypeRegistry.addDescriptor - addDescriptor(2005, org.hibernate.type.descriptor.sql.internal.CapacityDependentDdlType@699bb304) replaced previous registration(org.hibernate.type.descriptor.sql.internal.DdlTypeImpl@17477bbb)
2026-05-22 00:03:02.673 [main] DEBUG o.h.t.d.sql.spi.DdlTypeRegistry.addDescriptor - addDescriptor(2011, org.hibernate.type.descriptor.sql.internal.CapacityDependentDdlType@40fee459) replaced previous registration(org.hibernate.type.descriptor.sql.internal.DdlTypeImpl@bcd9ed6)
2026-05-22 00:03:03.415 [main] INFO  o.h.e.t.j.p.i.JtaPlatformInitiator.initiateService - HHH000489: No JTA platform available (set 'hibernate.transaction.jta.platform' to enable JTA platform integration)
2026-05-22 00:03:03.483 [main] INFO  o.s.o.j.LocalContainerEntityManagerFactoryBean.buildNativeEntityManagerFactory - Initialized JPA EntityManagerFactory for persistence unit 'default'
2026-05-22 00:03:03.759 [main] INFO  o.s.d.j.r.query.QueryEnhancerFactory.<clinit> - Hibernate is in classpath; If applicable, HQL parser will be used.
2026-05-22 00:03:05.088 [main] WARN  o.s.b.a.o.j.JpaBaseConfiguration$JpaWebConfiguration.openEntityManagerInViewInterceptor - spring.jpa.open-in-view is enabled by default. Therefore, database queries may be performed during view rendering. Explicitly configure spring.jpa.open-in-view to disable this warning
2026-05-22 00:03:05.107 [main] WARN  o.s.b.a.s.s.UserDetailsServiceAutoConfiguration.getOrDeducePassword - 

Using generated security password: 8ca0a7bc-3227-40c6-9a94-08f88df6dae6

This generated password is for development use only. Your security configuration must be updated before running your application in production.

2026-05-22 00:03:05.220 [main] DEBUG o.s.w.s.m.m.a.RequestMappingHandlerMapping.handlerMethodsInitialized - 49 mappings in 'requestMappingHandlerMapping'
2026-05-22 00:03:05.281 [main] DEBUG o.s.w.s.h.SimpleUrlHandlerMapping.logMappings - Patterns [/webjars/**, /**, /swagger-ui*/*swagger-initializer.js, /swagger-ui*/**] in 'resourceHandlerMapping'
2026-05-22 00:03:05.307 [main] INFO  o.s.s.web.DefaultSecurityFilterChain.<init> - Will secure any request with [org.springframework.security.web.session.DisableEncodeUrlFilter@14f13587, org.springframework.security.web.context.request.async.WebAsyncManagerIntegrationFilter@24af33a1, org.springframework.security.web.context.SecurityContextHolderFilter@f9769ae, org.springframework.security.web.header.HeaderWriterFilter@2cda8be9, org.springframework.web.filter.CorsFilter@2ad51ba4, org.springframework.security.web.authentication.logout.LogoutFilter@2df92850, com.helene.backend.security.JwtAuthenticationFilter@693f2213, org.springframework.security.web.savedrequest.RequestCacheAwareFilter@78a5c127, org.springframework.security.web.servletapi.SecurityContextHolderAwareRequestFilter@102ee705, org.springframework.security.web.authentication.AnonymousAuthenticationFilter@109f7381, org.springframework.security.web.access.ExceptionTranslationFilter@4f8d7222, org.springframework.security.web.access.intercept.AuthorizationFilter@533c7a52]
2026-05-22 00:03:05.361 [main] DEBUG o.s.w.s.m.m.a.RequestMappingHandlerAdapter.initControllerAdviceCache - ControllerAdvice beans: 0 @ModelAttribute, 0 @InitBinder, 1 RequestBodyAdvice, 1 ResponseBodyAdvice
2026-05-22 00:03:05.392 [main] DEBUG o.s.w.s.m.m.a.ExceptionHandlerExceptionResolver.initExceptionHandlerAdviceCache - ControllerAdvice beans: 2 @ExceptionHandler, 1 ResponseBodyAdvice
2026-05-22 00:03:05.603 [main] INFO  o.s.b.w.e.tomcat.TomcatWebServer.start - Tomcat started on port 8080 (http) with context path ''
2026-05-22 00:03:05.610 [main] INFO  c.h.backend.HeleneBackendApplication.logStarted - Started HeleneBackendApplication in 5.243 seconds (process running for 5.729)
2026-05-22 00:03:05.660 [main] DEBUG org.hibernate.SQL.logStatement - select count(*) from roles r1_0
2026-05-22 00:03:05.670 [main] DEBUG org.hibernate.SQL.logStatement - select count(*) from categorias c1_0
2026-05-22 00:03:06.723 [http-nio-8080-exec-1] INFO  o.a.c.c.C.[Tomcat].[localhost].[/].log - Initializing Spring DispatcherServlet 'dispatcherServlet'
2026-05-22 00:03:06.723 [http-nio-8080-exec-1] INFO  o.s.web.servlet.DispatcherServlet.initServletBean - Initializing Servlet 'dispatcherServlet'
2026-05-22 00:03:06.723 [http-nio-8080-exec-1] DEBUG o.s.web.servlet.DispatcherServlet.initMultipartResolver - Detected StandardServletMultipartResolver
2026-05-22 00:03:06.724 [http-nio-8080-exec-1] DEBUG o.s.web.servlet.DispatcherServlet.initLocaleResolver - Detected AcceptHeaderLocaleResolver
2026-05-22 00:03:06.724 [http-nio-8080-exec-1] DEBUG o.s.web.servlet.DispatcherServlet.initThemeResolver - Detected FixedThemeResolver
2026-05-22 00:03:06.724 [http-nio-8080-exec-1] DEBUG o.s.web.servlet.DispatcherServlet.initRequestToViewNameTranslator - Detected org.springframework.web.servlet.view.DefaultRequestToViewNameTranslator@52baae51
2026-05-22 00:03:06.725 [http-nio-8080-exec-1] DEBUG o.s.web.servlet.DispatcherServlet.initFlashMapManager - Detected org.springframework.web.servlet.support.SessionFlashMapManager@4f1a6259
2026-05-22 00:03:06.725 [http-nio-8080-exec-1] DEBUG o.s.web.servlet.DispatcherServlet.initServletBean - enableLoggingRequestDetails='false': request parameters and headers will be masked to prevent unsafe logging of potentially sensitive data
2026-05-22 00:03:06.725 [http-nio-8080-exec-1] INFO  o.s.web.servlet.DispatcherServlet.initServletBean - Completed initialization in 2 ms
2026-05-22 00:03:06.774 [http-nio-8080-exec-1] ERROR c.h.backend.security.JwtEntryPoint.commence - Unauthorized error: Full authentication is required to access this resource
2026-05-22 00:03:10.674 [http-nio-8080-exec-2] DEBUG o.s.web.servlet.DispatcherServlet.traceDebug - GET "/api/pedidos/usuario/5", parameters={}
2026-05-22 00:03:10.675 [http-nio-8080-exec-2] DEBUG o.s.w.s.m.m.a.RequestMappingHandlerMapping.getHandler - Mapped to com.helene.backend.controller.PedidoController#listarPorUsuario(Long)
2026-05-22 00:03:10.686 [http-nio-8080-exec-2] INFO  c.h.b.controller.PedidoController.listarPorUsuario - Obteniendo pedidos del usuarioId=5
2026-05-22 00:03:10.709 [http-nio-8080-exec-2] DEBUG org.hibernate.SQL.logStatement - select p1_0.id,p1_0.coste_envio,p1_0.descuento_aplicado,p1_0.calle,p1_0.ciudad,p1_0.codigo_postal,p1_0.instrucciones_especiales,p1_0.nombre_completo,p1_0.numero,p1_0.pais,p1_0.piso,p1_0.provincia,p1_0.telefono,p1_0.estado,p1_0.fecha_creacion,p1_0.fecha_entrega,p1_0.metodo_pago,p1_0.notas,p1_0.numero_pedido,p1_0.paypal_payment_id,p1_0.subtotal,p1_0.total,p1_0.usuario_id from pedidos p1_0 left join usuarios u1_0 on u1_0.id=p1_0.usuario_id where u1_0.id=?
2026-05-22 00:03:10.738 [http-nio-8080-exec-2] DEBUG org.hibernate.SQL.logStatement - select u1_0.id,u1_0.email,u1_0.fecha_registro,u1_0.password,r1_0.usuario_id,r1_1.id,r1_1.nombre,u1_0.username from usuarios u1_0 left join usuarios_roles r1_0 on u1_0.id=r1_0.usuario_id left join roles r1_1 on r1_1.id=r1_0.rol_id where u1_0.id=?
2026-05-22 00:03:10.745 [http-nio-8080-exec-2] DEBUG org.hibernate.SQL.logStatement - select i1_0.pedido_id,i1_0.id,i1_0.cantidad,i1_0.descuento_aplicado,i1_0.imagen_producto,i1_0.nombre_producto,i1_0.precio_unitario,i1_0.producto_id,i1_0.subtotal from pedido_items i1_0 where i1_0.pedido_id=?
2026-05-22 00:03:10.747 [http-nio-8080-exec-2] DEBUG org.hibernate.SQL.logStatement - select i1_0.pedido_id,i1_0.id,i1_0.cantidad,i1_0.descuento_aplicado,i1_0.imagen_producto,i1_0.nombre_producto,i1_0.precio_unitario,i1_0.producto_id,i1_0.subtotal from pedido_items i1_0 where i1_0.pedido_id=?
2026-05-22 00:03:10.748 [http-nio-8080-exec-2] DEBUG org.hibernate.SQL.logStatement - select i1_0.pedido_id,i1_0.id,i1_0.cantidad,i1_0.descuento_aplicado,i1_0.imagen_producto,i1_0.nombre_producto,i1_0.precio_unitario,i1_0.producto_id,i1_0.subtotal from pedido_items i1_0 where i1_0.pedido_id=?
2026-05-22 00:03:10.749 [http-nio-8080-exec-2] DEBUG org.hibernate.SQL.logStatement - select p1_0.id,p1_0.categoria_id,c1_0.id,c1_0.nombre,p1_0.descripcion,p1_0.descuento,p1_0.imagen_url,p1_0.nombre,p1_0.precio_final,p1_0.precio_original from productos p1_0 join categorias c1_0 on c1_0.id=p1_0.categoria_id where p1_0.id=?
2026-05-22 00:03:10.752 [http-nio-8080-exec-2] DEBUG org.hibernate.SQL.logStatement - select i1_0.pedido_id,i1_0.id,i1_0.cantidad,i1_0.descuento_aplicado,i1_0.imagen_producto,i1_0.nombre_producto,i1_0.precio_unitario,i1_0.producto_id,i1_0.subtotal from pedido_items i1_0 where i1_0.pedido_id=?
2026-05-22 00:03:10.752 [http-nio-8080-exec-2] DEBUG org.hibernate.SQL.logStatement - select p1_0.id,p1_0.categoria_id,c1_0.id,c1_0.nombre,p1_0.descripcion,p1_0.descuento,p1_0.imagen_url,p1_0.nombre,p1_0.precio_final,p1_0.precio_original from productos p1_0 join categorias c1_0 on c1_0.id=p1_0.categoria_id where p1_0.id=?
2026-05-22 00:03:10.753 [http-nio-8080-exec-2] DEBUG org.hibernate.SQL.logStatement - select i1_0.pedido_id,i1_0.id,i1_0.cantidad,i1_0.descuento_aplicado,i1_0.imagen_producto,i1_0.nombre_producto,i1_0.precio_unitario,i1_0.producto_id,i1_0.subtotal from pedido_items i1_0 where i1_0.pedido_id=?
2026-05-22 00:03:10.754 [http-nio-8080-exec-2] DEBUG org.hibernate.SQL.logStatement - select i1_0.pedido_id,i1_0.id,i1_0.cantidad,i1_0.descuento_aplicado,i1_0.imagen_producto,i1_0.nombre_producto,i1_0.precio_unitario,i1_0.producto_id,i1_0.subtotal from pedido_items i1_0 where i1_0.pedido_id=?
2026-05-22 00:03:10.755 [http-nio-8080-exec-2] DEBUG org.hibernate.SQL.logStatement - select p1_0.id,p1_0.categoria_id,c1_0.id,c1_0.nombre,p1_0.descripcion,p1_0.descuento,p1_0.imagen_url,p1_0.nombre,p1_0.precio_final,p1_0.precio_original from productos p1_0 join categorias c1_0 on c1_0.id=p1_0.categoria_id where p1_0.id=?
2026-05-22 00:03:10.756 [http-nio-8080-exec-2] DEBUG org.hibernate.SQL.logStatement - select i1_0.pedido_id,i1_0.id,i1_0.cantidad,i1_0.descuento_aplicado,i1_0.imagen_producto,i1_0.nombre_producto,i1_0.precio_unitario,i1_0.producto_id,i1_0.subtotal from pedido_items i1_0 where i1_0.pedido_id=?
2026-05-22 00:03:10.757 [http-nio-8080-exec-2] DEBUG org.hibernate.SQL.logStatement - select i1_0.pedido_id,i1_0.id,i1_0.cantidad,i1_0.descuento_aplicado,i1_0.imagen_producto,i1_0.nombre_producto,i1_0.precio_unitario,i1_0.producto_id,i1_0.subtotal from pedido_items i1_0 where i1_0.pedido_id=?
2026-05-22 00:03:10.758 [http-nio-8080-exec-2] DEBUG org.hibernate.SQL.logStatement - select i1_0.pedido_id,i1_0.id,i1_0.cantidad,i1_0.descuento_aplicado,i1_0.imagen_producto,i1_0.nombre_producto,i1_0.precio_unitario,i1_0.producto_id,i1_0.subtotal from pedido_items i1_0 where i1_0.pedido_id=?
2026-05-22 00:03:10.759 [http-nio-8080-exec-2] DEBUG org.hibernate.SQL.logStatement - select i1_0.pedido_id,i1_0.id,i1_0.cantidad,i1_0.descuento_aplicado,i1_0.imagen_producto,i1_0.nombre_producto,i1_0.precio_unitario,i1_0.producto_id,i1_0.subtotal from pedido_items i1_0 where i1_0.pedido_id=?
2026-05-22 00:03:10.760 [http-nio-8080-exec-2] DEBUG org.hibernate.SQL.logStatement - select p1_0.id,p1_0.categoria_id,c1_0.id,c1_0.nombre,p1_0.descripcion,p1_0.descuento,p1_0.imagen_url,p1_0.nombre,p1_0.precio_final,p1_0.precio_original from productos p1_0 join categorias c1_0 on c1_0.id=p1_0.categoria_id where p1_0.id=?
2026-05-22 00:03:10.761 [http-nio-8080-exec-2] DEBUG org.hibernate.SQL.logStatement - select i1_0.pedido_id,i1_0.id,i1_0.cantidad,i1_0.descuento_aplicado,i1_0.imagen_producto,i1_0.nombre_producto,i1_0.precio_unitario,i1_0.producto_id,i1_0.subtotal from pedido_items i1_0 where i1_0.pedido_id=?
2026-05-22 00:03:10.762 [http-nio-8080-exec-2] DEBUG org.hibernate.SQL.logStatement - select i1_0.pedido_id,i1_0.id,i1_0.cantidad,i1_0.descuento_aplicado,i1_0.imagen_producto,i1_0.nombre_producto,i1_0.precio_unitario,i1_0.producto_id,i1_0.subtotal from pedido_items i1_0 where i1_0.pedido_id=?
2026-05-22 00:03:10.763 [http-nio-8080-exec-2] INFO  c.h.b.controller.PedidoController.listarPorUsuario - Se devuelven 12 pedidos para usuarioId=5
2026-05-22 00:03:10.769 [http-nio-8080-exec-2] DEBUG o.s.w.s.m.m.a.HttpEntityMethodProcessor.writeWithMessageConverters - Using 'application/json', given [*/*] and supported [application/json, application/*+json]
2026-05-22 00:03:10.774 [http-nio-8080-exec-2] DEBUG o.s.w.s.m.m.a.HttpEntityMethodProcessor.traceDebug - Writing [[PedidoDTO(id=39, numeroPedido=HEL-2026-40366, fechaCreacion=2026-05-19T15:39:00.371511, fechaEntreg (truncated)...]
2026-05-22 00:03:10.791 [http-nio-8080-exec-2] DEBUG o.s.web.servlet.DispatcherServlet.logResult - Completed 200 OK
2026-05-22 00:03:25.746 [http-nio-8080-exec-3] ERROR c.h.backend.security.JwtEntryPoint.commence - Unauthorized error: Full authentication is required to access this resource
2026-05-22 00:03:27.050 [http-nio-8080-exec-4] ERROR c.h.backend.security.JwtEntryPoint.commence - Unauthorized error: Full authentication is required to access this resource
2026-05-22 00:03:27.066 [http-nio-8080-exec-5] DEBUG o.s.web.servlet.DispatcherServlet.traceDebug - GET "/api/productos/categoria/1", parameters={}
2026-05-22 00:03:27.066 [http-nio-8080-exec-5] DEBUG o.s.w.s.m.m.a.RequestMappingHandlerMapping.getHandler - Mapped to com.helene.backend.controller.ProductoController#listarPorCategoria(Long)
2026-05-22 00:03:27.069 [http-nio-8080-exec-5] INFO  c.h.b.controller.ProductoController.listarPorCategoria - Listando productos de la categoría id=1
2026-05-22 00:03:27.071 [http-nio-8080-exec-5] DEBUG org.hibernate.SQL.logStatement - select p1_0.id,p1_0.categoria_id,p1_0.descripcion,p1_0.descuento,p1_0.imagen_url,p1_0.nombre,p1_0.precio_final,p1_0.precio_original from productos p1_0 left join categorias c1_0 on c1_0.id=p1_0.categoria_id where c1_0.id=?
2026-05-22 00:03:27.072 [http-nio-8080-exec-5] DEBUG org.hibernate.SQL.logStatement - select c1_0.id,c1_0.nombre from categorias c1_0 where c1_0.id=?
2026-05-22 00:03:27.075 [http-nio-8080-exec-5] INFO  c.h.b.controller.ProductoController.listarPorCategoria - Se devuelven 2 productos para categoría id=1
2026-05-22 00:03:27.075 [http-nio-8080-exec-5] DEBUG o.s.w.s.m.m.a.RequestResponseBodyMethodProcessor.writeWithMessageConverters - Using 'application/json', given [*/*] and supported [application/json, application/*+json]
2026-05-22 00:03:27.076 [http-nio-8080-exec-5] DEBUG o.s.w.s.m.m.a.RequestResponseBodyMethodProcessor.traceDebug - Writing [[ProductoDTO(id=2, nombre=Agua micelar, precioOriginal=29.99, precioFinal=29.99, descuento=0, descri (truncated)...]
2026-05-22 00:03:27.077 [http-nio-8080-exec-5] DEBUG o.s.web.servlet.DispatcherServlet.logResult - Completed 200 OK
2026-05-22 00:03:27.095 [http-nio-8080-exec-6] ERROR c.h.backend.security.JwtEntryPoint.commence - Unauthorized error: Full authentication is required to access this resource
2026-05-22 00:03:32.113 [http-nio-8080-exec-10] ERROR c.h.backend.security.JwtEntryPoint.commence - Unauthorized error: Full authentication is required to access this resource
2026-05-22 00:03:32.125 [http-nio-8080-exec-8] ERROR c.h.backend.security.JwtEntryPoint.commence - Unauthorized error: Full authentication is required to access this resource
2026-05-22 00:04:14.006 [SpringApplicationShutdownHook] INFO  o.s.o.j.LocalContainerEntityManagerFactoryBean.destroy - Closing JPA EntityManagerFactory for persistence unit 'default'
2026-05-22 00:04:14.007 [SpringApplicationShutdownHook] INFO  com.zaxxer.hikari.HikariDataSource.close - HikariPool-1 - Shutdown initiated...
2026-05-22 00:04:14.013 [SpringApplicationShutdownHook] INFO  com.zaxxer.hikari.HikariDataSource.close - HikariPool-1 - Shutdown completed.
2026-05-22 00:04:17.274 [main] INFO  c.h.backend.HeleneBackendApplication.logStarting - Starting HeleneBackendApplication using Java 21.0.7 with PID 19788 (C:\Users\celia\Desktop\Helene\target\classes started by celia in C:\Users\celia\Desktop\Helene)
2026-05-22 00:04:17.276 [main] INFO  c.h.backend.HeleneBackendApplication.logStartupProfileInfo - No active profile set, falling back to 1 default profile: "default"
2026-05-22 00:04:17.854 [main] INFO  o.s.d.r.c.RepositoryConfigurationDelegate.registerRepositoriesIn - Bootstrapping Spring Data JPA repositories in DEFAULT mode.
2026-05-22 00:04:17.979 [main] INFO  o.s.d.r.c.RepositoryConfigurationDelegate.registerRepositoriesIn - Finished Spring Data repository scanning in 120 ms. Found 7 JPA repository interfaces.
2026-05-22 00:04:18.383 [main] INFO  o.s.b.w.e.tomcat.TomcatWebServer.initialize - Tomcat initialized with port 8080 (http)
2026-05-22 00:04:18.392 [main] INFO  o.a.catalina.core.StandardService.log - Starting service [Tomcat]
2026-05-22 00:04:18.392 [main] INFO  o.a.catalina.core.StandardEngine.log - Starting Servlet engine: [Apache Tomcat/10.1.17]
2026-05-22 00:04:18.452 [main] INFO  o.a.c.c.C.[Tomcat].[localhost].[/].log - Initializing Spring embedded WebApplicationContext
2026-05-22 00:04:18.453 [main] INFO  o.s.b.w.s.c.ServletWebServerApplicationContext.prepareWebApplicationContext - Root WebApplicationContext: initialization completed in 1149 ms
2026-05-22 00:04:18.633 [main] INFO  com.zaxxer.hikari.HikariDataSource.getConnection - HikariPool-1 - Starting...
2026-05-22 00:04:18.741 [main] INFO  com.zaxxer.hikari.pool.HikariPool.checkFailFast - HikariPool-1 - Added connection com.mysql.cj.jdbc.ConnectionImpl@2b1a901d
2026-05-22 00:04:18.742 [main] INFO  com.zaxxer.hikari.HikariDataSource.getConnection - HikariPool-1 - Start completed.
2026-05-22 00:04:18.776 [main] INFO  org.flywaydb.core.FlywayExecutor.info - Database: jdbc:mysql://localhost:3306/helene_db?createDatabaseIfNotExist=true&useSSL=false&serverTimezone=UTC (MySQL 8.0)
2026-05-22 00:04:18.813 [main] INFO  o.f.core.internal.command.DbValidate.info - Successfully validated 2 migrations (execution time 00:00.019s)
2026-05-22 00:04:18.823 [main] INFO  o.f.core.internal.command.DbMigrate.info - Current version of schema `helene_db`: 1
2026-05-22 00:04:18.825 [main] INFO  o.f.core.internal.command.DbMigrate.info - Schema `helene_db` is up to date. No migration necessary.
2026-05-22 00:04:18.847 [main] INFO  o.f.core.internal.command.DbValidate.info - Successfully validated 2 migrations (execution time 00:00.004s)
2026-05-22 00:04:18.854 [main] INFO  o.f.core.internal.command.DbMigrate.info - Current version of schema `helene_db`: 1
2026-05-22 00:04:18.854 [main] INFO  o.f.core.internal.command.DbMigrate.info - Schema `helene_db` is up to date. No migration necessary.
2026-05-22 00:04:18.923 [main] INFO  o.h.jpa.internal.util.LogHelper.logPersistenceUnitInformation - HHH000204: Processing PersistenceUnitInfo [name: default]
2026-05-22 00:04:18.967 [main] INFO  org.hibernate.Version.logVersion - HHH000412: Hibernate ORM core version 6.4.1.Final
2026-05-22 00:04:18.992 [main] INFO  o.h.c.i.RegionFactoryInitiator.initiateService - HHH000026: Second-level cache disabled
2026-05-22 00:04:19.178 [main] INFO  o.s.o.j.p.SpringPersistenceUnitInfo.addTransformer - No LoadTimeWeaver setup: ignoring JPA class transformer
2026-05-22 00:04:19.214 [main] WARN  org.hibernate.orm.deprecation.constructDialect - HHH90000025: MySQL8Dialect does not need to be specified explicitly using 'hibernate.dialect' (remove the property setting and it will be selected by default)
2026-05-22 00:04:19.215 [main] WARN  org.hibernate.orm.deprecation.logSelectedDialect - HHH90000026: MySQL8Dialect has been deprecated; use org.hibernate.dialect.MySQLDialect instead
2026-05-22 00:04:19.228 [main] DEBUG o.h.t.d.sql.spi.DdlTypeRegistry.addDescriptor - addDescriptor(12, org.hibernate.type.descriptor.sql.internal.CapacityDependentDdlType@575c23f1) replaced previous registration(org.hibernate.type.descriptor.sql.internal.CapacityDependentDdlType@62f7d7bd)
2026-05-22 00:04:19.228 [main] DEBUG o.h.t.d.sql.spi.DdlTypeRegistry.addDescriptor - addDescriptor(-9, org.hibernate.type.descriptor.sql.internal.CapacityDependentDdlType@de63949) replaced previous registration(org.hibernate.type.descriptor.sql.internal.CapacityDependentDdlType@5c5c784c)
2026-05-22 00:04:19.228 [main] DEBUG o.h.t.d.sql.spi.DdlTypeRegistry.addDescriptor - addDescriptor(-3, org.hibernate.type.descriptor.sql.internal.CapacityDependentDdlType@6a299b9d) replaced previous registration(org.hibernate.type.descriptor.sql.internal.CapacityDependentDdlType@363fe35a)
2026-05-22 00:04:19.228 [main] DEBUG o.h.t.d.sql.spi.DdlTypeRegistry.addDescriptor - addDescriptor(4003, org.hibernate.type.descriptor.sql.internal.DdlTypeImpl@a2fb8a5) replaced previous registration(org.hibernate.type.descriptor.sql.internal.DdlTypeImpl@350e3fb4)
2026-05-22 00:04:19.228 [main] DEBUG o.h.t.d.sql.spi.DdlTypeRegistry.addDescriptor - addDescriptor(4001, org.hibernate.type.descriptor.sql.internal.DdlTypeImpl@13ddaffb) replaced previous registration(org.hibernate.type.descriptor.sql.internal.DdlTypeImpl@5a31abe9)
2026-05-22 00:04:19.228 [main] DEBUG o.h.t.d.sql.spi.DdlTypeRegistry.addDescriptor - addDescriptor(4002, org.hibernate.type.descriptor.sql.internal.DdlTypeImpl@2dacda9a) replaced previous registration(org.hibernate.type.descriptor.sql.internal.DdlTypeImpl@699bb304)
2026-05-22 00:04:19.230 [main] DEBUG o.h.t.d.sql.spi.DdlTypeRegistry.addDescriptor - addDescriptor(2004, org.hibernate.type.descriptor.sql.internal.CapacityDependentDdlType@17477bbb) replaced previous registration(org.hibernate.type.descriptor.sql.internal.DdlTypeImpl@40fee459)
2026-05-22 00:04:19.230 [main] DEBUG o.h.t.d.sql.spi.DdlTypeRegistry.addDescriptor - addDescriptor(2005, org.hibernate.type.descriptor.sql.internal.CapacityDependentDdlType@bcd9ed6) replaced previous registration(org.hibernate.type.descriptor.sql.internal.DdlTypeImpl@3ffa0f38)
2026-05-22 00:04:19.230 [main] DEBUG o.h.t.d.sql.spi.DdlTypeRegistry.addDescriptor - addDescriptor(2011, org.hibernate.type.descriptor.sql.internal.CapacityDependentDdlType@13cc31df) replaced previous registration(org.hibernate.type.descriptor.sql.internal.DdlTypeImpl@24a7d3d3)
2026-05-22 00:04:19.962 [main] INFO  o.h.e.t.j.p.i.JtaPlatformInitiator.initiateService - HHH000489: No JTA platform available (set 'hibernate.transaction.jta.platform' to enable JTA platform integration)
2026-05-22 00:04:20.031 [main] INFO  o.s.o.j.LocalContainerEntityManagerFactoryBean.buildNativeEntityManagerFactory - Initialized JPA EntityManagerFactory for persistence unit 'default'
2026-05-22 00:04:20.311 [main] INFO  o.s.d.j.r.query.QueryEnhancerFactory.<clinit> - Hibernate is in classpath; If applicable, HQL parser will be used.
2026-05-22 00:04:21.585 [main] WARN  o.s.b.a.o.j.JpaBaseConfiguration$JpaWebConfiguration.openEntityManagerInViewInterceptor - spring.jpa.open-in-view is enabled by default. Therefore, database queries may be performed during view rendering. Explicitly configure spring.jpa.open-in-view to disable this warning
2026-05-22 00:04:21.605 [main] WARN  o.s.b.a.s.s.UserDetailsServiceAutoConfiguration.getOrDeducePassword - 

Using generated security password: 2cc15b6e-5287-41d2-b727-581196f69cf6

This generated password is for development use only. Your security configuration must be updated before running your application in production.

2026-05-22 00:04:21.718 [main] DEBUG o.s.w.s.m.m.a.RequestMappingHandlerMapping.handlerMethodsInitialized - 49 mappings in 'requestMappingHandlerMapping'
2026-05-22 00:04:21.768 [main] DEBUG o.s.w.s.h.SimpleUrlHandlerMapping.logMappings - Patterns [/webjars/**, /**, /swagger-ui*/*swagger-initializer.js, /swagger-ui*/**] in 'resourceHandlerMapping'
2026-05-22 00:04:21.788 [main] INFO  o.s.s.web.DefaultSecurityFilterChain.<init> - Will secure any request with [org.springframework.security.web.session.DisableEncodeUrlFilter@14f13587, org.springframework.security.web.context.request.async.WebAsyncManagerIntegrationFilter@24af33a1, org.springframework.security.web.context.SecurityContextHolderFilter@f9769ae, org.springframework.security.web.header.HeaderWriterFilter@2cda8be9, org.springframework.web.filter.CorsFilter@2ad51ba4, org.springframework.security.web.authentication.logout.LogoutFilter@2df92850, com.helene.backend.security.JwtAuthenticationFilter@7b5021d1, org.springframework.security.web.savedrequest.RequestCacheAwareFilter@78a5c127, org.springframework.security.web.servletapi.SecurityContextHolderAwareRequestFilter@102ee705, org.springframework.security.web.authentication.AnonymousAuthenticationFilter@109f7381, org.springframework.security.web.access.ExceptionTranslationFilter@4f8d7222, org.springframework.security.web.access.intercept.AuthorizationFilter@533c7a52]
2026-05-22 00:04:21.851 [main] DEBUG o.s.w.s.m.m.a.RequestMappingHandlerAdapter.initControllerAdviceCache - ControllerAdvice beans: 0 @ModelAttribute, 0 @InitBinder, 1 RequestBodyAdvice, 1 ResponseBodyAdvice
2026-05-22 00:04:21.880 [main] DEBUG o.s.w.s.m.m.a.ExceptionHandlerExceptionResolver.initExceptionHandlerAdviceCache - ControllerAdvice beans: 2 @ExceptionHandler, 1 ResponseBodyAdvice
2026-05-22 00:04:22.054 [main] INFO  o.s.b.w.e.tomcat.TomcatWebServer.start - Tomcat started on port 8080 (http) with context path ''
2026-05-22 00:04:22.061 [main] INFO  c.h.backend.HeleneBackendApplication.logStarted - Started HeleneBackendApplication in 5.149 seconds (process running for 5.635)
2026-05-22 00:04:22.109 [main] DEBUG org.hibernate.SQL.logStatement - select count(*) from categorias c1_0
2026-05-22 00:04:22.120 [main] DEBUG org.hibernate.SQL.logStatement - select count(*) from roles r1_0
2026-05-22 00:04:25.840 [http-nio-8080-exec-1] INFO  o.a.c.c.C.[Tomcat].[localhost].[/].log - Initializing Spring DispatcherServlet 'dispatcherServlet'
2026-05-22 00:04:25.841 [http-nio-8080-exec-1] INFO  o.s.web.servlet.DispatcherServlet.initServletBean - Initializing Servlet 'dispatcherServlet'
2026-05-22 00:04:25.841 [http-nio-8080-exec-1] DEBUG o.s.web.servlet.DispatcherServlet.initMultipartResolver - Detected StandardServletMultipartResolver
2026-05-22 00:04:25.841 [http-nio-8080-exec-1] DEBUG o.s.web.servlet.DispatcherServlet.initLocaleResolver - Detected AcceptHeaderLocaleResolver
2026-05-22 00:04:25.841 [http-nio-8080-exec-1] DEBUG o.s.web.servlet.DispatcherServlet.initThemeResolver - Detected FixedThemeResolver
2026-05-22 00:04:25.841 [http-nio-8080-exec-1] DEBUG o.s.web.servlet.DispatcherServlet.initRequestToViewNameTranslator - Detected org.springframework.web.servlet.view.DefaultRequestToViewNameTranslator@54497a5
2026-05-22 00:04:25.843 [http-nio-8080-exec-1] DEBUG o.s.web.servlet.DispatcherServlet.initFlashMapManager - Detected org.springframework.web.servlet.support.SessionFlashMapManager@27b8daa1
2026-05-22 00:04:25.843 [http-nio-8080-exec-1] DEBUG o.s.web.servlet.DispatcherServlet.initServletBean - enableLoggingRequestDetails='false': request parameters and headers will be masked to prevent unsafe logging of potentially sensitive data
2026-05-22 00:04:25.843 [http-nio-8080-exec-1] INFO  o.s.web.servlet.DispatcherServlet.initServletBean - Completed initialization in 2 ms
2026-05-22 00:04:25.891 [http-nio-8080-exec-1] ERROR c.h.backend.security.JwtEntryPoint.commence - Unauthorized error: Full authentication is required to access this resource
2026-05-22 00:04:25.908 [http-nio-8080-exec-2] ERROR c.h.backend.security.JwtEntryPoint.commence - Unauthorized error: Full authentication is required to access this resource
2026-05-22 00:04:28.948 [http-nio-8080-exec-3] ERROR c.h.backend.security.JwtEntryPoint.commence - Unauthorized error: Full authentication is required to access this resource
2026-05-22 00:04:30.838 [http-nio-8080-exec-4] ERROR c.h.backend.security.JwtEntryPoint.commence - Unauthorized error: Full authentication is required to access this resource
2026-05-22 00:04:54.615 [SpringApplicationShutdownHook] INFO  o.s.o.j.LocalContainerEntityManagerFactoryBean.destroy - Closing JPA EntityManagerFactory for persistence unit 'default'
2026-05-22 00:04:54.617 [SpringApplicationShutdownHook] INFO  com.zaxxer.hikari.HikariDataSource.close - HikariPool-1 - Shutdown initiated...
2026-05-22 00:04:54.622 [SpringApplicationShutdownHook] INFO  com.zaxxer.hikari.HikariDataSource.close - HikariPool-1 - Shutdown completed.
2026-05-22 00:04:58.745 [main] INFO  c.h.backend.HeleneBackendApplication.logStarting - Starting HeleneBackendApplication using Java 21.0.7 with PID 10432 (C:\Users\celia\Desktop\Helene\target\classes started by celia in C:\Users\celia\Desktop\Helene)
2026-05-22 00:04:58.746 [main] INFO  c.h.backend.HeleneBackendApplication.logStartupProfileInfo - No active profile set, falling back to 1 default profile: "default"
2026-05-22 00:04:59.327 [main] INFO  o.s.d.r.c.RepositoryConfigurationDelegate.registerRepositoriesIn - Bootstrapping Spring Data JPA repositories in DEFAULT mode.
2026-05-22 00:04:59.452 [main] INFO  o.s.d.r.c.RepositoryConfigurationDelegate.registerRepositoriesIn - Finished Spring Data repository scanning in 120 ms. Found 7 JPA repository interfaces.
2026-05-22 00:04:59.855 [main] INFO  o.s.b.w.e.tomcat.TomcatWebServer.initialize - Tomcat initialized with port 8080 (http)
2026-05-22 00:04:59.863 [main] INFO  o.a.catalina.core.StandardService.log - Starting service [Tomcat]
2026-05-22 00:04:59.863 [main] INFO  o.a.catalina.core.StandardEngine.log - Starting Servlet engine: [Apache Tomcat/10.1.17]
2026-05-22 00:04:59.925 [main] INFO  o.a.c.c.C.[Tomcat].[localhost].[/].log - Initializing Spring embedded WebApplicationContext
2026-05-22 00:04:59.925 [main] INFO  o.s.b.w.s.c.ServletWebServerApplicationContext.prepareWebApplicationContext - Root WebApplicationContext: initialization completed in 1152 ms
2026-05-22 00:05:00.104 [main] INFO  com.zaxxer.hikari.HikariDataSource.getConnection - HikariPool-1 - Starting...
2026-05-22 00:05:00.211 [main] INFO  com.zaxxer.hikari.pool.HikariPool.checkFailFast - HikariPool-1 - Added connection com.mysql.cj.jdbc.ConnectionImpl@1a7d0c9f
2026-05-22 00:05:00.212 [main] INFO  com.zaxxer.hikari.HikariDataSource.getConnection - HikariPool-1 - Start completed.
2026-05-22 00:05:00.245 [main] INFO  org.flywaydb.core.FlywayExecutor.info - Database: jdbc:mysql://localhost:3306/helene_db?createDatabaseIfNotExist=true&useSSL=false&serverTimezone=UTC (MySQL 8.0)
2026-05-22 00:05:00.285 [main] INFO  o.f.core.internal.command.DbValidate.info - Successfully validated 2 migrations (execution time 00:00.019s)
2026-05-22 00:05:00.295 [main] INFO  o.f.core.internal.command.DbMigrate.info - Current version of schema `helene_db`: 1
2026-05-22 00:05:00.297 [main] INFO  o.f.core.internal.command.DbMigrate.info - Schema `helene_db` is up to date. No migration necessary.
2026-05-22 00:05:00.318 [main] INFO  o.f.core.internal.command.DbValidate.info - Successfully validated 2 migrations (execution time 00:00.004s)
2026-05-22 00:05:00.322 [main] INFO  o.f.core.internal.command.DbMigrate.info - Current version of schema `helene_db`: 1
2026-05-22 00:05:00.323 [main] INFO  o.f.core.internal.command.DbMigrate.info - Schema `helene_db` is up to date. No migration necessary.
2026-05-22 00:05:00.381 [main] INFO  o.h.jpa.internal.util.LogHelper.logPersistenceUnitInformation - HHH000204: Processing PersistenceUnitInfo [name: default]
2026-05-22 00:05:00.440 [main] INFO  org.hibernate.Version.logVersion - HHH000412: Hibernate ORM core version 6.4.1.Final
2026-05-22 00:05:00.465 [main] INFO  o.h.c.i.RegionFactoryInitiator.initiateService - HHH000026: Second-level cache disabled
2026-05-22 00:05:00.642 [main] INFO  o.s.o.j.p.SpringPersistenceUnitInfo.addTransformer - No LoadTimeWeaver setup: ignoring JPA class transformer
2026-05-22 00:05:00.680 [main] WARN  org.hibernate.orm.deprecation.constructDialect - HHH90000025: MySQL8Dialect does not need to be specified explicitly using 'hibernate.dialect' (remove the property setting and it will be selected by default)
2026-05-22 00:05:00.681 [main] WARN  org.hibernate.orm.deprecation.logSelectedDialect - HHH90000026: MySQL8Dialect has been deprecated; use org.hibernate.dialect.MySQLDialect instead
2026-05-22 00:05:00.695 [main] DEBUG o.h.t.d.sql.spi.DdlTypeRegistry.addDescriptor - addDescriptor(12, org.hibernate.type.descriptor.sql.internal.CapacityDependentDdlType@361b3ca6) replaced previous registration(org.hibernate.type.descriptor.sql.internal.CapacityDependentDdlType@48333b12)
2026-05-22 00:05:00.695 [main] DEBUG o.h.t.d.sql.spi.DdlTypeRegistry.addDescriptor - addDescriptor(-9, org.hibernate.type.descriptor.sql.internal.CapacityDependentDdlType@575c23f1) replaced previous registration(org.hibernate.type.descriptor.sql.internal.CapacityDependentDdlType@62f7d7bd)
2026-05-22 00:05:00.695 [main] DEBUG o.h.t.d.sql.spi.DdlTypeRegistry.addDescriptor - addDescriptor(-3, org.hibernate.type.descriptor.sql.internal.CapacityDependentDdlType@de63949) replaced previous registration(org.hibernate.type.descriptor.sql.internal.CapacityDependentDdlType@5c5c784c)
2026-05-22 00:05:00.695 [main] DEBUG o.h.t.d.sql.spi.DdlTypeRegistry.addDescriptor - addDescriptor(4003, org.hibernate.type.descriptor.sql.internal.DdlTypeImpl@6a299b9d) replaced previous registration(org.hibernate.type.descriptor.sql.internal.DdlTypeImpl@363fe35a)
2026-05-22 00:05:00.695 [main] DEBUG o.h.t.d.sql.spi.DdlTypeRegistry.addDescriptor - addDescriptor(4001, org.hibernate.type.descriptor.sql.internal.DdlTypeImpl@a2fb8a5) replaced previous registration(org.hibernate.type.descriptor.sql.internal.DdlTypeImpl@350e3fb4)
2026-05-22 00:05:00.695 [main] DEBUG o.h.t.d.sql.spi.DdlTypeRegistry.addDescriptor - addDescriptor(4002, org.hibernate.type.descriptor.sql.internal.DdlTypeImpl@13ddaffb) replaced previous registration(org.hibernate.type.descriptor.sql.internal.DdlTypeImpl@5a31abe9)
2026-05-22 00:05:00.695 [main] DEBUG o.h.t.d.sql.spi.DdlTypeRegistry.addDescriptor - addDescriptor(2004, org.hibernate.type.descriptor.sql.internal.CapacityDependentDdlType@2dacda9a) replaced previous registration(org.hibernate.type.descriptor.sql.internal.DdlTypeImpl@699bb304)
2026-05-22 00:05:00.696 [main] DEBUG o.h.t.d.sql.spi.DdlTypeRegistry.addDescriptor - addDescriptor(2005, org.hibernate.type.descriptor.sql.internal.CapacityDependentDdlType@17477bbb) replaced previous registration(org.hibernate.type.descriptor.sql.internal.DdlTypeImpl@40fee459)
2026-05-22 00:05:00.696 [main] DEBUG o.h.t.d.sql.spi.DdlTypeRegistry.addDescriptor - addDescriptor(2011, org.hibernate.type.descriptor.sql.internal.CapacityDependentDdlType@bcd9ed6) replaced previous registration(org.hibernate.type.descriptor.sql.internal.DdlTypeImpl@3ffa0f38)
2026-05-22 00:05:01.429 [main] INFO  o.h.e.t.j.p.i.JtaPlatformInitiator.initiateService - HHH000489: No JTA platform available (set 'hibernate.transaction.jta.platform' to enable JTA platform integration)
2026-05-22 00:05:01.497 [main] INFO  o.s.o.j.LocalContainerEntityManagerFactoryBean.buildNativeEntityManagerFactory - Initialized JPA EntityManagerFactory for persistence unit 'default'
2026-05-22 00:05:01.771 [main] INFO  o.s.d.j.r.query.QueryEnhancerFactory.<clinit> - Hibernate is in classpath; If applicable, HQL parser will be used.
2026-05-22 00:05:03.055 [main] WARN  o.s.b.a.o.j.JpaBaseConfiguration$JpaWebConfiguration.openEntityManagerInViewInterceptor - spring.jpa.open-in-view is enabled by default. Therefore, database queries may be performed during view rendering. Explicitly configure spring.jpa.open-in-view to disable this warning
2026-05-22 00:05:03.075 [main] WARN  o.s.b.a.s.s.UserDetailsServiceAutoConfiguration.getOrDeducePassword - 

Using generated security password: 877c8452-dd39-4e7c-81e7-8dbbe2f29f69

This generated password is for development use only. Your security configuration must be updated before running your application in production.

2026-05-22 00:05:03.187 [main] DEBUG o.s.w.s.m.m.a.RequestMappingHandlerMapping.handlerMethodsInitialized - 49 mappings in 'requestMappingHandlerMapping'
2026-05-22 00:05:03.243 [main] DEBUG o.s.w.s.h.SimpleUrlHandlerMapping.logMappings - Patterns [/webjars/**, /**, /swagger-ui*/*swagger-initializer.js, /swagger-ui*/**] in 'resourceHandlerMapping'
2026-05-22 00:05:03.262 [main] INFO  o.s.s.web.DefaultSecurityFilterChain.<init> - Will secure any request with [org.springframework.security.web.session.DisableEncodeUrlFilter@50b03929, org.springframework.security.web.context.request.async.WebAsyncManagerIntegrationFilter@523a10a0, org.springframework.security.web.context.SecurityContextHolderFilter@2ff35d7, org.springframework.security.web.header.HeaderWriterFilter@78a5c127, org.springframework.web.filter.CorsFilter@3952621d, org.springframework.security.web.authentication.logout.LogoutFilter@283dd82a, com.helene.backend.security.JwtAuthenticationFilter@6befbb12, org.springframework.security.web.savedrequest.RequestCacheAwareFilter@3374a30c, org.springframework.security.web.servletapi.SecurityContextHolderAwareRequestFilter@16a45e5b, org.springframework.security.web.authentication.AnonymousAuthenticationFilter@4d7143de, org.springframework.security.web.access.ExceptionTranslationFilter@f9769ae, org.springframework.security.web.access.intercept.AuthorizationFilter@2ad51ba4]
2026-05-22 00:05:03.311 [main] DEBUG o.s.w.s.m.m.a.RequestMappingHandlerAdapter.initControllerAdviceCache - ControllerAdvice beans: 0 @ModelAttribute, 0 @InitBinder, 1 RequestBodyAdvice, 1 ResponseBodyAdvice
2026-05-22 00:05:03.339 [main] DEBUG o.s.w.s.m.m.a.ExceptionHandlerExceptionResolver.initExceptionHandlerAdviceCache - ControllerAdvice beans: 2 @ExceptionHandler, 1 ResponseBodyAdvice
2026-05-22 00:05:03.518 [main] INFO  o.s.b.w.e.tomcat.TomcatWebServer.start - Tomcat started on port 8080 (http) with context path ''
2026-05-22 00:05:03.525 [main] INFO  c.h.backend.HeleneBackendApplication.logStarted - Started HeleneBackendApplication in 5.136 seconds (process running for 5.622)
2026-05-22 00:05:03.575 [main] DEBUG org.hibernate.SQL.logStatement - select count(*) from categorias c1_0
2026-05-22 00:05:03.582 [main] DEBUG org.hibernate.SQL.logStatement - select count(*) from roles r1_0
2026-05-22 00:05:09.010 [http-nio-8080-exec-1] INFO  o.a.c.c.C.[Tomcat].[localhost].[/].log - Initializing Spring DispatcherServlet 'dispatcherServlet'
2026-05-22 00:05:09.010 [http-nio-8080-exec-1] INFO  o.s.web.servlet.DispatcherServlet.initServletBean - Initializing Servlet 'dispatcherServlet'
2026-05-22 00:05:09.011 [http-nio-8080-exec-1] DEBUG o.s.web.servlet.DispatcherServlet.initMultipartResolver - Detected StandardServletMultipartResolver
2026-05-22 00:05:09.011 [http-nio-8080-exec-1] DEBUG o.s.web.servlet.DispatcherServlet.initLocaleResolver - Detected AcceptHeaderLocaleResolver
2026-05-22 00:05:09.011 [http-nio-8080-exec-1] DEBUG o.s.web.servlet.DispatcherServlet.initThemeResolver - Detected FixedThemeResolver
2026-05-22 00:05:09.011 [http-nio-8080-exec-1] DEBUG o.s.web.servlet.DispatcherServlet.initRequestToViewNameTranslator - Detected org.springframework.web.servlet.view.DefaultRequestToViewNameTranslator@22448db4
2026-05-22 00:05:09.012 [http-nio-8080-exec-1] DEBUG o.s.web.servlet.DispatcherServlet.initFlashMapManager - Detected org.springframework.web.servlet.support.SessionFlashMapManager@28220b56
2026-05-22 00:05:09.012 [http-nio-8080-exec-1] DEBUG o.s.web.servlet.DispatcherServlet.initServletBean - enableLoggingRequestDetails='false': request parameters and headers will be masked to prevent unsafe logging of potentially sensitive data
2026-05-22 00:05:09.012 [http-nio-8080-exec-1] INFO  o.s.web.servlet.DispatcherServlet.initServletBean - Completed initialization in 2 ms
2026-05-22 00:05:09.064 [http-nio-8080-exec-1] DEBUG o.s.web.servlet.DispatcherServlet.traceDebug - GET "/api/pedidos/usuario/5", parameters={}
2026-05-22 00:05:09.067 [http-nio-8080-exec-1] DEBUG o.s.w.s.m.m.a.RequestMappingHandlerMapping.getHandler - Mapped to com.helene.backend.controller.PedidoController#listarPorUsuario(Long)
2026-05-22 00:05:09.077 [http-nio-8080-exec-1] INFO  c.h.b.controller.PedidoController.listarPorUsuario - Obteniendo pedidos del usuarioId=5
2026-05-22 00:05:09.102 [http-nio-8080-exec-1] DEBUG org.hibernate.SQL.logStatement - select p1_0.id,p1_0.coste_envio,p1_0.descuento_aplicado,p1_0.calle,p1_0.ciudad,p1_0.codigo_postal,p1_0.instrucciones_especiales,p1_0.nombre_completo,p1_0.numero,p1_0.pais,p1_0.piso,p1_0.provincia,p1_0.telefono,p1_0.estado,p1_0.fecha_creacion,p1_0.fecha_entrega,p1_0.metodo_pago,p1_0.notas,p1_0.numero_pedido,p1_0.paypal_payment_id,p1_0.subtotal,p1_0.total,p1_0.usuario_id from pedidos p1_0 left join usuarios u1_0 on u1_0.id=p1_0.usuario_id where u1_0.id=?
2026-05-22 00:05:09.131 [http-nio-8080-exec-1] DEBUG org.hibernate.SQL.logStatement - select u1_0.id,u1_0.email,u1_0.fecha_registro,u1_0.password,r1_0.usuario_id,r1_1.id,r1_1.nombre,u1_0.username from usuarios u1_0 left join usuarios_roles r1_0 on u1_0.id=r1_0.usuario_id left join roles r1_1 on r1_1.id=r1_0.rol_id where u1_0.id=?
2026-05-22 00:05:09.138 [http-nio-8080-exec-1] DEBUG org.hibernate.SQL.logStatement - select i1_0.pedido_id,i1_0.id,i1_0.cantidad,i1_0.descuento_aplicado,i1_0.imagen_producto,i1_0.nombre_producto,i1_0.precio_unitario,i1_0.producto_id,i1_0.subtotal from pedido_items i1_0 where i1_0.pedido_id=?
2026-05-22 00:05:09.141 [http-nio-8080-exec-1] DEBUG org.hibernate.SQL.logStatement - select i1_0.pedido_id,i1_0.id,i1_0.cantidad,i1_0.descuento_aplicado,i1_0.imagen_producto,i1_0.nombre_producto,i1_0.precio_unitario,i1_0.producto_id,i1_0.subtotal from pedido_items i1_0 where i1_0.pedido_id=?
2026-05-22 00:05:09.142 [http-nio-8080-exec-1] DEBUG org.hibernate.SQL.logStatement - select i1_0.pedido_id,i1_0.id,i1_0.cantidad,i1_0.descuento_aplicado,i1_0.imagen_producto,i1_0.nombre_producto,i1_0.precio_unitario,i1_0.producto_id,i1_0.subtotal from pedido_items i1_0 where i1_0.pedido_id=?
2026-05-22 00:05:09.144 [http-nio-8080-exec-1] DEBUG org.hibernate.SQL.logStatement - select p1_0.id,p1_0.categoria_id,c1_0.id,c1_0.nombre,p1_0.descripcion,p1_0.descuento,p1_0.imagen_url,p1_0.nombre,p1_0.precio_final,p1_0.precio_original from productos p1_0 join categorias c1_0 on c1_0.id=p1_0.categoria_id where p1_0.id=?
2026-05-22 00:05:09.144 [http-nio-8080-exec-1] DEBUG org.hibernate.SQL.logStatement - select i1_0.pedido_id,i1_0.id,i1_0.cantidad,i1_0.descuento_aplicado,i1_0.imagen_producto,i1_0.nombre_producto,i1_0.precio_unitario,i1_0.producto_id,i1_0.subtotal from pedido_items i1_0 where i1_0.pedido_id=?
2026-05-22 00:05:09.146 [http-nio-8080-exec-1] DEBUG org.hibernate.SQL.logStatement - select p1_0.id,p1_0.categoria_id,c1_0.id,c1_0.nombre,p1_0.descripcion,p1_0.descuento,p1_0.imagen_url,p1_0.nombre,p1_0.precio_final,p1_0.precio_original from productos p1_0 join categorias c1_0 on c1_0.id=p1_0.categoria_id where p1_0.id=?
2026-05-22 00:05:09.147 [http-nio-8080-exec-1] DEBUG org.hibernate.SQL.logStatement - select i1_0.pedido_id,i1_0.id,i1_0.cantidad,i1_0.descuento_aplicado,i1_0.imagen_producto,i1_0.nombre_producto,i1_0.precio_unitario,i1_0.producto_id,i1_0.subtotal from pedido_items i1_0 where i1_0.pedido_id=?
2026-05-22 00:05:09.148 [http-nio-8080-exec-1] DEBUG org.hibernate.SQL.logStatement - select i1_0.pedido_id,i1_0.id,i1_0.cantidad,i1_0.descuento_aplicado,i1_0.imagen_producto,i1_0.nombre_producto,i1_0.precio_unitario,i1_0.producto_id,i1_0.subtotal from pedido_items i1_0 where i1_0.pedido_id=?
2026-05-22 00:05:09.148 [http-nio-8080-exec-1] DEBUG org.hibernate.SQL.logStatement - select p1_0.id,p1_0.categoria_id,c1_0.id,c1_0.nombre,p1_0.descripcion,p1_0.descuento,p1_0.imagen_url,p1_0.nombre,p1_0.precio_final,p1_0.precio_original from productos p1_0 join categorias c1_0 on c1_0.id=p1_0.categoria_id where p1_0.id=?
2026-05-22 00:05:09.149 [http-nio-8080-exec-1] DEBUG org.hibernate.SQL.logStatement - select i1_0.pedido_id,i1_0.id,i1_0.cantidad,i1_0.descuento_aplicado,i1_0.imagen_producto,i1_0.nombre_producto,i1_0.precio_unitario,i1_0.producto_id,i1_0.subtotal from pedido_items i1_0 where i1_0.pedido_id=?
2026-05-22 00:05:09.150 [http-nio-8080-exec-1] DEBUG org.hibernate.SQL.logStatement - select i1_0.pedido_id,i1_0.id,i1_0.cantidad,i1_0.descuento_aplicado,i1_0.imagen_producto,i1_0.nombre_producto,i1_0.precio_unitario,i1_0.producto_id,i1_0.subtotal from pedido_items i1_0 where i1_0.pedido_id=?
2026-05-22 00:05:09.150 [http-nio-8080-exec-1] DEBUG org.hibernate.SQL.logStatement - select i1_0.pedido_id,i1_0.id,i1_0.cantidad,i1_0.descuento_aplicado,i1_0.imagen_producto,i1_0.nombre_producto,i1_0.precio_unitario,i1_0.producto_id,i1_0.subtotal from pedido_items i1_0 where i1_0.pedido_id=?
2026-05-22 00:05:09.152 [http-nio-8080-exec-1] DEBUG org.hibernate.SQL.logStatement - select i1_0.pedido_id,i1_0.id,i1_0.cantidad,i1_0.descuento_aplicado,i1_0.imagen_producto,i1_0.nombre_producto,i1_0.precio_unitario,i1_0.producto_id,i1_0.subtotal from pedido_items i1_0 where i1_0.pedido_id=?
2026-05-22 00:05:09.153 [http-nio-8080-exec-1] DEBUG org.hibernate.SQL.logStatement - select p1_0.id,p1_0.categoria_id,c1_0.id,c1_0.nombre,p1_0.descripcion,p1_0.descuento,p1_0.imagen_url,p1_0.nombre,p1_0.precio_final,p1_0.precio_original from productos p1_0 join categorias c1_0 on c1_0.id=p1_0.categoria_id where p1_0.id=?
2026-05-22 00:05:09.154 [http-nio-8080-exec-1] DEBUG org.hibernate.SQL.logStatement - select i1_0.pedido_id,i1_0.id,i1_0.cantidad,i1_0.descuento_aplicado,i1_0.imagen_producto,i1_0.nombre_producto,i1_0.precio_unitario,i1_0.producto_id,i1_0.subtotal from pedido_items i1_0 where i1_0.pedido_id=?
2026-05-22 00:05:09.154 [http-nio-8080-exec-1] DEBUG org.hibernate.SQL.logStatement - select i1_0.pedido_id,i1_0.id,i1_0.cantidad,i1_0.descuento_aplicado,i1_0.imagen_producto,i1_0.nombre_producto,i1_0.precio_unitario,i1_0.producto_id,i1_0.subtotal from pedido_items i1_0 where i1_0.pedido_id=?
2026-05-22 00:05:09.154 [http-nio-8080-exec-1] INFO  c.h.b.controller.PedidoController.listarPorUsuario - Se devuelven 12 pedidos para usuarioId=5
2026-05-22 00:05:09.161 [http-nio-8080-exec-1] DEBUG o.s.w.s.m.m.a.HttpEntityMethodProcessor.writeWithMessageConverters - Using 'application/json', given [*/*] and supported [application/json, application/*+json]
2026-05-22 00:05:09.167 [http-nio-8080-exec-1] DEBUG o.s.w.s.m.m.a.HttpEntityMethodProcessor.traceDebug - Writing [[PedidoDTO(id=39, numeroPedido=HEL-2026-40366, fechaCreacion=2026-05-19T15:39:00.371511, fechaEntreg (truncated)...]
2026-05-22 00:05:09.184 [http-nio-8080-exec-1] DEBUG o.s.web.servlet.DispatcherServlet.logResult - Completed 200 OK
2026-05-22 00:05:12.856 [http-nio-8080-exec-2] ERROR c.h.backend.security.JwtEntryPoint.commence - Unauthorized error: Full authentication is required to access this resource
2026-05-22 00:05:13.837 [http-nio-8080-exec-5] ERROR c.h.backend.security.JwtEntryPoint.commence - Unauthorized error: Full authentication is required to access this resource
2026-05-22 00:05:13.871 [http-nio-8080-exec-6] ERROR c.h.backend.security.JwtEntryPoint.commence - Unauthorized error: Full authentication is required to access this resource
2026-05-22 00:05:22.198 [http-nio-8080-exec-3] ERROR c.h.backend.security.JwtEntryPoint.commence - Unauthorized error: Full authentication is required to access this resource
2026-05-22 00:05:23.327 [http-nio-8080-exec-4] ERROR c.h.backend.security.JwtEntryPoint.commence - Unauthorized error: Full authentication is required to access this resource
2026-05-22 00:05:23.358 [http-nio-8080-exec-7] ERROR c.h.backend.security.JwtEntryPoint.commence - Unauthorized error: Full authentication is required to access this resource
2026-05-22 00:06:43.954 [SpringApplicationShutdownHook] INFO  o.s.o.j.LocalContainerEntityManagerFactoryBean.destroy - Closing JPA EntityManagerFactory for persistence unit 'default'
2026-05-22 00:06:43.955 [SpringApplicationShutdownHook] INFO  com.zaxxer.hikari.HikariDataSource.close - HikariPool-1 - Shutdown initiated...
2026-05-22 00:06:43.959 [SpringApplicationShutdownHook] INFO  com.zaxxer.hikari.HikariDataSource.close - HikariPool-1 - Shutdown completed.
2026-05-22 00:06:53.606 [main] INFO  c.h.backend.HeleneBackendApplication.logStarting - Starting HeleneBackendApplication using Java 21.0.7 with PID 14644 (C:\Users\celia\Desktop\Helene\target\classes started by celia in C:\Users\celia\Desktop\Helene)
2026-05-22 00:06:53.607 [main] INFO  c.h.backend.HeleneBackendApplication.logStartupProfileInfo - No active profile set, falling back to 1 default profile: "default"
2026-05-22 00:06:54.191 [main] INFO  o.s.d.r.c.RepositoryConfigurationDelegate.registerRepositoriesIn - Bootstrapping Spring Data JPA repositories in DEFAULT mode.
2026-05-22 00:06:54.312 [main] INFO  o.s.d.r.c.RepositoryConfigurationDelegate.registerRepositoriesIn - Finished Spring Data repository scanning in 116 ms. Found 7 JPA repository interfaces.
2026-05-22 00:06:54.730 [main] INFO  o.s.b.w.e.tomcat.TomcatWebServer.initialize - Tomcat initialized with port 8080 (http)
2026-05-22 00:06:54.739 [main] INFO  o.a.catalina.core.StandardService.log - Starting service [Tomcat]
2026-05-22 00:06:54.740 [main] INFO  o.a.catalina.core.StandardEngine.log - Starting Servlet engine: [Apache Tomcat/10.1.17]
2026-05-22 00:06:54.808 [main] INFO  o.a.c.c.C.[Tomcat].[localhost].[/].log - Initializing Spring embedded WebApplicationContext
2026-05-22 00:06:54.808 [main] INFO  o.s.b.w.s.c.ServletWebServerApplicationContext.prepareWebApplicationContext - Root WebApplicationContext: initialization completed in 1173 ms
2026-05-22 00:06:54.996 [main] INFO  com.zaxxer.hikari.HikariDataSource.getConnection - HikariPool-1 - Starting...
2026-05-22 00:06:55.109 [main] INFO  com.zaxxer.hikari.pool.HikariPool.checkFailFast - HikariPool-1 - Added connection com.mysql.cj.jdbc.ConnectionImpl@1a7d0c9f
2026-05-22 00:06:55.112 [main] INFO  com.zaxxer.hikari.HikariDataSource.getConnection - HikariPool-1 - Start completed.
2026-05-22 00:06:55.147 [main] INFO  org.flywaydb.core.FlywayExecutor.info - Database: jdbc:mysql://localhost:3306/helene_db?createDatabaseIfNotExist=true&useSSL=false&serverTimezone=UTC (MySQL 8.0)
2026-05-22 00:06:55.185 [main] INFO  o.f.core.internal.command.DbValidate.info - Successfully validated 2 migrations (execution time 00:00.020s)
2026-05-22 00:06:55.195 [main] INFO  o.f.core.internal.command.DbMigrate.info - Current version of schema `helene_db`: 1
2026-05-22 00:06:55.198 [main] INFO  o.f.core.internal.command.DbMigrate.info - Schema `helene_db` is up to date. No migration necessary.
2026-05-22 00:06:55.221 [main] INFO  o.f.core.internal.command.DbValidate.info - Successfully validated 2 migrations (execution time 00:00.004s)
2026-05-22 00:06:55.228 [main] INFO  o.f.core.internal.command.DbMigrate.info - Current version of schema `helene_db`: 1
2026-05-22 00:06:55.228 [main] INFO  o.f.core.internal.command.DbMigrate.info - Schema `helene_db` is up to date. No migration necessary.
2026-05-22 00:06:55.288 [main] INFO  o.h.jpa.internal.util.LogHelper.logPersistenceUnitInformation - HHH000204: Processing PersistenceUnitInfo [name: default]
2026-05-22 00:06:55.339 [main] INFO  org.hibernate.Version.logVersion - HHH000412: Hibernate ORM core version 6.4.1.Final
2026-05-22 00:06:55.365 [main] INFO  o.h.c.i.RegionFactoryInitiator.initiateService - HHH000026: Second-level cache disabled
2026-05-22 00:06:55.547 [main] INFO  o.s.o.j.p.SpringPersistenceUnitInfo.addTransformer - No LoadTimeWeaver setup: ignoring JPA class transformer
2026-05-22 00:06:55.588 [main] WARN  org.hibernate.orm.deprecation.constructDialect - HHH90000025: MySQL8Dialect does not need to be specified explicitly using 'hibernate.dialect' (remove the property setting and it will be selected by default)
2026-05-22 00:06:55.589 [main] WARN  org.hibernate.orm.deprecation.logSelectedDialect - HHH90000026: MySQL8Dialect has been deprecated; use org.hibernate.dialect.MySQLDialect instead
2026-05-22 00:06:55.604 [main] DEBUG o.h.t.d.sql.spi.DdlTypeRegistry.addDescriptor - addDescriptor(12, org.hibernate.type.descriptor.sql.internal.CapacityDependentDdlType@575c23f1) replaced previous registration(org.hibernate.type.descriptor.sql.internal.CapacityDependentDdlType@62f7d7bd)
2026-05-22 00:06:55.604 [main] DEBUG o.h.t.d.sql.spi.DdlTypeRegistry.addDescriptor - addDescriptor(-9, org.hibernate.type.descriptor.sql.internal.CapacityDependentDdlType@de63949) replaced previous registration(org.hibernate.type.descriptor.sql.internal.CapacityDependentDdlType@5c5c784c)
2026-05-22 00:06:55.604 [main] DEBUG o.h.t.d.sql.spi.DdlTypeRegistry.addDescriptor - addDescriptor(-3, org.hibernate.type.descriptor.sql.internal.CapacityDependentDdlType@6a299b9d) replaced previous registration(org.hibernate.type.descriptor.sql.internal.CapacityDependentDdlType@363fe35a)
2026-05-22 00:06:55.604 [main] DEBUG o.h.t.d.sql.spi.DdlTypeRegistry.addDescriptor - addDescriptor(4003, org.hibernate.type.descriptor.sql.internal.DdlTypeImpl@a2fb8a5) replaced previous registration(org.hibernate.type.descriptor.sql.internal.DdlTypeImpl@350e3fb4)
2026-05-22 00:06:55.604 [main] DEBUG o.h.t.d.sql.spi.DdlTypeRegistry.addDescriptor - addDescriptor(4001, org.hibernate.type.descriptor.sql.internal.DdlTypeImpl@13ddaffb) replaced previous registration(org.hibernate.type.descriptor.sql.internal.DdlTypeImpl@5a31abe9)
2026-05-22 00:06:55.604 [main] DEBUG o.h.t.d.sql.spi.DdlTypeRegistry.addDescriptor - addDescriptor(4002, org.hibernate.type.descriptor.sql.internal.DdlTypeImpl@2dacda9a) replaced previous registration(org.hibernate.type.descriptor.sql.internal.DdlTypeImpl@699bb304)
2026-05-22 00:06:55.604 [main] DEBUG o.h.t.d.sql.spi.DdlTypeRegistry.addDescriptor - addDescriptor(2004, org.hibernate.type.descriptor.sql.internal.CapacityDependentDdlType@17477bbb) replaced previous registration(org.hibernate.type.descriptor.sql.internal.DdlTypeImpl@40fee459)
2026-05-22 00:06:55.605 [main] DEBUG o.h.t.d.sql.spi.DdlTypeRegistry.addDescriptor - addDescriptor(2005, org.hibernate.type.descriptor.sql.internal.CapacityDependentDdlType@bcd9ed6) replaced previous registration(org.hibernate.type.descriptor.sql.internal.DdlTypeImpl@3ffa0f38)
2026-05-22 00:06:55.605 [main] DEBUG o.h.t.d.sql.spi.DdlTypeRegistry.addDescriptor - addDescriptor(2011, org.hibernate.type.descriptor.sql.internal.CapacityDependentDdlType@13cc31df) replaced previous registration(org.hibernate.type.descriptor.sql.internal.DdlTypeImpl@24a7d3d3)
2026-05-22 00:06:56.342 [main] INFO  o.h.e.t.j.p.i.JtaPlatformInitiator.initiateService - HHH000489: No JTA platform available (set 'hibernate.transaction.jta.platform' to enable JTA platform integration)
2026-05-22 00:06:56.407 [main] INFO  o.s.o.j.LocalContainerEntityManagerFactoryBean.buildNativeEntityManagerFactory - Initialized JPA EntityManagerFactory for persistence unit 'default'
2026-05-22 00:06:56.693 [main] INFO  o.s.d.j.r.query.QueryEnhancerFactory.<clinit> - Hibernate is in classpath; If applicable, HQL parser will be used.
2026-05-22 00:06:58.051 [main] WARN  o.s.b.a.o.j.JpaBaseConfiguration$JpaWebConfiguration.openEntityManagerInViewInterceptor - spring.jpa.open-in-view is enabled by default. Therefore, database queries may be performed during view rendering. Explicitly configure spring.jpa.open-in-view to disable this warning
2026-05-22 00:06:58.074 [main] WARN  o.s.b.a.s.s.UserDetailsServiceAutoConfiguration.getOrDeducePassword - 

Using generated security password: 9833de40-71a5-4d88-8fec-9d70f7d131da

This generated password is for development use only. Your security configuration must be updated before running your application in production.

2026-05-22 00:06:58.195 [main] DEBUG o.s.w.s.m.m.a.RequestMappingHandlerMapping.handlerMethodsInitialized - 49 mappings in 'requestMappingHandlerMapping'
2026-05-22 00:06:58.258 [main] DEBUG o.s.w.s.h.SimpleUrlHandlerMapping.logMappings - Patterns [/webjars/**, /**, /swagger-ui*/*swagger-initializer.js, /swagger-ui*/**] in 'resourceHandlerMapping'
2026-05-22 00:06:58.282 [main] INFO  o.s.s.web.DefaultSecurityFilterChain.<init> - Will secure any request with [org.springframework.security.web.session.DisableEncodeUrlFilter@469f8de2, org.springframework.security.web.context.request.async.WebAsyncManagerIntegrationFilter@14f13587, org.springframework.security.web.context.SecurityContextHolderFilter@4d34baec, org.springframework.security.web.header.HeaderWriterFilter@387f53cf, org.springframework.web.filter.CorsFilter@24af33a1, org.springframework.security.web.authentication.logout.LogoutFilter@39008911, com.helene.backend.security.JwtAuthenticationFilter@6befbb12, org.springframework.security.web.savedrequest.RequestCacheAwareFilter@776a3e76, org.springframework.security.web.servletapi.SecurityContextHolderAwareRequestFilter@78a5c127, org.springframework.security.web.authentication.AnonymousAuthenticationFilter@2ad51ba4, org.springframework.security.web.access.ExceptionTranslationFilter@51729c2b, org.springframework.security.web.access.intercept.AuthorizationFilter@38dd5c3a]
2026-05-22 00:06:58.336 [main] DEBUG o.s.w.s.m.m.a.RequestMappingHandlerAdapter.initControllerAdviceCache - ControllerAdvice beans: 0 @ModelAttribute, 0 @InitBinder, 1 RequestBodyAdvice, 1 ResponseBodyAdvice
2026-05-22 00:06:58.366 [main] DEBUG o.s.w.s.m.m.a.ExceptionHandlerExceptionResolver.initExceptionHandlerAdviceCache - ControllerAdvice beans: 2 @ExceptionHandler, 1 ResponseBodyAdvice
2026-05-22 00:06:58.572 [main] INFO  o.s.b.w.e.tomcat.TomcatWebServer.start - Tomcat started on port 8080 (http) with context path ''
2026-05-22 00:06:58.580 [main] INFO  c.h.backend.HeleneBackendApplication.logStarted - Started HeleneBackendApplication in 5.342 seconds (process running for 5.824)
2026-05-22 00:06:58.635 [main] DEBUG org.hibernate.SQL.logStatement - select count(*) from roles r1_0
2026-05-22 00:06:58.643 [main] DEBUG org.hibernate.SQL.logStatement - select count(*) from categorias c1_0
2026-05-22 00:07:23.897 [http-nio-8080-exec-1] INFO  o.a.c.c.C.[Tomcat].[localhost].[/].log - Initializing Spring DispatcherServlet 'dispatcherServlet'
2026-05-22 00:07:23.897 [http-nio-8080-exec-1] INFO  o.s.web.servlet.DispatcherServlet.initServletBean - Initializing Servlet 'dispatcherServlet'
2026-05-22 00:07:23.897 [http-nio-8080-exec-1] DEBUG o.s.web.servlet.DispatcherServlet.initMultipartResolver - Detected StandardServletMultipartResolver
2026-05-22 00:07:23.897 [http-nio-8080-exec-1] DEBUG o.s.web.servlet.DispatcherServlet.initLocaleResolver - Detected AcceptHeaderLocaleResolver
2026-05-22 00:07:23.897 [http-nio-8080-exec-1] DEBUG o.s.web.servlet.DispatcherServlet.initThemeResolver - Detected FixedThemeResolver
2026-05-22 00:07:23.898 [http-nio-8080-exec-1] DEBUG o.s.web.servlet.DispatcherServlet.initRequestToViewNameTranslator - Detected org.springframework.web.servlet.view.DefaultRequestToViewNameTranslator@22448db4
2026-05-22 00:07:23.898 [http-nio-8080-exec-1] DEBUG o.s.web.servlet.DispatcherServlet.initFlashMapManager - Detected org.springframework.web.servlet.support.SessionFlashMapManager@4d62b6da
2026-05-22 00:07:23.898 [http-nio-8080-exec-1] DEBUG o.s.web.servlet.DispatcherServlet.initServletBean - enableLoggingRequestDetails='false': request parameters and headers will be masked to prevent unsafe logging of potentially sensitive data
2026-05-22 00:07:23.899 [http-nio-8080-exec-1] INFO  o.s.web.servlet.DispatcherServlet.initServletBean - Completed initialization in 2 ms
2026-05-22 00:07:23.948 [http-nio-8080-exec-1] ERROR c.h.backend.security.JwtEntryPoint.commence - Unauthorized error: Full authentication is required to access this resource
2026-05-22 00:07:26.651 [http-nio-8080-exec-2] ERROR c.h.backend.security.JwtEntryPoint.commence - Unauthorized error: Full authentication is required to access this resource
2026-05-22 00:07:26.667 [http-nio-8080-exec-3] ERROR c.h.backend.security.JwtEntryPoint.commence - Unauthorized error: Full authentication is required to access this resource
2026-05-22 00:07:28.884 [http-nio-8080-exec-4] ERROR c.h.backend.security.JwtEntryPoint.commence - Unauthorized error: Full authentication is required to access this resource
2026-05-22 00:07:30.896 [http-nio-8080-exec-9] ERROR c.h.backend.security.JwtEntryPoint.commence - Unauthorized error: Full authentication is required to access this resource
2026-05-22 00:07:30.912 [http-nio-8080-exec-7] DEBUG o.s.web.servlet.DispatcherServlet.traceDebug - GET "/api/productos/categoria/1", parameters={}
2026-05-22 00:07:30.913 [http-nio-8080-exec-7] DEBUG o.s.w.s.m.m.a.RequestMappingHandlerMapping.getHandler - Mapped to com.helene.backend.controller.ProductoController#listarPorCategoria(Long)
2026-05-22 00:07:30.924 [http-nio-8080-exec-7] INFO  c.h.b.controller.ProductoController.listarPorCategoria - Listando productos de la categoría id=1
2026-05-22 00:07:30.946 [http-nio-8080-exec-7] DEBUG org.hibernate.SQL.logStatement - select p1_0.id,p1_0.categoria_id,p1_0.descripcion,p1_0.descuento,p1_0.imagen_url,p1_0.nombre,p1_0.precio_final,p1_0.precio_original from productos p1_0 left join categorias c1_0 on c1_0.id=p1_0.categoria_id where c1_0.id=?
2026-05-22 00:07:30.957 [http-nio-8080-exec-7] DEBUG org.hibernate.SQL.logStatement - select c1_0.id,c1_0.nombre from categorias c1_0 where c1_0.id=?
2026-05-22 00:07:30.967 [http-nio-8080-exec-7] INFO  c.h.b.controller.ProductoController.listarPorCategoria - Se devuelven 2 productos para categoría id=1
2026-05-22 00:07:30.973 [http-nio-8080-exec-7] DEBUG o.s.w.s.m.m.a.RequestResponseBodyMethodProcessor.writeWithMessageConverters - Using 'application/json', given [*/*] and supported [application/json, application/*+json]
2026-05-22 00:07:30.975 [http-nio-8080-exec-7] DEBUG o.s.w.s.m.m.a.RequestResponseBodyMethodProcessor.traceDebug - Writing [[ProductoDTO(id=2, nombre=Agua micelar, precioOriginal=29.99, precioFinal=29.99, descuento=0, descri (truncated)...]
2026-05-22 00:07:30.985 [http-nio-8080-exec-7] DEBUG o.s.web.servlet.DispatcherServlet.logResult - Completed 200 OK
2026-05-22 00:07:31.002 [http-nio-8080-exec-8] ERROR c.h.backend.security.JwtEntryPoint.commence - Unauthorized error: Full authentication is required to access this resource
2026-05-22 00:07:34.490 [http-nio-8080-exec-5] ERROR c.h.backend.security.JwtEntryPoint.commence - Unauthorized error: Full authentication is required to access this resource
2026-05-22 00:07:36.278 [http-nio-8080-exec-6] ERROR c.h.backend.security.JwtEntryPoint.commence - Unauthorized error: Full authentication is required to access this resource
2026-05-22 00:08:07.830 [SpringApplicationShutdownHook] INFO  o.s.o.j.LocalContainerEntityManagerFactoryBean.destroy - Closing JPA EntityManagerFactory for persistence unit 'default'
2026-05-22 00:08:07.832 [SpringApplicationShutdownHook] INFO  com.zaxxer.hikari.HikariDataSource.close - HikariPool-1 - Shutdown initiated...
2026-05-22 00:08:07.837 [SpringApplicationShutdownHook] INFO  com.zaxxer.hikari.HikariDataSource.close - HikariPool-1 - Shutdown completed.
2026-05-22 00:08:11.987 [main] INFO  c.h.backend.HeleneBackendApplication.logStarting - Starting HeleneBackendApplication using Java 21.0.7 with PID 25304 (C:\Users\celia\Desktop\Helene\target\classes started by celia in C:\Users\celia\Desktop\Helene)
2026-05-22 00:08:11.989 [main] INFO  c.h.backend.HeleneBackendApplication.logStartupProfileInfo - No active profile set, falling back to 1 default profile: "default"
2026-05-22 00:08:12.572 [main] INFO  o.s.d.r.c.RepositoryConfigurationDelegate.registerRepositoriesIn - Bootstrapping Spring Data JPA repositories in DEFAULT mode.
2026-05-22 00:08:12.692 [main] INFO  o.s.d.r.c.RepositoryConfigurationDelegate.registerRepositoriesIn - Finished Spring Data repository scanning in 114 ms. Found 7 JPA repository interfaces.
2026-05-22 00:08:13.091 [main] INFO  o.s.b.w.e.tomcat.TomcatWebServer.initialize - Tomcat initialized with port 8080 (http)
2026-05-22 00:08:13.099 [main] INFO  o.a.catalina.core.StandardService.log - Starting service [Tomcat]
2026-05-22 00:08:13.099 [main] INFO  o.a.catalina.core.StandardEngine.log - Starting Servlet engine: [Apache Tomcat/10.1.17]
2026-05-22 00:08:13.161 [main] INFO  o.a.c.c.C.[Tomcat].[localhost].[/].log - Initializing Spring embedded WebApplicationContext
2026-05-22 00:08:13.161 [main] INFO  o.s.b.w.s.c.ServletWebServerApplicationContext.prepareWebApplicationContext - Root WebApplicationContext: initialization completed in 1144 ms
2026-05-22 00:08:13.348 [main] INFO  com.zaxxer.hikari.HikariDataSource.getConnection - HikariPool-1 - Starting...
2026-05-22 00:08:13.460 [main] INFO  com.zaxxer.hikari.pool.HikariPool.checkFailFast - HikariPool-1 - Added connection com.mysql.cj.jdbc.ConnectionImpl@344f9467
2026-05-22 00:08:13.461 [main] INFO  com.zaxxer.hikari.HikariDataSource.getConnection - HikariPool-1 - Start completed.
2026-05-22 00:08:13.495 [main] INFO  org.flywaydb.core.FlywayExecutor.info - Database: jdbc:mysql://localhost:3306/helene_db?createDatabaseIfNotExist=true&useSSL=false&serverTimezone=UTC (MySQL 8.0)
2026-05-22 00:08:13.533 [main] INFO  o.f.core.internal.command.DbValidate.info - Successfully validated 2 migrations (execution time 00:00.019s)
2026-05-22 00:08:13.544 [main] INFO  o.f.core.internal.command.DbMigrate.info - Current version of schema `helene_db`: 1
2026-05-22 00:08:13.546 [main] INFO  o.f.core.internal.command.DbMigrate.info - Schema `helene_db` is up to date. No migration necessary.
2026-05-22 00:08:13.570 [main] INFO  o.f.core.internal.command.DbValidate.info - Successfully validated 2 migrations (execution time 00:00.004s)
2026-05-22 00:08:13.577 [main] INFO  o.f.core.internal.command.DbMigrate.info - Current version of schema `helene_db`: 1
2026-05-22 00:08:13.578 [main] INFO  o.f.core.internal.command.DbMigrate.info - Schema `helene_db` is up to date. No migration necessary.
2026-05-22 00:08:13.640 [main] INFO  o.h.jpa.internal.util.LogHelper.logPersistenceUnitInformation - HHH000204: Processing PersistenceUnitInfo [name: default]
2026-05-22 00:08:13.688 [main] INFO  org.hibernate.Version.logVersion - HHH000412: Hibernate ORM core version 6.4.1.Final
2026-05-22 00:08:13.715 [main] INFO  o.h.c.i.RegionFactoryInitiator.initiateService - HHH000026: Second-level cache disabled
2026-05-22 00:08:13.895 [main] INFO  o.s.o.j.p.SpringPersistenceUnitInfo.addTransformer - No LoadTimeWeaver setup: ignoring JPA class transformer
2026-05-22 00:08:13.933 [main] WARN  org.hibernate.orm.deprecation.constructDialect - HHH90000025: MySQL8Dialect does not need to be specified explicitly using 'hibernate.dialect' (remove the property setting and it will be selected by default)
2026-05-22 00:08:13.933 [main] WARN  org.hibernate.orm.deprecation.logSelectedDialect - HHH90000026: MySQL8Dialect has been deprecated; use org.hibernate.dialect.MySQLDialect instead
2026-05-22 00:08:13.948 [main] DEBUG o.h.t.d.sql.spi.DdlTypeRegistry.addDescriptor - addDescriptor(12, org.hibernate.type.descriptor.sql.internal.CapacityDependentDdlType@17477bbb) replaced previous registration(org.hibernate.type.descriptor.sql.internal.CapacityDependentDdlType@40fee459)
2026-05-22 00:08:13.949 [main] DEBUG o.h.t.d.sql.spi.DdlTypeRegistry.addDescriptor - addDescriptor(-9, org.hibernate.type.descriptor.sql.internal.CapacityDependentDdlType@bcd9ed6) replaced previous registration(org.hibernate.type.descriptor.sql.internal.CapacityDependentDdlType@3ffa0f38)
2026-05-22 00:08:13.949 [main] DEBUG o.h.t.d.sql.spi.DdlTypeRegistry.addDescriptor - addDescriptor(-3, org.hibernate.type.descriptor.sql.internal.CapacityDependentDdlType@13cc31df) replaced previous registration(org.hibernate.type.descriptor.sql.internal.CapacityDependentDdlType@24a7d3d3)
2026-05-22 00:08:13.949 [main] DEBUG o.h.t.d.sql.spi.DdlTypeRegistry.addDescriptor - addDescriptor(4003, org.hibernate.type.descriptor.sql.internal.DdlTypeImpl@43fbc2bf) replaced previous registration(org.hibernate.type.descriptor.sql.internal.DdlTypeImpl@2c978637)
2026-05-22 00:08:13.949 [main] DEBUG o.h.t.d.sql.spi.DdlTypeRegistry.addDescriptor - addDescriptor(4001, org.hibernate.type.descriptor.sql.internal.DdlTypeImpl@5e2718b3) replaced previous registration(org.hibernate.type.descriptor.sql.internal.DdlTypeImpl@440461ef)
2026-05-22 00:08:13.949 [main] DEBUG o.h.t.d.sql.spi.DdlTypeRegistry.addDescriptor - addDescriptor(4002, org.hibernate.type.descriptor.sql.internal.DdlTypeImpl@5977bdea) replaced previous registration(org.hibernate.type.descriptor.sql.internal.DdlTypeImpl@49c13ecd)
2026-05-22 00:08:13.949 [main] DEBUG o.h.t.d.sql.spi.DdlTypeRegistry.addDescriptor - addDescriptor(2004, org.hibernate.type.descriptor.sql.internal.CapacityDependentDdlType@2f4545c6) replaced previous registration(org.hibernate.type.descriptor.sql.internal.DdlTypeImpl@482942d8)
2026-05-22 00:08:13.949 [main] DEBUG o.h.t.d.sql.spi.DdlTypeRegistry.addDescriptor - addDescriptor(2005, org.hibernate.type.descriptor.sql.internal.CapacityDependentDdlType@2cd52eda) replaced previous registration(org.hibernate.type.descriptor.sql.internal.DdlTypeImpl@6c225adb)
2026-05-22 00:08:13.949 [main] DEBUG o.h.t.d.sql.spi.DdlTypeRegistry.addDescriptor - addDescriptor(2011, org.hibernate.type.descriptor.sql.internal.CapacityDependentDdlType@69cc49ec) replaced previous registration(org.hibernate.type.descriptor.sql.internal.DdlTypeImpl@6b71e98f)
2026-05-22 00:08:14.731 [main] INFO  o.h.e.t.j.p.i.JtaPlatformInitiator.initiateService - HHH000489: No JTA platform available (set 'hibernate.transaction.jta.platform' to enable JTA platform integration)
2026-05-22 00:08:14.791 [main] INFO  o.s.o.j.LocalContainerEntityManagerFactoryBean.buildNativeEntityManagerFactory - Initialized JPA EntityManagerFactory for persistence unit 'default'
2026-05-22 00:08:15.069 [main] INFO  o.s.d.j.r.query.QueryEnhancerFactory.<clinit> - Hibernate is in classpath; If applicable, HQL parser will be used.
2026-05-22 00:08:16.386 [main] WARN  o.s.b.a.o.j.JpaBaseConfiguration$JpaWebConfiguration.openEntityManagerInViewInterceptor - spring.jpa.open-in-view is enabled by default. Therefore, database queries may be performed during view rendering. Explicitly configure spring.jpa.open-in-view to disable this warning
2026-05-22 00:08:16.411 [main] WARN  o.s.b.a.s.s.UserDetailsServiceAutoConfiguration.getOrDeducePassword - 

Using generated security password: 8465e9eb-dce2-4b52-9d37-81cf7cd7eeeb

This generated password is for development use only. Your security configuration must be updated before running your application in production.

2026-05-22 00:08:16.521 [main] DEBUG o.s.w.s.m.m.a.RequestMappingHandlerMapping.handlerMethodsInitialized - 49 mappings in 'requestMappingHandlerMapping'
2026-05-22 00:08:16.572 [main] DEBUG o.s.w.s.h.SimpleUrlHandlerMapping.logMappings - Patterns [/webjars/**, /**, /swagger-ui*/*swagger-initializer.js, /swagger-ui*/**] in 'resourceHandlerMapping'
2026-05-22 00:08:16.591 [main] INFO  o.s.s.web.DefaultSecurityFilterChain.<init> - Will secure any request with [org.springframework.security.web.session.DisableEncodeUrlFilter@523a10a0, org.springframework.security.web.context.request.async.WebAsyncManagerIntegrationFilter@3952621d, org.springframework.security.web.context.SecurityContextHolderFilter@54856056, org.springframework.security.web.header.HeaderWriterFilter@102ee705, org.springframework.web.filter.CorsFilter@4d7143de, org.springframework.security.web.authentication.logout.LogoutFilter@53365a58, com.helene.backend.security.JwtAuthenticationFilter@4e48462d, org.springframework.security.web.savedrequest.RequestCacheAwareFilter@16a45e5b, org.springframework.security.web.servletapi.SecurityContextHolderAwareRequestFilter@6d0e90d5, org.springframework.security.web.authentication.AnonymousAuthenticationFilter@1c595228, org.springframework.security.web.access.ExceptionTranslationFilter@776a3e76, org.springframework.security.web.access.intercept.AuthorizationFilter@109f7381]
2026-05-22 00:08:16.642 [main] DEBUG o.s.w.s.m.m.a.RequestMappingHandlerAdapter.initControllerAdviceCache - ControllerAdvice beans: 0 @ModelAttribute, 0 @InitBinder, 1 RequestBodyAdvice, 1 ResponseBodyAdvice
2026-05-22 00:08:16.673 [main] DEBUG o.s.w.s.m.m.a.ExceptionHandlerExceptionResolver.initExceptionHandlerAdviceCache - ControllerAdvice beans: 2 @ExceptionHandler, 1 ResponseBodyAdvice
2026-05-22 00:08:16.851 [main] INFO  o.s.b.w.e.tomcat.TomcatWebServer.start - Tomcat started on port 8080 (http) with context path ''
2026-05-22 00:08:16.858 [main] INFO  c.h.backend.HeleneBackendApplication.logStarted - Started HeleneBackendApplication in 5.234 seconds (process running for 5.721)
2026-05-22 00:08:16.907 [main] DEBUG org.hibernate.SQL.logStatement - select count(*) from roles r1_0
2026-05-22 00:08:16.914 [main] DEBUG org.hibernate.SQL.logStatement - select count(*) from categorias c1_0
2026-05-22 00:08:16.939 [http-nio-8080-exec-1] INFO  o.a.c.c.C.[Tomcat].[localhost].[/].log - Initializing Spring DispatcherServlet 'dispatcherServlet'
2026-05-22 00:08:16.940 [http-nio-8080-exec-1] INFO  o.s.web.servlet.DispatcherServlet.initServletBean - Initializing Servlet 'dispatcherServlet'
2026-05-22 00:08:16.940 [http-nio-8080-exec-1] DEBUG o.s.web.servlet.DispatcherServlet.initMultipartResolver - Detected StandardServletMultipartResolver
2026-05-22 00:08:16.940 [http-nio-8080-exec-1] DEBUG o.s.web.servlet.DispatcherServlet.initLocaleResolver - Detected AcceptHeaderLocaleResolver
2026-05-22 00:08:16.940 [http-nio-8080-exec-1] DEBUG o.s.web.servlet.DispatcherServlet.initThemeResolver - Detected FixedThemeResolver
2026-05-22 00:08:16.941 [http-nio-8080-exec-1] DEBUG o.s.web.servlet.DispatcherServlet.initRequestToViewNameTranslator - Detected org.springframework.web.servlet.view.DefaultRequestToViewNameTranslator@22448db4
2026-05-22 00:08:16.941 [http-nio-8080-exec-1] DEBUG o.s.web.servlet.DispatcherServlet.initFlashMapManager - Detected org.springframework.web.servlet.support.SessionFlashMapManager@28220b56
2026-05-22 00:08:16.941 [http-nio-8080-exec-1] DEBUG o.s.web.servlet.DispatcherServlet.initServletBean - enableLoggingRequestDetails='false': request parameters and headers will be masked to prevent unsafe logging of potentially sensitive data
2026-05-22 00:08:16.941 [http-nio-8080-exec-1] INFO  o.s.web.servlet.DispatcherServlet.initServletBean - Completed initialization in 1 ms
2026-05-22 00:08:16.990 [http-nio-8080-exec-1] ERROR c.h.backend.security.JwtEntryPoint.commence - Unauthorized error: Full authentication is required to access this resource
2026-05-22 00:08:20.326 [http-nio-8080-exec-2] ERROR c.h.backend.security.JwtEntryPoint.commence - Unauthorized error: Full authentication is required to access this resource
2026-05-22 00:08:20.365 [http-nio-8080-exec-3] ERROR c.h.backend.security.JwtEntryPoint.commence - Unauthorized error: Full authentication is required to access this resource
2026-05-22 00:08:32.278 [http-nio-8080-exec-4] ERROR c.h.backend.security.JwtEntryPoint.commence - Unauthorized error: Full authentication is required to access this resource
2026-05-22 00:08:38.036 [http-nio-8080-exec-5] ERROR c.h.backend.security.JwtEntryPoint.commence - Unauthorized error: Full authentication is required to access this resource
2026-05-22 00:08:38.052 [http-nio-8080-exec-6] DEBUG o.s.web.servlet.DispatcherServlet.traceDebug - GET "/api/productos/categoria/2", parameters={}
2026-05-22 00:08:38.053 [http-nio-8080-exec-6] DEBUG o.s.w.s.m.m.a.RequestMappingHandlerMapping.getHandler - Mapped to com.helene.backend.controller.ProductoController#listarPorCategoria(Long)
2026-05-22 00:08:38.064 [http-nio-8080-exec-6] INFO  c.h.b.controller.ProductoController.listarPorCategoria - Listando productos de la categoría id=2
2026-05-22 00:08:38.087 [http-nio-8080-exec-6] DEBUG org.hibernate.SQL.logStatement - select p1_0.id,p1_0.categoria_id,p1_0.descripcion,p1_0.descuento,p1_0.imagen_url,p1_0.nombre,p1_0.precio_final,p1_0.precio_original from productos p1_0 left join categorias c1_0 on c1_0.id=p1_0.categoria_id where c1_0.id=?
2026-05-22 00:08:38.093 [http-nio-8080-exec-6] DEBUG org.hibernate.SQL.logStatement - select c1_0.id,c1_0.nombre from categorias c1_0 where c1_0.id=?
2026-05-22 00:08:38.103 [http-nio-8080-exec-6] INFO  c.h.b.controller.ProductoController.listarPorCategoria - Se devuelven 1 productos para categoría id=2
2026-05-22 00:08:38.108 [http-nio-8080-exec-6] DEBUG o.s.w.s.m.m.a.RequestResponseBodyMethodProcessor.writeWithMessageConverters - Using 'application/json', given [*/*] and supported [application/json, application/*+json]
2026-05-22 00:08:38.110 [http-nio-8080-exec-6] DEBUG o.s.w.s.m.m.a.RequestResponseBodyMethodProcessor.traceDebug - Writing [[ProductoDTO(id=4, nombre=Crema reparadora capilar, precioOriginal=12.5, precioFinal=12.5, descuento (truncated)...]
2026-05-22 00:08:38.120 [http-nio-8080-exec-6] DEBUG o.s.web.servlet.DispatcherServlet.logResult - Completed 200 OK
2026-05-22 00:08:38.160 [http-nio-8080-exec-7] ERROR c.h.backend.security.JwtEntryPoint.commence - Unauthorized error: Full authentication is required to access this resource
2026-05-22 00:08:44.933 [http-nio-8080-exec-8] ERROR c.h.backend.security.JwtEntryPoint.commence - Unauthorized error: Full authentication is required to access this resource
2026-05-22 00:08:44.945 [http-nio-8080-exec-9] ERROR c.h.backend.security.JwtEntryPoint.commence - Unauthorized error: Full authentication is required to access this resource
2026-05-22 00:13:17.021 [SpringApplicationShutdownHook] INFO  o.s.o.j.LocalContainerEntityManagerFactoryBean.destroy - Closing JPA EntityManagerFactory for persistence unit 'default'
2026-05-22 00:13:17.023 [SpringApplicationShutdownHook] INFO  com.zaxxer.hikari.HikariDataSource.close - HikariPool-1 - Shutdown initiated...
2026-05-22 00:13:17.029 [SpringApplicationShutdownHook] INFO  com.zaxxer.hikari.HikariDataSource.close - HikariPool-1 - Shutdown completed.
2026-05-22 00:13:20.324 [main] INFO  c.h.backend.HeleneBackendApplication.logStarting - Starting HeleneBackendApplication using Java 21.0.7 with PID 15736 (C:\Users\celia\Desktop\Helene\target\classes started by celia in C:\Users\celia\Desktop\Helene)
2026-05-22 00:13:20.326 [main] INFO  c.h.backend.HeleneBackendApplication.logStartupProfileInfo - No active profile set, falling back to 1 default profile: "default"
2026-05-22 00:13:20.920 [main] INFO  o.s.d.r.c.RepositoryConfigurationDelegate.registerRepositoriesIn - Bootstrapping Spring Data JPA repositories in DEFAULT mode.
2026-05-22 00:13:21.041 [main] INFO  o.s.d.r.c.RepositoryConfigurationDelegate.registerRepositoriesIn - Finished Spring Data repository scanning in 114 ms. Found 7 JPA repository interfaces.
2026-05-22 00:13:21.438 [main] INFO  o.s.b.w.e.tomcat.TomcatWebServer.initialize - Tomcat initialized with port 8080 (http)
2026-05-22 00:13:21.447 [main] INFO  o.a.catalina.core.StandardService.log - Starting service [Tomcat]
2026-05-22 00:13:21.447 [main] INFO  o.a.catalina.core.StandardEngine.log - Starting Servlet engine: [Apache Tomcat/10.1.17]
2026-05-22 00:13:21.508 [main] INFO  o.a.c.c.C.[Tomcat].[localhost].[/].log - Initializing Spring embedded WebApplicationContext
2026-05-22 00:13:21.508 [main] INFO  o.s.b.w.s.c.ServletWebServerApplicationContext.prepareWebApplicationContext - Root WebApplicationContext: initialization completed in 1153 ms
2026-05-22 00:13:21.690 [main] INFO  com.zaxxer.hikari.HikariDataSource.getConnection - HikariPool-1 - Starting...
2026-05-22 00:13:21.800 [main] INFO  com.zaxxer.hikari.pool.HikariPool.checkFailFast - HikariPool-1 - Added connection com.mysql.cj.jdbc.ConnectionImpl@344f9467
2026-05-22 00:13:21.802 [main] INFO  com.zaxxer.hikari.HikariDataSource.getConnection - HikariPool-1 - Start completed.
2026-05-22 00:13:21.835 [main] INFO  org.flywaydb.core.FlywayExecutor.info - Database: jdbc:mysql://localhost:3306/helene_db?createDatabaseIfNotExist=true&useSSL=false&serverTimezone=UTC (MySQL 8.0)
2026-05-22 00:13:21.872 [main] INFO  o.f.core.internal.command.DbValidate.info - Successfully validated 2 migrations (execution time 00:00.019s)
2026-05-22 00:13:21.881 [main] INFO  o.f.core.internal.command.DbMigrate.info - Current version of schema `helene_db`: 1
2026-05-22 00:13:21.883 [main] INFO  o.f.core.internal.command.DbMigrate.info - Schema `helene_db` is up to date. No migration necessary.
2026-05-22 00:13:21.904 [main] INFO  o.f.core.internal.command.DbValidate.info - Successfully validated 2 migrations (execution time 00:00.004s)
2026-05-22 00:13:21.909 [main] INFO  o.f.core.internal.command.DbMigrate.info - Current version of schema `helene_db`: 1
2026-05-22 00:13:21.910 [main] INFO  o.f.core.internal.command.DbMigrate.info - Schema `helene_db` is up to date. No migration necessary.
2026-05-22 00:13:21.970 [main] INFO  o.h.jpa.internal.util.LogHelper.logPersistenceUnitInformation - HHH000204: Processing PersistenceUnitInfo [name: default]
2026-05-22 00:13:22.016 [main] INFO  org.hibernate.Version.logVersion - HHH000412: Hibernate ORM core version 6.4.1.Final
2026-05-22 00:13:22.041 [main] INFO  o.h.c.i.RegionFactoryInitiator.initiateService - HHH000026: Second-level cache disabled
2026-05-22 00:13:22.218 [main] INFO  o.s.o.j.p.SpringPersistenceUnitInfo.addTransformer - No LoadTimeWeaver setup: ignoring JPA class transformer
2026-05-22 00:13:22.255 [main] WARN  org.hibernate.orm.deprecation.constructDialect - HHH90000025: MySQL8Dialect does not need to be specified explicitly using 'hibernate.dialect' (remove the property setting and it will be selected by default)
2026-05-22 00:13:22.255 [main] WARN  org.hibernate.orm.deprecation.logSelectedDialect - HHH90000026: MySQL8Dialect has been deprecated; use org.hibernate.dialect.MySQLDialect instead
2026-05-22 00:13:22.270 [main] DEBUG o.h.t.d.sql.spi.DdlTypeRegistry.addDescriptor - addDescriptor(12, org.hibernate.type.descriptor.sql.internal.CapacityDependentDdlType@17477bbb) replaced previous registration(org.hibernate.type.descriptor.sql.internal.CapacityDependentDdlType@40fee459)
2026-05-22 00:13:22.270 [main] DEBUG o.h.t.d.sql.spi.DdlTypeRegistry.addDescriptor - addDescriptor(-9, org.hibernate.type.descriptor.sql.internal.CapacityDependentDdlType@bcd9ed6) replaced previous registration(org.hibernate.type.descriptor.sql.internal.CapacityDependentDdlType@3ffa0f38)
2026-05-22 00:13:22.270 [main] DEBUG o.h.t.d.sql.spi.DdlTypeRegistry.addDescriptor - addDescriptor(-3, org.hibernate.type.descriptor.sql.internal.CapacityDependentDdlType@13cc31df) replaced previous registration(org.hibernate.type.descriptor.sql.internal.CapacityDependentDdlType@24a7d3d3)
2026-05-22 00:13:22.270 [main] DEBUG o.h.t.d.sql.spi.DdlTypeRegistry.addDescriptor - addDescriptor(4003, org.hibernate.type.descriptor.sql.internal.DdlTypeImpl@43fbc2bf) replaced previous registration(org.hibernate.type.descriptor.sql.internal.DdlTypeImpl@2c978637)
2026-05-22 00:13:22.270 [main] DEBUG o.h.t.d.sql.spi.DdlTypeRegistry.addDescriptor - addDescriptor(4001, org.hibernate.type.descriptor.sql.internal.DdlTypeImpl@5e2718b3) replaced previous registration(org.hibernate.type.descriptor.sql.internal.DdlTypeImpl@440461ef)
2026-05-22 00:13:22.270 [main] DEBUG o.h.t.d.sql.spi.DdlTypeRegistry.addDescriptor - addDescriptor(4002, org.hibernate.type.descriptor.sql.internal.DdlTypeImpl@5977bdea) replaced previous registration(org.hibernate.type.descriptor.sql.internal.DdlTypeImpl@49c13ecd)
2026-05-22 00:13:22.270 [main] DEBUG o.h.t.d.sql.spi.DdlTypeRegistry.addDescriptor - addDescriptor(2004, org.hibernate.type.descriptor.sql.internal.CapacityDependentDdlType@2f4545c6) replaced previous registration(org.hibernate.type.descriptor.sql.internal.DdlTypeImpl@482942d8)
2026-05-22 00:13:22.270 [main] DEBUG o.h.t.d.sql.spi.DdlTypeRegistry.addDescriptor - addDescriptor(2005, org.hibernate.type.descriptor.sql.internal.CapacityDependentDdlType@2cd52eda) replaced previous registration(org.hibernate.type.descriptor.sql.internal.DdlTypeImpl@6c225adb)
2026-05-22 00:13:22.271 [main] DEBUG o.h.t.d.sql.spi.DdlTypeRegistry.addDescriptor - addDescriptor(2011, org.hibernate.type.descriptor.sql.internal.CapacityDependentDdlType@69cc49ec) replaced previous registration(org.hibernate.type.descriptor.sql.internal.DdlTypeImpl@6b71e98f)
2026-05-22 00:13:22.998 [main] INFO  o.h.e.t.j.p.i.JtaPlatformInitiator.initiateService - HHH000489: No JTA platform available (set 'hibernate.transaction.jta.platform' to enable JTA platform integration)
2026-05-22 00:13:23.058 [main] INFO  o.s.o.j.LocalContainerEntityManagerFactoryBean.buildNativeEntityManagerFactory - Initialized JPA EntityManagerFactory for persistence unit 'default'
2026-05-22 00:13:23.341 [main] INFO  o.s.d.j.r.query.QueryEnhancerFactory.<clinit> - Hibernate is in classpath; If applicable, HQL parser will be used.
2026-05-22 00:13:24.616 [main] WARN  o.s.b.a.o.j.JpaBaseConfiguration$JpaWebConfiguration.openEntityManagerInViewInterceptor - spring.jpa.open-in-view is enabled by default. Therefore, database queries may be performed during view rendering. Explicitly configure spring.jpa.open-in-view to disable this warning
2026-05-22 00:13:24.637 [main] WARN  o.s.b.a.s.s.UserDetailsServiceAutoConfiguration.getOrDeducePassword - 

Using generated security password: a5d506b9-512a-43f3-974f-065615517d53

This generated password is for development use only. Your security configuration must be updated before running your application in production.

2026-05-22 00:13:24.762 [main] DEBUG o.s.w.s.m.m.a.RequestMappingHandlerMapping.handlerMethodsInitialized - 49 mappings in 'requestMappingHandlerMapping'
2026-05-22 00:13:24.814 [main] DEBUG o.s.w.s.h.SimpleUrlHandlerMapping.logMappings - Patterns [/webjars/**, /**, /swagger-ui*/*swagger-initializer.js, /swagger-ui*/**] in 'resourceHandlerMapping'
2026-05-22 00:13:24.834 [main] INFO  o.s.s.web.DefaultSecurityFilterChain.<init> - Will secure any request with [org.springframework.security.web.session.DisableEncodeUrlFilter@523a10a0, org.springframework.security.web.context.request.async.WebAsyncManagerIntegrationFilter@3952621d, org.springframework.security.web.context.SecurityContextHolderFilter@54856056, org.springframework.security.web.header.HeaderWriterFilter@102ee705, org.springframework.web.filter.CorsFilter@4d7143de, org.springframework.security.web.authentication.logout.LogoutFilter@53365a58, com.helene.backend.security.JwtAuthenticationFilter@4e48462d, org.springframework.security.web.savedrequest.RequestCacheAwareFilter@16a45e5b, org.springframework.security.web.servletapi.SecurityContextHolderAwareRequestFilter@6d0e90d5, org.springframework.security.web.authentication.AnonymousAuthenticationFilter@1c595228, org.springframework.security.web.access.ExceptionTranslationFilter@776a3e76, org.springframework.security.web.access.intercept.AuthorizationFilter@109f7381]
2026-05-22 00:13:24.882 [main] DEBUG o.s.w.s.m.m.a.RequestMappingHandlerAdapter.initControllerAdviceCache - ControllerAdvice beans: 0 @ModelAttribute, 0 @InitBinder, 1 RequestBodyAdvice, 1 ResponseBodyAdvice
2026-05-22 00:13:24.910 [main] DEBUG o.s.w.s.m.m.a.ExceptionHandlerExceptionResolver.initExceptionHandlerAdviceCache - ControllerAdvice beans: 2 @ExceptionHandler, 1 ResponseBodyAdvice
2026-05-22 00:13:25.087 [main] INFO  o.s.b.w.e.tomcat.TomcatWebServer.start - Tomcat started on port 8080 (http) with context path ''
2026-05-22 00:13:25.094 [main] INFO  c.h.backend.HeleneBackendApplication.logStarted - Started HeleneBackendApplication in 5.131 seconds (process running for 5.618)
2026-05-22 00:13:25.142 [main] DEBUG org.hibernate.SQL.logStatement - select count(*) from roles r1_0
2026-05-22 00:13:25.150 [main] DEBUG org.hibernate.SQL.logStatement - select count(*) from categorias c1_0
2026-05-22 00:13:38.577 [http-nio-8080-exec-1] INFO  o.a.c.c.C.[Tomcat].[localhost].[/].log - Initializing Spring DispatcherServlet 'dispatcherServlet'
2026-05-22 00:13:38.578 [http-nio-8080-exec-1] INFO  o.s.web.servlet.DispatcherServlet.initServletBean - Initializing Servlet 'dispatcherServlet'
2026-05-22 00:13:38.578 [http-nio-8080-exec-1] DEBUG o.s.web.servlet.DispatcherServlet.initMultipartResolver - Detected StandardServletMultipartResolver
2026-05-22 00:13:38.578 [http-nio-8080-exec-1] DEBUG o.s.web.servlet.DispatcherServlet.initLocaleResolver - Detected AcceptHeaderLocaleResolver
2026-05-22 00:13:38.578 [http-nio-8080-exec-1] DEBUG o.s.web.servlet.DispatcherServlet.initThemeResolver - Detected FixedThemeResolver
2026-05-22 00:13:38.579 [http-nio-8080-exec-1] DEBUG o.s.web.servlet.DispatcherServlet.initRequestToViewNameTranslator - Detected org.springframework.web.servlet.view.DefaultRequestToViewNameTranslator@22448db4
2026-05-22 00:13:38.579 [http-nio-8080-exec-1] DEBUG o.s.web.servlet.DispatcherServlet.initFlashMapManager - Detected org.springframework.web.servlet.support.SessionFlashMapManager@28220b56
2026-05-22 00:13:38.579 [http-nio-8080-exec-1] DEBUG o.s.web.servlet.DispatcherServlet.initServletBean - enableLoggingRequestDetails='false': request parameters and headers will be masked to prevent unsafe logging of potentially sensitive data
2026-05-22 00:13:38.579 [http-nio-8080-exec-1] INFO  o.s.web.servlet.DispatcherServlet.initServletBean - Completed initialization in 1 ms
2026-05-22 00:13:38.629 [http-nio-8080-exec-1] ERROR c.h.backend.security.JwtEntryPoint.commence - Unauthorized error: Full authentication is required to access this resource
2026-05-22 00:13:38.703 [http-nio-8080-exec-2] ERROR c.h.backend.security.JwtEntryPoint.commence - Unauthorized error: Full authentication is required to access this resource
2026-05-22 00:13:41.188 [http-nio-8080-exec-3] ERROR c.h.backend.security.JwtEntryPoint.commence - Unauthorized error: Full authentication is required to access this resource
2026-05-22 00:13:41.203 [http-nio-8080-exec-4] DEBUG o.s.web.servlet.DispatcherServlet.traceDebug - GET "/api/productos/categoria/1", parameters={}
2026-05-22 00:13:41.204 [http-nio-8080-exec-4] DEBUG o.s.w.s.m.m.a.RequestMappingHandlerMapping.getHandler - Mapped to com.helene.backend.controller.ProductoController#listarPorCategoria(Long)
2026-05-22 00:13:41.214 [http-nio-8080-exec-4] INFO  c.h.b.controller.ProductoController.listarPorCategoria - Listando productos de la categoría id=1
2026-05-22 00:13:41.238 [http-nio-8080-exec-4] DEBUG org.hibernate.SQL.logStatement - select p1_0.id,p1_0.categoria_id,p1_0.descripcion,p1_0.descuento,p1_0.imagen_url,p1_0.nombre,p1_0.precio_final,p1_0.precio_original from productos p1_0 left join categorias c1_0 on c1_0.id=p1_0.categoria_id where c1_0.id=?
2026-05-22 00:13:41.247 [http-nio-8080-exec-4] DEBUG org.hibernate.SQL.logStatement - select c1_0.id,c1_0.nombre from categorias c1_0 where c1_0.id=?
2026-05-22 00:13:41.258 [http-nio-8080-exec-4] INFO  c.h.b.controller.ProductoController.listarPorCategoria - Se devuelven 2 productos para categoría id=1
2026-05-22 00:13:41.262 [http-nio-8080-exec-4] DEBUG o.s.w.s.m.m.a.RequestResponseBodyMethodProcessor.writeWithMessageConverters - Using 'application/json', given [*/*] and supported [application/json, application/*+json]
2026-05-22 00:13:41.263 [http-nio-8080-exec-4] DEBUG o.s.w.s.m.m.a.RequestResponseBodyMethodProcessor.traceDebug - Writing [[ProductoDTO(id=2, nombre=Agua micelar, precioOriginal=29.99, precioFinal=29.99, descuento=0, descri (truncated)...]
2026-05-22 00:13:41.274 [http-nio-8080-exec-4] DEBUG o.s.web.servlet.DispatcherServlet.logResult - Completed 200 OK
2026-05-22 00:13:41.287 [http-nio-8080-exec-5] ERROR c.h.backend.security.JwtEntryPoint.commence - Unauthorized error: Full authentication is required to access this resource
2026-05-22 00:13:45.526 [http-nio-8080-exec-6] ERROR c.h.backend.security.JwtEntryPoint.commence - Unauthorized error: Full authentication is required to access this resource
2026-05-22 00:13:45.552 [http-nio-8080-exec-8] ERROR c.h.backend.security.JwtEntryPoint.commence - Unauthorized error: Full authentication is required to access this resource
2026-05-22 00:13:49.829 [http-nio-8080-exec-7] ERROR c.h.backend.security.JwtEntryPoint.commence - Unauthorized error: Full authentication is required to access this resource
2026-05-22 00:14:00.761 [http-nio-8080-exec-9] ERROR c.h.backend.security.JwtEntryPoint.commence - Unauthorized error: Full authentication is required to access this resource
2026-05-22 00:14:00.819 [http-nio-8080-exec-10] ERROR c.h.backend.security.JwtEntryPoint.commence - Unauthorized error: Full authentication is required to access this resource
2026-05-22 00:14:08.087 [http-nio-8080-exec-1] ERROR c.h.backend.security.JwtEntryPoint.commence - Unauthorized error: Full authentication is required to access this resource
2026-05-22 00:14:21.959 [http-nio-8080-exec-2] ERROR c.h.backend.security.JwtEntryPoint.commence - Unauthorized error: Full authentication is required to access this resource
2026-05-22 00:14:21.972 [http-nio-8080-exec-3] DEBUG o.s.web.servlet.DispatcherServlet.traceDebug - GET "/api/productos/categoria/1", parameters={}
2026-05-22 00:14:21.972 [http-nio-8080-exec-3] DEBUG o.s.w.s.m.m.a.RequestMappingHandlerMapping.getHandler - Mapped to com.helene.backend.controller.ProductoController#listarPorCategoria(Long)
2026-05-22 00:14:21.972 [http-nio-8080-exec-3] INFO  c.h.b.controller.ProductoController.listarPorCategoria - Listando productos de la categoría id=1
2026-05-22 00:14:21.973 [http-nio-8080-exec-3] DEBUG org.hibernate.SQL.logStatement - select p1_0.id,p1_0.categoria_id,p1_0.descripcion,p1_0.descuento,p1_0.imagen_url,p1_0.nombre,p1_0.precio_final,p1_0.precio_original from productos p1_0 left join categorias c1_0 on c1_0.id=p1_0.categoria_id where c1_0.id=?
2026-05-22 00:14:21.974 [http-nio-8080-exec-3] DEBUG org.hibernate.SQL.logStatement - select c1_0.id,c1_0.nombre from categorias c1_0 where c1_0.id=?
2026-05-22 00:14:21.975 [http-nio-8080-exec-3] INFO  c.h.b.controller.ProductoController.listarPorCategoria - Se devuelven 2 productos para categoría id=1
2026-05-22 00:14:21.975 [http-nio-8080-exec-3] DEBUG o.s.w.s.m.m.a.RequestResponseBodyMethodProcessor.writeWithMessageConverters - Using 'application/json', given [*/*] and supported [application/json, application/*+json]
2026-05-22 00:14:21.976 [http-nio-8080-exec-3] DEBUG o.s.w.s.m.m.a.RequestResponseBodyMethodProcessor.traceDebug - Writing [[ProductoDTO(id=2, nombre=Agua micelar, precioOriginal=29.99, precioFinal=29.99, descuento=0, descri (truncated)...]
2026-05-22 00:14:21.976 [http-nio-8080-exec-3] DEBUG o.s.web.servlet.DispatcherServlet.logResult - Completed 200 OK
2026-05-22 00:14:22.056 [http-nio-8080-exec-4] ERROR c.h.backend.security.JwtEntryPoint.commence - Unauthorized error: Full authentication is required to access this resource
2026-05-22 00:14:24.740 [http-nio-8080-exec-5] ERROR c.h.backend.security.JwtEntryPoint.commence - Unauthorized error: Full authentication is required to access this resource
2026-05-22 00:14:30.249 [http-nio-8080-exec-6] DEBUG o.s.web.servlet.DispatcherServlet.traceDebug - PUT "/api/productos/2", parameters={}
2026-05-22 00:14:30.249 [http-nio-8080-exec-6] DEBUG o.s.w.s.m.m.a.RequestMappingHandlerMapping.getHandler - Mapped to com.helene.backend.controller.ProductoController#actualizar(Long, ActualizarProductoDTO)
2026-05-22 00:14:30.256 [http-nio-8080-exec-6] DEBUG o.s.w.s.m.m.a.RequestResponseBodyMethodProcessor.traceDebug - Read "application/json;charset=utf-8" to [ActualizarProductoDTO(nombre=Agua micelar, precioOriginal=29.99, descuento=0, descripcion=Limpia en  (truncated)...]
2026-05-22 00:14:30.257 [http-nio-8080-exec-6] INFO  c.h.b.controller.ProductoController.actualizar - Actualizando producto id=2
2026-05-22 00:14:30.260 [http-nio-8080-exec-6] DEBUG org.hibernate.SQL.logStatement - select p1_0.id,p1_0.categoria_id,c1_0.id,c1_0.nombre,p1_0.descripcion,p1_0.descuento,p1_0.imagen_url,p1_0.nombre,p1_0.precio_final,p1_0.precio_original from productos p1_0 join categorias c1_0 on c1_0.id=p1_0.categoria_id where p1_0.id=?
2026-05-22 00:14:30.275 [http-nio-8080-exec-6] INFO  c.h.b.controller.ProductoController.actualizar - Producto id=2 actualizado correctamente
2026-05-22 00:14:30.276 [http-nio-8080-exec-6] DEBUG o.s.w.s.m.m.a.RequestResponseBodyMethodProcessor.writeWithMessageConverters - Using 'application/json', given [*/*] and supported [application/json, application/*+json]
2026-05-22 00:14:30.276 [http-nio-8080-exec-6] DEBUG o.s.w.s.m.m.a.RequestResponseBodyMethodProcessor.traceDebug - Writing [ProductoDTO(id=2, nombre=Agua micelar, precioOriginal=29.99, precioFinal=29.99, descuento=0, descrip (truncated)...]
2026-05-22 00:14:30.277 [http-nio-8080-exec-6] DEBUG o.s.web.servlet.DispatcherServlet.logResult - Completed 200 OK
2026-05-22 00:14:30.608 [http-nio-8080-exec-8] DEBUG o.s.web.servlet.DispatcherServlet.traceDebug - GET "/api/productos/categoria/1", parameters={}
2026-05-22 00:14:30.609 [http-nio-8080-exec-8] DEBUG o.s.w.s.m.m.a.RequestMappingHandlerMapping.getHandler - Mapped to com.helene.backend.controller.ProductoController#listarPorCategoria(Long)
2026-05-22 00:14:30.609 [http-nio-8080-exec-8] INFO  c.h.b.controller.ProductoController.listarPorCategoria - Listando productos de la categoría id=1
2026-05-22 00:14:30.611 [http-nio-8080-exec-8] DEBUG org.hibernate.SQL.logStatement - select p1_0.id,p1_0.categoria_id,p1_0.descripcion,p1_0.descuento,p1_0.imagen_url,p1_0.nombre,p1_0.precio_final,p1_0.precio_original from productos p1_0 left join categorias c1_0 on c1_0.id=p1_0.categoria_id where c1_0.id=?
2026-05-22 00:14:30.612 [http-nio-8080-exec-8] DEBUG org.hibernate.SQL.logStatement - select c1_0.id,c1_0.nombre from categorias c1_0 where c1_0.id=?
2026-05-22 00:14:30.613 [http-nio-8080-exec-8] INFO  c.h.b.controller.ProductoController.listarPorCategoria - Se devuelven 2 productos para categoría id=1
2026-05-22 00:14:30.613 [http-nio-8080-exec-8] DEBUG o.s.w.s.m.m.a.RequestResponseBodyMethodProcessor.writeWithMessageConverters - Using 'application/json', given [*/*] and supported [application/json, application/*+json]
2026-05-22 00:14:30.613 [http-nio-8080-exec-8] DEBUG o.s.w.s.m.m.a.RequestResponseBodyMethodProcessor.traceDebug - Writing [[ProductoDTO(id=2, nombre=Agua micelar, precioOriginal=29.99, precioFinal=29.99, descuento=0, descri (truncated)...]
2026-05-22 00:14:30.614 [http-nio-8080-exec-8] DEBUG o.s.web.servlet.DispatcherServlet.logResult - Completed 200 OK
2026-05-22 00:14:30.634 [http-nio-8080-exec-7] ERROR c.h.backend.security.JwtEntryPoint.commence - Unauthorized error: Full authentication is required to access this resource
2026-05-22 00:14:30.641 [http-nio-8080-exec-9] ERROR c.h.backend.security.JwtEntryPoint.commence - Unauthorized error: Full authentication is required to access this resource
2026-05-22 00:14:36.417 [http-nio-8080-exec-10] ERROR c.h.backend.security.JwtEntryPoint.commence - Unauthorized error: Full authentication is required to access this resource
2026-05-22 00:14:36.431 [http-nio-8080-exec-1] ERROR c.h.backend.security.JwtEntryPoint.commence - Unauthorized error: Full authentication is required to access this resource
2026-05-22 00:14:37.941 [http-nio-8080-exec-2] ERROR c.h.backend.security.JwtEntryPoint.commence - Unauthorized error: Full authentication is required to access this resource
2026-05-22 00:15:19.207 [SpringApplicationShutdownHook] INFO  o.s.o.j.LocalContainerEntityManagerFactoryBean.destroy - Closing JPA EntityManagerFactory for persistence unit 'default'
2026-05-22 00:15:19.209 [SpringApplicationShutdownHook] INFO  com.zaxxer.hikari.HikariDataSource.close - HikariPool-1 - Shutdown initiated...
2026-05-22 00:15:19.214 [SpringApplicationShutdownHook] INFO  com.zaxxer.hikari.HikariDataSource.close - HikariPool-1 - Shutdown completed.
2026-05-22 00:15:22.086 [main] INFO  c.h.backend.HeleneBackendApplication.logStarting - Starting HeleneBackendApplication using Java 21.0.7 with PID 24416 (C:\Users\celia\Desktop\Helene\target\classes started by celia in C:\Users\celia\Desktop\Helene)
2026-05-22 00:15:22.087 [main] INFO  c.h.backend.HeleneBackendApplication.logStartupProfileInfo - No active profile set, falling back to 1 default profile: "default"
2026-05-22 00:15:22.674 [main] INFO  o.s.d.r.c.RepositoryConfigurationDelegate.registerRepositoriesIn - Bootstrapping Spring Data JPA repositories in DEFAULT mode.
2026-05-22 00:15:22.795 [main] INFO  o.s.d.r.c.RepositoryConfigurationDelegate.registerRepositoriesIn - Finished Spring Data repository scanning in 115 ms. Found 7 JPA repository interfaces.
2026-05-22 00:15:23.196 [main] INFO  o.s.b.w.e.tomcat.TomcatWebServer.initialize - Tomcat initialized with port 8080 (http)
2026-05-22 00:15:23.204 [main] INFO  o.a.catalina.core.StandardService.log - Starting service [Tomcat]
2026-05-22 00:15:23.205 [main] INFO  o.a.catalina.core.StandardEngine.log - Starting Servlet engine: [Apache Tomcat/10.1.17]
2026-05-22 00:15:23.268 [main] INFO  o.a.c.c.C.[Tomcat].[localhost].[/].log - Initializing Spring embedded WebApplicationContext
2026-05-22 00:15:23.268 [main] INFO  o.s.b.w.s.c.ServletWebServerApplicationContext.prepareWebApplicationContext - Root WebApplicationContext: initialization completed in 1151 ms
2026-05-22 00:15:23.462 [main] INFO  com.zaxxer.hikari.HikariDataSource.getConnection - HikariPool-1 - Starting...
2026-05-22 00:15:23.573 [main] INFO  com.zaxxer.hikari.pool.HikariPool.checkFailFast - HikariPool-1 - Added connection com.mysql.cj.jdbc.ConnectionImpl@4269aad7
2026-05-22 00:15:23.575 [main] INFO  com.zaxxer.hikari.HikariDataSource.getConnection - HikariPool-1 - Start completed.
2026-05-22 00:15:23.607 [main] INFO  org.flywaydb.core.FlywayExecutor.info - Database: jdbc:mysql://localhost:3306/helene_db?createDatabaseIfNotExist=true&useSSL=false&serverTimezone=UTC (MySQL 8.0)
2026-05-22 00:15:23.642 [main] INFO  o.f.core.internal.command.DbValidate.info - Successfully validated 2 migrations (execution time 00:00.018s)
2026-05-22 00:15:23.651 [main] INFO  o.f.core.internal.command.DbMigrate.info - Current version of schema `helene_db`: 1
2026-05-22 00:15:23.653 [main] INFO  o.f.core.internal.command.DbMigrate.info - Schema `helene_db` is up to date. No migration necessary.
2026-05-22 00:15:23.674 [main] INFO  o.f.core.internal.command.DbValidate.info - Successfully validated 2 migrations (execution time 00:00.004s)
2026-05-22 00:15:23.679 [main] INFO  o.f.core.internal.command.DbMigrate.info - Current version of schema `helene_db`: 1
2026-05-22 00:15:23.680 [main] INFO  o.f.core.internal.command.DbMigrate.info - Schema `helene_db` is up to date. No migration necessary.
2026-05-22 00:15:23.744 [main] INFO  o.h.jpa.internal.util.LogHelper.logPersistenceUnitInformation - HHH000204: Processing PersistenceUnitInfo [name: default]
2026-05-22 00:15:23.791 [main] INFO  org.hibernate.Version.logVersion - HHH000412: Hibernate ORM core version 6.4.1.Final
2026-05-22 00:15:23.815 [main] INFO  o.h.c.i.RegionFactoryInitiator.initiateService - HHH000026: Second-level cache disabled
2026-05-22 00:15:23.995 [main] INFO  o.s.o.j.p.SpringPersistenceUnitInfo.addTransformer - No LoadTimeWeaver setup: ignoring JPA class transformer
2026-05-22 00:15:24.033 [main] WARN  org.hibernate.orm.deprecation.constructDialect - HHH90000025: MySQL8Dialect does not need to be specified explicitly using 'hibernate.dialect' (remove the property setting and it will be selected by default)
2026-05-22 00:15:24.034 [main] WARN  org.hibernate.orm.deprecation.logSelectedDialect - HHH90000026: MySQL8Dialect has been deprecated; use org.hibernate.dialect.MySQLDialect instead
2026-05-22 00:15:24.047 [main] DEBUG o.h.t.d.sql.spi.DdlTypeRegistry.addDescriptor - addDescriptor(12, org.hibernate.type.descriptor.sql.internal.CapacityDependentDdlType@3ffa0f38) replaced previous registration(org.hibernate.type.descriptor.sql.internal.CapacityDependentDdlType@13cc31df)
2026-05-22 00:15:24.048 [main] DEBUG o.h.t.d.sql.spi.DdlTypeRegistry.addDescriptor - addDescriptor(-9, org.hibernate.type.descriptor.sql.internal.CapacityDependentDdlType@24a7d3d3) replaced previous registration(org.hibernate.type.descriptor.sql.internal.CapacityDependentDdlType@43fbc2bf)
2026-05-22 00:15:24.048 [main] DEBUG o.h.t.d.sql.spi.DdlTypeRegistry.addDescriptor - addDescriptor(-3, org.hibernate.type.descriptor.sql.internal.CapacityDependentDdlType@2c978637) replaced previous registration(org.hibernate.type.descriptor.sql.internal.CapacityDependentDdlType@5e2718b3)
2026-05-22 00:15:24.048 [main] DEBUG o.h.t.d.sql.spi.DdlTypeRegistry.addDescriptor - addDescriptor(4003, org.hibernate.type.descriptor.sql.internal.DdlTypeImpl@440461ef) replaced previous registration(org.hibernate.type.descriptor.sql.internal.DdlTypeImpl@5977bdea)
2026-05-22 00:15:24.048 [main] DEBUG o.h.t.d.sql.spi.DdlTypeRegistry.addDescriptor - addDescriptor(4001, org.hibernate.type.descriptor.sql.internal.DdlTypeImpl@49c13ecd) replaced previous registration(org.hibernate.type.descriptor.sql.internal.DdlTypeImpl@2f4545c6)
2026-05-22 00:15:24.048 [main] DEBUG o.h.t.d.sql.spi.DdlTypeRegistry.addDescriptor - addDescriptor(4002, org.hibernate.type.descriptor.sql.internal.DdlTypeImpl@482942d8) replaced previous registration(org.hibernate.type.descriptor.sql.internal.DdlTypeImpl@2cd52eda)
2026-05-22 00:15:24.048 [main] DEBUG o.h.t.d.sql.spi.DdlTypeRegistry.addDescriptor - addDescriptor(2004, org.hibernate.type.descriptor.sql.internal.CapacityDependentDdlType@6c225adb) replaced previous registration(org.hibernate.type.descriptor.sql.internal.DdlTypeImpl@69cc49ec)
2026-05-22 00:15:24.048 [main] DEBUG o.h.t.d.sql.spi.DdlTypeRegistry.addDescriptor - addDescriptor(2005, org.hibernate.type.descriptor.sql.internal.CapacityDependentDdlType@6b71e98f) replaced previous registration(org.hibernate.type.descriptor.sql.internal.DdlTypeImpl@6ed7b9c5)
2026-05-22 00:15:24.048 [main] DEBUG o.h.t.d.sql.spi.DdlTypeRegistry.addDescriptor - addDescriptor(2011, org.hibernate.type.descriptor.sql.internal.CapacityDependentDdlType@105dc246) replaced previous registration(org.hibernate.type.descriptor.sql.internal.DdlTypeImpl@1b556a88)
2026-05-22 00:15:24.786 [main] INFO  o.h.e.t.j.p.i.JtaPlatformInitiator.initiateService - HHH000489: No JTA platform available (set 'hibernate.transaction.jta.platform' to enable JTA platform integration)
2026-05-22 00:15:24.849 [main] INFO  o.s.o.j.LocalContainerEntityManagerFactoryBean.buildNativeEntityManagerFactory - Initialized JPA EntityManagerFactory for persistence unit 'default'
2026-05-22 00:15:25.124 [main] INFO  o.s.d.j.r.query.QueryEnhancerFactory.<clinit> - Hibernate is in classpath; If applicable, HQL parser will be used.
2026-05-22 00:15:26.407 [main] WARN  o.s.b.a.o.j.JpaBaseConfiguration$JpaWebConfiguration.openEntityManagerInViewInterceptor - spring.jpa.open-in-view is enabled by default. Therefore, database queries may be performed during view rendering. Explicitly configure spring.jpa.open-in-view to disable this warning
2026-05-22 00:15:26.425 [main] WARN  o.s.b.a.s.s.UserDetailsServiceAutoConfiguration.getOrDeducePassword - 

Using generated security password: 3e6620cb-af00-4f29-b433-e7365c639116

This generated password is for development use only. Your security configuration must be updated before running your application in production.

2026-05-22 00:15:26.540 [main] DEBUG o.s.w.s.m.m.a.RequestMappingHandlerMapping.handlerMethodsInitialized - 49 mappings in 'requestMappingHandlerMapping'
2026-05-22 00:15:26.594 [main] DEBUG o.s.w.s.h.SimpleUrlHandlerMapping.logMappings - Patterns [/webjars/**, /**, /swagger-ui*/*swagger-initializer.js, /swagger-ui*/**] in 'resourceHandlerMapping'
2026-05-22 00:15:26.613 [main] INFO  o.s.s.web.DefaultSecurityFilterChain.<init> - Will secure any request with [org.springframework.security.web.session.DisableEncodeUrlFilter@1c175d38, org.springframework.security.web.context.request.async.WebAsyncManagerIntegrationFilter@49648d97, org.springframework.security.web.context.SecurityContextHolderFilter@dfa6f48, org.springframework.security.web.header.HeaderWriterFilter@48c7773, org.springframework.web.filter.CorsFilter@1d691240, org.springframework.security.web.authentication.logout.LogoutFilter@533c7a52, com.helene.backend.security.JwtAuthenticationFilter@59b492ec, org.springframework.security.web.savedrequest.RequestCacheAwareFilter@2f38b35e, org.springframework.security.web.servletapi.SecurityContextHolderAwareRequestFilter@7e98be9f, org.springframework.security.web.authentication.AnonymousAuthenticationFilter@69789fec, org.springframework.security.web.access.ExceptionTranslationFilter@6d0e90d5, org.springframework.security.web.access.intercept.AuthorizationFilter@348c2548]
2026-05-22 00:15:26.666 [main] DEBUG o.s.w.s.m.m.a.RequestMappingHandlerAdapter.initControllerAdviceCache - ControllerAdvice beans: 0 @ModelAttribute, 0 @InitBinder, 1 RequestBodyAdvice, 1 ResponseBodyAdvice
2026-05-22 00:15:26.697 [main] DEBUG o.s.w.s.m.m.a.ExceptionHandlerExceptionResolver.initExceptionHandlerAdviceCache - ControllerAdvice beans: 2 @ExceptionHandler, 1 ResponseBodyAdvice
2026-05-22 00:15:26.870 [main] INFO  o.s.b.w.e.tomcat.TomcatWebServer.start - Tomcat started on port 8080 (http) with context path ''
2026-05-22 00:15:26.878 [main] INFO  c.h.backend.HeleneBackendApplication.logStarted - Started HeleneBackendApplication in 5.154 seconds (process running for 5.637)
2026-05-22 00:15:26.931 [main] DEBUG org.hibernate.SQL.logStatement - select count(*) from roles r1_0
2026-05-22 00:15:26.939 [main] DEBUG org.hibernate.SQL.logStatement - select count(*) from categorias c1_0
2026-05-22 00:15:37.993 [http-nio-8080-exec-1] INFO  o.a.c.c.C.[Tomcat].[localhost].[/].log - Initializing Spring DispatcherServlet 'dispatcherServlet'
2026-05-22 00:15:37.993 [http-nio-8080-exec-1] INFO  o.s.web.servlet.DispatcherServlet.initServletBean - Initializing Servlet 'dispatcherServlet'
2026-05-22 00:15:37.993 [http-nio-8080-exec-1] DEBUG o.s.web.servlet.DispatcherServlet.initMultipartResolver - Detected StandardServletMultipartResolver
2026-05-22 00:15:37.993 [http-nio-8080-exec-1] DEBUG o.s.web.servlet.DispatcherServlet.initLocaleResolver - Detected AcceptHeaderLocaleResolver
2026-05-22 00:15:37.994 [http-nio-8080-exec-1] DEBUG o.s.web.servlet.DispatcherServlet.initThemeResolver - Detected FixedThemeResolver
2026-05-22 00:15:37.994 [http-nio-8080-exec-1] DEBUG o.s.web.servlet.DispatcherServlet.initRequestToViewNameTranslator - Detected org.springframework.web.servlet.view.DefaultRequestToViewNameTranslator@6550903
2026-05-22 00:15:37.994 [http-nio-8080-exec-1] DEBUG o.s.web.servlet.DispatcherServlet.initFlashMapManager - Detected org.springframework.web.servlet.support.SessionFlashMapManager@19d118d5
2026-05-22 00:15:37.995 [http-nio-8080-exec-1] DEBUG o.s.web.servlet.DispatcherServlet.initServletBean - enableLoggingRequestDetails='false': request parameters and headers will be masked to prevent unsafe logging of potentially sensitive data
2026-05-22 00:15:37.995 [http-nio-8080-exec-1] INFO  o.s.web.servlet.DispatcherServlet.initServletBean - Completed initialization in 2 ms
2026-05-22 00:15:38.011 [http-nio-8080-exec-1] DEBUG o.s.web.servlet.DispatcherServlet.traceDebug - POST "/api/login", parameters={}
2026-05-22 00:15:38.012 [http-nio-8080-exec-1] DEBUG o.s.w.s.m.m.a.RequestMappingHandlerMapping.getHandler - Mapped to com.helene.backend.controller.AuthController#login(Map)
2026-05-22 00:15:38.030 [http-nio-8080-exec-1] DEBUG o.s.w.s.m.m.a.RequestResponseBodyMethodProcessor.traceDebug - Read "application/json;charset=utf-8" to [{password=empleadoAdmin, username=empleadoAdmin}]
2026-05-22 00:15:38.035 [http-nio-8080-exec-1] INFO  c.h.b.controller.AuthController.login - Intento de login para el usuario: empleadoAdmin
2026-05-22 00:15:38.058 [http-nio-8080-exec-1] DEBUG org.hibernate.SQL.logStatement - select u1_0.id,u1_0.email,u1_0.fecha_registro,u1_0.password,u1_0.username from usuarios u1_0 where u1_0.username=?
2026-05-22 00:15:38.072 [http-nio-8080-exec-1] DEBUG org.hibernate.SQL.logStatement - select r1_0.usuario_id,r1_1.id,r1_1.nombre from usuarios_roles r1_0 join roles r1_1 on r1_1.id=r1_0.rol_id where r1_0.usuario_id=?
2026-05-22 00:15:38.147 [http-nio-8080-exec-1] DEBUG org.hibernate.SQL.logStatement - select u1_0.id,u1_0.email,u1_0.fecha_registro,u1_0.password,u1_0.username from usuarios u1_0 where u1_0.username=?
2026-05-22 00:15:38.168 [http-nio-8080-exec-1] INFO  c.h.b.controller.AuthController.login - Login exitoso para usuario 'empleadoAdmin' con roles: [ADMIN]
2026-05-22 00:15:38.173 [http-nio-8080-exec-1] DEBUG o.s.w.s.m.m.a.HttpEntityMethodProcessor.writeWithMessageConverters - Using 'application/json', given [*/*] and supported [application/json, application/*+json]
2026-05-22 00:15:38.173 [http-nio-8080-exec-1] DEBUG o.s.w.s.m.m.a.HttpEntityMethodProcessor.traceDebug - Writing [{success=true, roles=[ADMIN], message=Login exitoso, userId=5, username=empleadoAdmin, token=eyJhbGc (truncated)...]
2026-05-22 00:15:38.180 [http-nio-8080-exec-1] DEBUG o.s.web.servlet.DispatcherServlet.logResult - Completed 200 OK
2026-05-22 00:15:38.425 [http-nio-8080-exec-3] DEBUG o.s.web.servlet.DispatcherServlet.traceDebug - GET "/api/carrito", parameters={}
2026-05-22 00:15:38.425 [http-nio-8080-exec-3] DEBUG o.s.w.s.m.m.a.RequestMappingHandlerMapping.getHandler - Mapped to com.helene.backend.controller.CarritoController#obtener()
2026-05-22 00:15:38.426 [http-nio-8080-exec-3] INFO  c.h.b.controller.CarritoController.obtener - Obteniendo contenido del carrito
2026-05-22 00:15:38.426 [http-nio-8080-exec-3] DEBUG org.hibernate.SQL.logStatement - select u1_0.id,u1_0.email,u1_0.fecha_registro,u1_0.password,u1_0.username from usuarios u1_0 where u1_0.username=?
2026-05-22 00:15:38.428 [http-nio-8080-exec-3] DEBUG org.hibernate.SQL.logStatement - select r1_0.usuario_id,r1_1.id,r1_1.nombre from usuarios_roles r1_0 join roles r1_1 on r1_1.id=r1_0.rol_id where r1_0.usuario_id=?
2026-05-22 00:15:38.433 [http-nio-8080-exec-3] DEBUG org.hibernate.SQL.logStatement - select c1_0.id,c1_0.cantidad,c1_0.producto_id,c1_0.usuario_id from carrito_items c1_0 left join usuarios u1_0 on u1_0.id=c1_0.usuario_id where u1_0.id=?
2026-05-22 00:15:38.436 [http-nio-8080-exec-3] INFO  c.h.b.controller.CarritoController.obtener - Carrito obtenido con 0 items
2026-05-22 00:15:38.437 [http-nio-8080-exec-3] DEBUG o.s.w.s.m.m.a.RequestResponseBodyMethodProcessor.writeWithMessageConverters - Using 'application/json', given [*/*] and supported [application/json, application/*+json]
2026-05-22 00:15:38.438 [http-nio-8080-exec-3] DEBUG o.s.w.s.m.m.a.RequestResponseBodyMethodProcessor.traceDebug - Writing [[]]
2026-05-22 00:15:38.438 [http-nio-8080-exec-3] DEBUG o.s.web.servlet.DispatcherServlet.logResult - Completed 200 OK
2026-05-22 00:15:38.462 [http-nio-8080-exec-2] DEBUG o.s.web.servlet.DispatcherServlet.traceDebug - GET "/api/carrito", parameters={}
2026-05-22 00:15:38.463 [http-nio-8080-exec-2] DEBUG o.s.w.s.m.m.a.RequestMappingHandlerMapping.getHandler - Mapped to com.helene.backend.controller.CarritoController#obtener()
2026-05-22 00:15:38.463 [http-nio-8080-exec-2] INFO  c.h.b.controller.CarritoController.obtener - Obteniendo contenido del carrito
2026-05-22 00:15:38.464 [http-nio-8080-exec-2] DEBUG org.hibernate.SQL.logStatement - select u1_0.id,u1_0.email,u1_0.fecha_registro,u1_0.password,u1_0.username from usuarios u1_0 where u1_0.username=?
2026-05-22 00:15:38.465 [http-nio-8080-exec-2] DEBUG org.hibernate.SQL.logStatement - select r1_0.usuario_id,r1_1.id,r1_1.nombre from usuarios_roles r1_0 join roles r1_1 on r1_1.id=r1_0.rol_id where r1_0.usuario_id=?
2026-05-22 00:15:38.466 [http-nio-8080-exec-2] DEBUG org.hibernate.SQL.logStatement - select c1_0.id,c1_0.cantidad,c1_0.producto_id,c1_0.usuario_id from carrito_items c1_0 left join usuarios u1_0 on u1_0.id=c1_0.usuario_id where u1_0.id=?
2026-05-22 00:15:38.467 [http-nio-8080-exec-2] INFO  c.h.b.controller.CarritoController.obtener - Carrito obtenido con 0 items
2026-05-22 00:15:38.467 [http-nio-8080-exec-2] DEBUG o.s.w.s.m.m.a.RequestResponseBodyMethodProcessor.writeWithMessageConverters - Using 'application/json', given [*/*] and supported [application/json, application/*+json]
2026-05-22 00:15:38.467 [http-nio-8080-exec-2] DEBUG o.s.w.s.m.m.a.RequestResponseBodyMethodProcessor.traceDebug - Writing [[]]
2026-05-22 00:15:38.468 [http-nio-8080-exec-2] DEBUG o.s.web.servlet.DispatcherServlet.logResult - Completed 200 OK
2026-05-22 00:15:40.175 [http-nio-8080-exec-4] DEBUG o.s.web.servlet.DispatcherServlet.traceDebug - GET "/api/carrito", parameters={}
2026-05-22 00:15:40.175 [http-nio-8080-exec-4] DEBUG o.s.w.s.m.m.a.RequestMappingHandlerMapping.getHandler - Mapped to com.helene.backend.controller.CarritoController#obtener()
2026-05-22 00:15:40.175 [http-nio-8080-exec-4] INFO  c.h.b.controller.CarritoController.obtener - Obteniendo contenido del carrito
2026-05-22 00:15:40.176 [http-nio-8080-exec-4] DEBUG org.hibernate.SQL.logStatement - select u1_0.id,u1_0.email,u1_0.fecha_registro,u1_0.password,u1_0.username from usuarios u1_0 where u1_0.username=?
2026-05-22 00:15:40.178 [http-nio-8080-exec-4] DEBUG org.hibernate.SQL.logStatement - select r1_0.usuario_id,r1_1.id,r1_1.nombre from usuarios_roles r1_0 join roles r1_1 on r1_1.id=r1_0.rol_id where r1_0.usuario_id=?
2026-05-22 00:15:40.179 [http-nio-8080-exec-4] DEBUG org.hibernate.SQL.logStatement - select c1_0.id,c1_0.cantidad,c1_0.producto_id,c1_0.usuario_id from carrito_items c1_0 left join usuarios u1_0 on u1_0.id=c1_0.usuario_id where u1_0.id=?
2026-05-22 00:15:40.180 [http-nio-8080-exec-4] INFO  c.h.b.controller.CarritoController.obtener - Carrito obtenido con 0 items
2026-05-22 00:15:40.180 [http-nio-8080-exec-4] DEBUG o.s.w.s.m.m.a.RequestResponseBodyMethodProcessor.writeWithMessageConverters - Using 'application/json', given [*/*] and supported [application/json, application/*+json]
2026-05-22 00:15:40.181 [http-nio-8080-exec-4] DEBUG o.s.w.s.m.m.a.RequestResponseBodyMethodProcessor.traceDebug - Writing [[]]
2026-05-22 00:15:40.181 [http-nio-8080-exec-4] DEBUG o.s.web.servlet.DispatcherServlet.logResult - Completed 200 OK
2026-05-22 00:15:40.199 [http-nio-8080-exec-5] DEBUG o.s.web.servlet.DispatcherServlet.traceDebug - GET "/api/productos/categoria/1", parameters={}
2026-05-22 00:15:40.200 [http-nio-8080-exec-5] DEBUG o.s.w.s.m.m.a.RequestMappingHandlerMapping.getHandler - Mapped to com.helene.backend.controller.ProductoController#listarPorCategoria(Long)
2026-05-22 00:15:40.201 [http-nio-8080-exec-5] INFO  c.h.b.controller.ProductoController.listarPorCategoria - Listando productos de la categoría id=1
2026-05-22 00:15:40.202 [http-nio-8080-exec-5] DEBUG org.hibernate.SQL.logStatement - select p1_0.id,p1_0.categoria_id,p1_0.descripcion,p1_0.descuento,p1_0.imagen_url,p1_0.nombre,p1_0.precio_final,p1_0.precio_original from productos p1_0 left join categorias c1_0 on c1_0.id=p1_0.categoria_id where c1_0.id=?
2026-05-22 00:15:40.207 [http-nio-8080-exec-5] DEBUG org.hibernate.SQL.logStatement - select c1_0.id,c1_0.nombre from categorias c1_0 where c1_0.id=?
2026-05-22 00:15:40.210 [http-nio-8080-exec-5] INFO  c.h.b.controller.ProductoController.listarPorCategoria - Se devuelven 2 productos para categoría id=1
2026-05-22 00:15:40.210 [http-nio-8080-exec-5] DEBUG o.s.w.s.m.m.a.RequestResponseBodyMethodProcessor.writeWithMessageConverters - Using 'application/json', given [*/*] and supported [application/json, application/*+json]
2026-05-22 00:15:40.211 [http-nio-8080-exec-5] DEBUG o.s.w.s.m.m.a.RequestResponseBodyMethodProcessor.traceDebug - Writing [[ProductoDTO(id=2, nombre=Agua micelar, precioOriginal=29.99, precioFinal=29.99, descuento=0, descri (truncated)...]
2026-05-22 00:15:40.215 [http-nio-8080-exec-5] DEBUG o.s.web.servlet.DispatcherServlet.logResult - Completed 200 OK
2026-05-22 00:15:40.225 [http-nio-8080-exec-6] DEBUG o.s.web.servlet.DispatcherServlet.traceDebug - GET "/api/carrito", parameters={}
2026-05-22 00:15:40.226 [http-nio-8080-exec-6] DEBUG o.s.w.s.m.m.a.RequestMappingHandlerMapping.getHandler - Mapped to com.helene.backend.controller.CarritoController#obtener()
2026-05-22 00:15:40.226 [http-nio-8080-exec-6] INFO  c.h.b.controller.CarritoController.obtener - Obteniendo contenido del carrito
2026-05-22 00:15:40.227 [http-nio-8080-exec-6] DEBUG org.hibernate.SQL.logStatement - select u1_0.id,u1_0.email,u1_0.fecha_registro,u1_0.password,u1_0.username from usuarios u1_0 where u1_0.username=?
2026-05-22 00:15:40.229 [http-nio-8080-exec-6] DEBUG org.hibernate.SQL.logStatement - select r1_0.usuario_id,r1_1.id,r1_1.nombre from usuarios_roles r1_0 join roles r1_1 on r1_1.id=r1_0.rol_id where r1_0.usuario_id=?
2026-05-22 00:15:40.230 [http-nio-8080-exec-6] DEBUG org.hibernate.SQL.logStatement - select c1_0.id,c1_0.cantidad,c1_0.producto_id,c1_0.usuario_id from carrito_items c1_0 left join usuarios u1_0 on u1_0.id=c1_0.usuario_id where u1_0.id=?
2026-05-22 00:15:40.231 [http-nio-8080-exec-6] INFO  c.h.b.controller.CarritoController.obtener - Carrito obtenido con 0 items
2026-05-22 00:15:40.231 [http-nio-8080-exec-6] DEBUG o.s.w.s.m.m.a.RequestResponseBodyMethodProcessor.writeWithMessageConverters - Using 'application/json', given [*/*] and supported [application/json, application/*+json]
2026-05-22 00:15:40.231 [http-nio-8080-exec-6] DEBUG o.s.w.s.m.m.a.RequestResponseBodyMethodProcessor.traceDebug - Writing [[]]
2026-05-22 00:15:40.232 [http-nio-8080-exec-6] DEBUG o.s.web.servlet.DispatcherServlet.logResult - Completed 200 OK
2026-05-22 00:15:43.581 [http-nio-8080-exec-7] DEBUG o.s.web.servlet.DispatcherServlet.traceDebug - POST "/api/carrito", parameters={}
2026-05-22 00:15:43.581 [http-nio-8080-exec-7] DEBUG o.s.w.s.m.m.a.RequestMappingHandlerMapping.getHandler - Mapped to com.helene.backend.controller.CarritoController#agregar(CarritoDTO)
2026-05-22 00:15:43.589 [http-nio-8080-exec-7] DEBUG o.s.w.s.m.m.a.RequestResponseBodyMethodProcessor.traceDebug - Read "application/json;charset=utf-8" to [CarritoDTO(productoId=2, cantidad=1)]
2026-05-22 00:15:43.589 [http-nio-8080-exec-7] INFO  c.h.b.controller.CarritoController.agregar - Agregando producto id=2 al carrito, cantidad=1
2026-05-22 00:15:43.589 [http-nio-8080-exec-7] DEBUG org.hibernate.SQL.logStatement - select u1_0.id,u1_0.email,u1_0.fecha_registro,u1_0.password,u1_0.username from usuarios u1_0 where u1_0.username=?
2026-05-22 00:15:43.590 [http-nio-8080-exec-7] DEBUG org.hibernate.SQL.logStatement - select r1_0.usuario_id,r1_1.id,r1_1.nombre from usuarios_roles r1_0 join roles r1_1 on r1_1.id=r1_0.rol_id where r1_0.usuario_id=?
2026-05-22 00:15:43.596 [http-nio-8080-exec-7] DEBUG org.hibernate.SQL.logStatement - select p1_0.id,p1_0.categoria_id,c1_0.id,c1_0.nombre,p1_0.descripcion,p1_0.descuento,p1_0.imagen_url,p1_0.nombre,p1_0.precio_final,p1_0.precio_original from productos p1_0 join categorias c1_0 on c1_0.id=p1_0.categoria_id where p1_0.id=?
2026-05-22 00:15:43.598 [http-nio-8080-exec-7] DEBUG org.hibernate.SQL.logStatement - select c1_0.id,c1_0.cantidad,c1_0.producto_id,c1_0.usuario_id from carrito_items c1_0 left join usuarios u1_0 on u1_0.id=c1_0.usuario_id where u1_0.id=?
2026-05-22 00:15:43.608 [http-nio-8080-exec-7] DEBUG org.hibernate.SQL.logStatement - insert into carrito_items (cantidad,producto_id,usuario_id) values (?,?,?)
2026-05-22 00:15:43.639 [http-nio-8080-exec-7] INFO  c.h.b.controller.CarritoController.agregar - Producto id=2 agregado correctamente al carrito
2026-05-22 00:15:43.640 [http-nio-8080-exec-7] DEBUG o.s.w.s.m.m.a.RequestResponseBodyMethodProcessor.writeWithMessageConverters - Using 'application/json', given [*/*] and supported [application/json, application/*+json]
2026-05-22 00:15:43.640 [http-nio-8080-exec-7] DEBUG o.s.w.s.m.m.a.RequestResponseBodyMethodProcessor.writeWithMessageConverters - Nothing to write: null body
2026-05-22 00:15:43.640 [http-nio-8080-exec-7] DEBUG o.s.web.servlet.DispatcherServlet.logResult - Completed 200 OK
2026-05-22 00:15:45.085 [http-nio-8080-exec-8] DEBUG o.s.web.servlet.DispatcherServlet.traceDebug - GET "/api/carrito", parameters={}
2026-05-22 00:15:45.085 [http-nio-8080-exec-8] DEBUG o.s.w.s.m.m.a.RequestMappingHandlerMapping.getHandler - Mapped to com.helene.backend.controller.CarritoController#obtener()
2026-05-22 00:15:45.085 [http-nio-8080-exec-8] INFO  c.h.b.controller.CarritoController.obtener - Obteniendo contenido del carrito
2026-05-22 00:15:45.086 [http-nio-8080-exec-8] DEBUG org.hibernate.SQL.logStatement - select u1_0.id,u1_0.email,u1_0.fecha_registro,u1_0.password,u1_0.username from usuarios u1_0 where u1_0.username=?
2026-05-22 00:15:45.087 [http-nio-8080-exec-8] DEBUG org.hibernate.SQL.logStatement - select r1_0.usuario_id,r1_1.id,r1_1.nombre from usuarios_roles r1_0 join roles r1_1 on r1_1.id=r1_0.rol_id where r1_0.usuario_id=?
2026-05-22 00:15:45.088 [http-nio-8080-exec-8] DEBUG org.hibernate.SQL.logStatement - select c1_0.id,c1_0.cantidad,c1_0.producto_id,c1_0.usuario_id from carrito_items c1_0 left join usuarios u1_0 on u1_0.id=c1_0.usuario_id where u1_0.id=?
2026-05-22 00:15:45.089 [http-nio-8080-exec-8] DEBUG org.hibernate.SQL.logStatement - select p1_0.id,p1_0.categoria_id,c1_0.id,c1_0.nombre,p1_0.descripcion,p1_0.descuento,p1_0.imagen_url,p1_0.nombre,p1_0.precio_final,p1_0.precio_original from productos p1_0 join categorias c1_0 on c1_0.id=p1_0.categoria_id where p1_0.id=?
2026-05-22 00:15:45.091 [http-nio-8080-exec-8] INFO  c.h.b.controller.CarritoController.obtener - Carrito obtenido con 1 items
2026-05-22 00:15:45.091 [http-nio-8080-exec-8] DEBUG o.s.w.s.m.m.a.RequestResponseBodyMethodProcessor.writeWithMessageConverters - Using 'application/json', given [*/*] and supported [application/json, application/*+json]
2026-05-22 00:15:45.092 [http-nio-8080-exec-8] DEBUG o.s.w.s.m.m.a.RequestResponseBodyMethodProcessor.traceDebug - Writing [[CarritoRespuestaDTO(id=44, productoId=2, nombreProducto=Agua micelar, precioProducto=29.99, cantida (truncated)...]
2026-05-22 00:15:45.093 [http-nio-8080-exec-8] DEBUG o.s.web.servlet.DispatcherServlet.logResult - Completed 200 OK
2026-05-22 00:15:46.159 [http-nio-8080-exec-9] DEBUG o.s.web.servlet.DispatcherServlet.traceDebug - GET "/api/carrito", parameters={}
2026-05-22 00:15:46.159 [http-nio-8080-exec-9] DEBUG o.s.w.s.m.m.a.RequestMappingHandlerMapping.getHandler - Mapped to com.helene.backend.controller.CarritoController#obtener()
2026-05-22 00:15:46.159 [http-nio-8080-exec-9] INFO  c.h.b.controller.CarritoController.obtener - Obteniendo contenido del carrito
2026-05-22 00:15:46.160 [http-nio-8080-exec-9] DEBUG org.hibernate.SQL.logStatement - select u1_0.id,u1_0.email,u1_0.fecha_registro,u1_0.password,u1_0.username from usuarios u1_0 where u1_0.username=?
2026-05-22 00:15:46.161 [http-nio-8080-exec-9] DEBUG org.hibernate.SQL.logStatement - select r1_0.usuario_id,r1_1.id,r1_1.nombre from usuarios_roles r1_0 join roles r1_1 on r1_1.id=r1_0.rol_id where r1_0.usuario_id=?
2026-05-22 00:15:46.162 [http-nio-8080-exec-9] DEBUG org.hibernate.SQL.logStatement - select c1_0.id,c1_0.cantidad,c1_0.producto_id,c1_0.usuario_id from carrito_items c1_0 left join usuarios u1_0 on u1_0.id=c1_0.usuario_id where u1_0.id=?
2026-05-22 00:15:46.163 [http-nio-8080-exec-9] DEBUG org.hibernate.SQL.logStatement - select p1_0.id,p1_0.categoria_id,c1_0.id,c1_0.nombre,p1_0.descripcion,p1_0.descuento,p1_0.imagen_url,p1_0.nombre,p1_0.precio_final,p1_0.precio_original from productos p1_0 join categorias c1_0 on c1_0.id=p1_0.categoria_id where p1_0.id=?
2026-05-22 00:15:46.165 [http-nio-8080-exec-9] INFO  c.h.b.controller.CarritoController.obtener - Carrito obtenido con 1 items
2026-05-22 00:15:46.165 [http-nio-8080-exec-9] DEBUG o.s.w.s.m.m.a.RequestResponseBodyMethodProcessor.writeWithMessageConverters - Using 'application/json', given [*/*] and supported [application/json, application/*+json]
2026-05-22 00:15:46.165 [http-nio-8080-exec-9] DEBUG o.s.w.s.m.m.a.RequestResponseBodyMethodProcessor.traceDebug - Writing [[CarritoRespuestaDTO(id=44, productoId=2, nombreProducto=Agua micelar, precioProducto=29.99, cantida (truncated)...]
2026-05-22 00:15:46.166 [http-nio-8080-exec-9] DEBUG o.s.web.servlet.DispatcherServlet.logResult - Completed 200 OK
2026-05-22 00:15:46.189 [http-nio-8080-exec-10] DEBUG o.s.web.servlet.DispatcherServlet.traceDebug - GET "/api/carrito", parameters={}
2026-05-22 00:15:46.190 [http-nio-8080-exec-10] DEBUG o.s.w.s.m.m.a.RequestMappingHandlerMapping.getHandler - Mapped to com.helene.backend.controller.CarritoController#obtener()
2026-05-22 00:15:46.190 [http-nio-8080-exec-10] INFO  c.h.b.controller.CarritoController.obtener - Obteniendo contenido del carrito
2026-05-22 00:15:46.191 [http-nio-8080-exec-10] DEBUG org.hibernate.SQL.logStatement - select u1_0.id,u1_0.email,u1_0.fecha_registro,u1_0.password,u1_0.username from usuarios u1_0 where u1_0.username=?
2026-05-22 00:15:46.192 [http-nio-8080-exec-10] DEBUG org.hibernate.SQL.logStatement - select r1_0.usuario_id,r1_1.id,r1_1.nombre from usuarios_roles r1_0 join roles r1_1 on r1_1.id=r1_0.rol_id where r1_0.usuario_id=?
2026-05-22 00:15:46.193 [http-nio-8080-exec-10] DEBUG org.hibernate.SQL.logStatement - select c1_0.id,c1_0.cantidad,c1_0.producto_id,c1_0.usuario_id from carrito_items c1_0 left join usuarios u1_0 on u1_0.id=c1_0.usuario_id where u1_0.id=?
2026-05-22 00:15:46.195 [http-nio-8080-exec-10] DEBUG org.hibernate.SQL.logStatement - select p1_0.id,p1_0.categoria_id,c1_0.id,c1_0.nombre,p1_0.descripcion,p1_0.descuento,p1_0.imagen_url,p1_0.nombre,p1_0.precio_final,p1_0.precio_original from productos p1_0 join categorias c1_0 on c1_0.id=p1_0.categoria_id where p1_0.id=?
2026-05-22 00:15:46.196 [http-nio-8080-exec-10] INFO  c.h.b.controller.CarritoController.obtener - Carrito obtenido con 1 items
2026-05-22 00:15:46.196 [http-nio-8080-exec-10] DEBUG o.s.w.s.m.m.a.RequestResponseBodyMethodProcessor.writeWithMessageConverters - Using 'application/json', given [*/*] and supported [application/json, application/*+json]
2026-05-22 00:15:46.196 [http-nio-8080-exec-10] DEBUG o.s.w.s.m.m.a.RequestResponseBodyMethodProcessor.traceDebug - Writing [[CarritoRespuestaDTO(id=44, productoId=2, nombreProducto=Agua micelar, precioProducto=29.99, cantida (truncated)...]
2026-05-22 00:15:46.197 [http-nio-8080-exec-10] DEBUG o.s.web.servlet.DispatcherServlet.logResult - Completed 200 OK
2026-05-22 00:15:48.777 [http-nio-8080-exec-1] DEBUG o.s.web.servlet.DispatcherServlet.traceDebug - GET "/api/carrito", parameters={}
2026-05-22 00:15:48.777 [http-nio-8080-exec-1] DEBUG o.s.w.s.m.m.a.RequestMappingHandlerMapping.getHandler - Mapped to com.helene.backend.controller.CarritoController#obtener()
2026-05-22 00:15:48.777 [http-nio-8080-exec-1] INFO  c.h.b.controller.CarritoController.obtener - Obteniendo contenido del carrito
2026-05-22 00:15:48.779 [http-nio-8080-exec-1] DEBUG org.hibernate.SQL.logStatement - select u1_0.id,u1_0.email,u1_0.fecha_registro,u1_0.password,u1_0.username from usuarios u1_0 where u1_0.username=?
2026-05-22 00:15:48.780 [http-nio-8080-exec-1] DEBUG org.hibernate.SQL.logStatement - select r1_0.usuario_id,r1_1.id,r1_1.nombre from usuarios_roles r1_0 join roles r1_1 on r1_1.id=r1_0.rol_id where r1_0.usuario_id=?
2026-05-22 00:15:48.781 [http-nio-8080-exec-1] DEBUG org.hibernate.SQL.logStatement - select c1_0.id,c1_0.cantidad,c1_0.producto_id,c1_0.usuario_id from carrito_items c1_0 left join usuarios u1_0 on u1_0.id=c1_0.usuario_id where u1_0.id=?
2026-05-22 00:15:48.782 [http-nio-8080-exec-1] DEBUG org.hibernate.SQL.logStatement - select p1_0.id,p1_0.categoria_id,c1_0.id,c1_0.nombre,p1_0.descripcion,p1_0.descuento,p1_0.imagen_url,p1_0.nombre,p1_0.precio_final,p1_0.precio_original from productos p1_0 join categorias c1_0 on c1_0.id=p1_0.categoria_id where p1_0.id=?
2026-05-22 00:15:48.783 [http-nio-8080-exec-1] INFO  c.h.b.controller.CarritoController.obtener - Carrito obtenido con 1 items
2026-05-22 00:15:48.783 [http-nio-8080-exec-1] DEBUG o.s.w.s.m.m.a.RequestResponseBodyMethodProcessor.writeWithMessageConverters - Using 'application/json', given [*/*] and supported [application/json, application/*+json]
2026-05-22 00:15:48.783 [http-nio-8080-exec-1] DEBUG o.s.w.s.m.m.a.RequestResponseBodyMethodProcessor.traceDebug - Writing [[CarritoRespuestaDTO(id=44, productoId=2, nombreProducto=Agua micelar, precioProducto=29.99, cantida (truncated)...]
2026-05-22 00:15:48.784 [http-nio-8080-exec-1] DEBUG o.s.web.servlet.DispatcherServlet.logResult - Completed 200 OK
2026-05-22 00:15:51.530 [http-nio-8080-exec-3] DEBUG o.s.web.servlet.DispatcherServlet.traceDebug - GET "/api/carrito", parameters={}
2026-05-22 00:15:51.530 [http-nio-8080-exec-3] DEBUG o.s.w.s.m.m.a.RequestMappingHandlerMapping.getHandler - Mapped to com.helene.backend.controller.CarritoController#obtener()
2026-05-22 00:15:51.531 [http-nio-8080-exec-3] INFO  c.h.b.controller.CarritoController.obtener - Obteniendo contenido del carrito
2026-05-22 00:15:51.531 [http-nio-8080-exec-3] DEBUG org.hibernate.SQL.logStatement - select u1_0.id,u1_0.email,u1_0.fecha_registro,u1_0.password,u1_0.username from usuarios u1_0 where u1_0.username=?
2026-05-22 00:15:51.533 [http-nio-8080-exec-3] DEBUG org.hibernate.SQL.logStatement - select r1_0.usuario_id,r1_1.id,r1_1.nombre from usuarios_roles r1_0 join roles r1_1 on r1_1.id=r1_0.rol_id where r1_0.usuario_id=?
2026-05-22 00:15:51.534 [http-nio-8080-exec-3] DEBUG org.hibernate.SQL.logStatement - select c1_0.id,c1_0.cantidad,c1_0.producto_id,c1_0.usuario_id from carrito_items c1_0 left join usuarios u1_0 on u1_0.id=c1_0.usuario_id where u1_0.id=?
2026-05-22 00:15:51.535 [http-nio-8080-exec-3] DEBUG org.hibernate.SQL.logStatement - select p1_0.id,p1_0.categoria_id,c1_0.id,c1_0.nombre,p1_0.descripcion,p1_0.descuento,p1_0.imagen_url,p1_0.nombre,p1_0.precio_final,p1_0.precio_original from productos p1_0 join categorias c1_0 on c1_0.id=p1_0.categoria_id where p1_0.id=?
2026-05-22 00:15:51.536 [http-nio-8080-exec-3] INFO  c.h.b.controller.CarritoController.obtener - Carrito obtenido con 1 items
2026-05-22 00:15:51.536 [http-nio-8080-exec-3] DEBUG o.s.w.s.m.m.a.RequestResponseBodyMethodProcessor.writeWithMessageConverters - Using 'application/json', given [*/*] and supported [application/json, application/*+json]
2026-05-22 00:15:51.536 [http-nio-8080-exec-3] DEBUG o.s.w.s.m.m.a.RequestResponseBodyMethodProcessor.traceDebug - Writing [[CarritoRespuestaDTO(id=44, productoId=2, nombreProducto=Agua micelar, precioProducto=29.99, cantida (truncated)...]
2026-05-22 00:15:51.537 [http-nio-8080-exec-3] DEBUG o.s.web.servlet.DispatcherServlet.logResult - Completed 200 OK
2026-05-22 00:15:51.558 [http-nio-8080-exec-2] DEBUG o.s.web.servlet.DispatcherServlet.traceDebug - GET "/api/carrito", parameters={}
2026-05-22 00:15:51.559 [http-nio-8080-exec-2] DEBUG o.s.w.s.m.m.a.RequestMappingHandlerMapping.getHandler - Mapped to com.helene.backend.controller.CarritoController#obtener()
2026-05-22 00:15:51.559 [http-nio-8080-exec-2] INFO  c.h.b.controller.CarritoController.obtener - Obteniendo contenido del carrito
2026-05-22 00:15:51.560 [http-nio-8080-exec-2] DEBUG org.hibernate.SQL.logStatement - select u1_0.id,u1_0.email,u1_0.fecha_registro,u1_0.password,u1_0.username from usuarios u1_0 where u1_0.username=?
2026-05-22 00:15:51.560 [http-nio-8080-exec-2] DEBUG org.hibernate.SQL.logStatement - select r1_0.usuario_id,r1_1.id,r1_1.nombre from usuarios_roles r1_0 join roles r1_1 on r1_1.id=r1_0.rol_id where r1_0.usuario_id=?
2026-05-22 00:15:51.563 [http-nio-8080-exec-2] DEBUG org.hibernate.SQL.logStatement - select c1_0.id,c1_0.cantidad,c1_0.producto_id,c1_0.usuario_id from carrito_items c1_0 left join usuarios u1_0 on u1_0.id=c1_0.usuario_id where u1_0.id=?
2026-05-22 00:15:51.563 [http-nio-8080-exec-2] DEBUG org.hibernate.SQL.logStatement - select p1_0.id,p1_0.categoria_id,c1_0.id,c1_0.nombre,p1_0.descripcion,p1_0.descuento,p1_0.imagen_url,p1_0.nombre,p1_0.precio_final,p1_0.precio_original from productos p1_0 join categorias c1_0 on c1_0.id=p1_0.categoria_id where p1_0.id=?
2026-05-22 00:15:51.564 [http-nio-8080-exec-2] INFO  c.h.b.controller.CarritoController.obtener - Carrito obtenido con 1 items
2026-05-22 00:15:51.564 [http-nio-8080-exec-2] DEBUG o.s.w.s.m.m.a.RequestResponseBodyMethodProcessor.writeWithMessageConverters - Using 'application/json', given [*/*] and supported [application/json, application/*+json]
2026-05-22 00:15:51.564 [http-nio-8080-exec-2] DEBUG o.s.w.s.m.m.a.RequestResponseBodyMethodProcessor.traceDebug - Writing [[CarritoRespuestaDTO(id=44, productoId=2, nombreProducto=Agua micelar, precioProducto=29.99, cantida (truncated)...]
2026-05-22 00:15:51.565 [http-nio-8080-exec-2] DEBUG o.s.web.servlet.DispatcherServlet.logResult - Completed 200 OK
2026-05-22 00:15:58.385 [http-nio-8080-exec-4] DEBUG o.s.web.servlet.DispatcherServlet.traceDebug - GET "/api/carrito", parameters={}
2026-05-22 00:15:58.385 [http-nio-8080-exec-4] DEBUG o.s.w.s.m.m.a.RequestMappingHandlerMapping.getHandler - Mapped to com.helene.backend.controller.CarritoController#obtener()
2026-05-22 00:15:58.385 [http-nio-8080-exec-4] INFO  c.h.b.controller.CarritoController.obtener - Obteniendo contenido del carrito
2026-05-22 00:15:58.387 [http-nio-8080-exec-4] DEBUG org.hibernate.SQL.logStatement - select u1_0.id,u1_0.email,u1_0.fecha_registro,u1_0.password,u1_0.username from usuarios u1_0 where u1_0.username=?
2026-05-22 00:15:58.388 [http-nio-8080-exec-4] DEBUG org.hibernate.SQL.logStatement - select r1_0.usuario_id,r1_1.id,r1_1.nombre from usuarios_roles r1_0 join roles r1_1 on r1_1.id=r1_0.rol_id where r1_0.usuario_id=?
2026-05-22 00:15:58.389 [http-nio-8080-exec-4] DEBUG org.hibernate.SQL.logStatement - select c1_0.id,c1_0.cantidad,c1_0.producto_id,c1_0.usuario_id from carrito_items c1_0 left join usuarios u1_0 on u1_0.id=c1_0.usuario_id where u1_0.id=?
2026-05-22 00:15:58.389 [http-nio-8080-exec-4] DEBUG org.hibernate.SQL.logStatement - select p1_0.id,p1_0.categoria_id,c1_0.id,c1_0.nombre,p1_0.descripcion,p1_0.descuento,p1_0.imagen_url,p1_0.nombre,p1_0.precio_final,p1_0.precio_original from productos p1_0 join categorias c1_0 on c1_0.id=p1_0.categoria_id where p1_0.id=?
2026-05-22 00:15:58.390 [http-nio-8080-exec-4] INFO  c.h.b.controller.CarritoController.obtener - Carrito obtenido con 1 items
2026-05-22 00:15:58.390 [http-nio-8080-exec-4] DEBUG o.s.w.s.m.m.a.RequestResponseBodyMethodProcessor.writeWithMessageConverters - Using 'application/json', given [*/*] and supported [application/json, application/*+json]
2026-05-22 00:15:58.390 [http-nio-8080-exec-4] DEBUG o.s.w.s.m.m.a.RequestResponseBodyMethodProcessor.traceDebug - Writing [[CarritoRespuestaDTO(id=44, productoId=2, nombreProducto=Agua micelar, precioProducto=29.99, cantida (truncated)...]
2026-05-22 00:15:58.391 [http-nio-8080-exec-4] DEBUG o.s.web.servlet.DispatcherServlet.logResult - Completed 200 OK
2026-05-22 00:16:05.285 [http-nio-8080-exec-5] DEBUG o.s.web.servlet.DispatcherServlet.traceDebug - GET "/api/admin/usuarios", parameters={}
2026-05-22 00:16:05.285 [http-nio-8080-exec-5] DEBUG o.s.w.s.m.m.a.RequestMappingHandlerMapping.getHandler - Mapped to com.helene.backend.controller.AdminController#listarUsuarios()
2026-05-22 00:16:05.286 [http-nio-8080-exec-5] INFO  c.h.b.controller.AdminController.listarUsuarios - Admin solicita lista de todos los usuarios
2026-05-22 00:16:05.287 [http-nio-8080-exec-5] DEBUG org.hibernate.SQL.logStatement - select u1_0.id,u1_0.email,u1_0.fecha_registro,u1_0.password,u1_0.username from usuarios u1_0
2026-05-22 00:16:05.288 [http-nio-8080-exec-5] DEBUG org.hibernate.SQL.logStatement - select r1_0.usuario_id,r1_1.id,r1_1.nombre from usuarios_roles r1_0 join roles r1_1 on r1_1.id=r1_0.rol_id where r1_0.usuario_id=?
2026-05-22 00:16:05.290 [http-nio-8080-exec-5] DEBUG org.hibernate.SQL.logStatement - select r1_0.usuario_id,r1_1.id,r1_1.nombre from usuarios_roles r1_0 join roles r1_1 on r1_1.id=r1_0.rol_id where r1_0.usuario_id=?
2026-05-22 00:16:05.290 [http-nio-8080-exec-5] DEBUG org.hibernate.SQL.logStatement - select r1_0.usuario_id,r1_1.id,r1_1.nombre from usuarios_roles r1_0 join roles r1_1 on r1_1.id=r1_0.rol_id where r1_0.usuario_id=?
2026-05-22 00:16:05.291 [http-nio-8080-exec-5] DEBUG org.hibernate.SQL.logStatement - select r1_0.usuario_id,r1_1.id,r1_1.nombre from usuarios_roles r1_0 join roles r1_1 on r1_1.id=r1_0.rol_id where r1_0.usuario_id=?
2026-05-22 00:16:05.291 [http-nio-8080-exec-5] DEBUG org.hibernate.SQL.logStatement - select r1_0.usuario_id,r1_1.id,r1_1.nombre from usuarios_roles r1_0 join roles r1_1 on r1_1.id=r1_0.rol_id where r1_0.usuario_id=?
2026-05-22 00:16:05.292 [http-nio-8080-exec-5] INFO  c.h.b.controller.AdminController.listarUsuarios - Se devuelven 5 usuarios
2026-05-22 00:16:05.293 [http-nio-8080-exec-5] DEBUG o.s.w.s.m.m.a.HttpEntityMethodProcessor.writeWithMessageConverters - Using 'application/json', given [*/*] and supported [application/json, application/*+json]
2026-05-22 00:16:05.293 [http-nio-8080-exec-5] DEBUG o.s.w.s.m.m.a.HttpEntityMethodProcessor.traceDebug - Writing [[UsuarioDto(id=1, username=celitinga, password=$2a$10$OsnUsyLhZxZOXEHbpfhpp.sLOW1PspFA19IYN36e8Ukdy2 (truncated)...]
2026-05-22 00:16:05.296 [http-nio-8080-exec-5] DEBUG o.s.web.servlet.DispatcherServlet.logResult - Completed 200 OK
2026-05-22 00:16:11.734 [http-nio-8080-exec-6] DEBUG o.s.web.servlet.DispatcherServlet.traceDebug - PUT "/api/admin/usuarios/6/rol", parameters={}
2026-05-22 00:16:11.735 [http-nio-8080-exec-6] DEBUG o.s.w.s.m.m.a.RequestMappingHandlerMapping.getHandler - Mapped to com.helene.backend.controller.AdminController#cambiarRol(Long, Map)
2026-05-22 00:16:11.736 [http-nio-8080-exec-6] DEBUG o.s.w.s.m.m.a.RequestResponseBodyMethodProcessor.traceDebug - Read "application/json;charset=utf-8" to [{rol=CLIENTE}]
2026-05-22 00:16:11.737 [http-nio-8080-exec-6] INFO  c.h.b.controller.AdminController.cambiarRol - Admin cambia rol del usuario id=6 a 'CLIENTE'
2026-05-22 00:16:11.738 [http-nio-8080-exec-6] DEBUG org.hibernate.SQL.logStatement - select u1_0.id,u1_0.email,u1_0.fecha_registro,u1_0.password,r1_0.usuario_id,r1_1.id,r1_1.nombre,u1_0.username from usuarios u1_0 left join usuarios_roles r1_0 on u1_0.id=r1_0.usuario_id left join roles r1_1 on r1_1.id=r1_0.rol_id where u1_0.id=?
2026-05-22 00:16:11.740 [http-nio-8080-exec-6] DEBUG org.hibernate.SQL.logStatement - select r1_0.id,r1_0.nombre from roles r1_0 where r1_0.nombre=?
2026-05-22 00:16:11.748 [http-nio-8080-exec-6] DEBUG org.hibernate.SQL.logStatement - delete from usuarios_roles where usuario_id=? and rol_id=?
2026-05-22 00:16:11.753 [http-nio-8080-exec-6] DEBUG org.hibernate.SQL.logStatement - insert into usuarios_roles (usuario_id,rol_id) values (?,?)
2026-05-22 00:16:11.765 [http-nio-8080-exec-6] INFO  c.h.b.controller.AdminController.cambiarRol - Rol del usuario id=6 actualizado correctamente a 'CLIENTE'
2026-05-22 00:16:11.766 [http-nio-8080-exec-6] DEBUG o.s.w.s.m.m.a.HttpEntityMethodProcessor.writeWithMessageConverters - Using 'application/json', given [*/*] and supported [application/json, application/*+json]
2026-05-22 00:16:11.766 [http-nio-8080-exec-6] DEBUG o.s.w.s.m.m.a.HttpEntityMethodProcessor.traceDebug - Writing [UsuarioDto(id=6, username=maria24, password=$2a$10$mfekA/a3jrpMvwQJKdIeQuYNNRHnHKNNhZBX9nh7JqXk8Z/Mu (truncated)...]
2026-05-22 00:16:11.767 [http-nio-8080-exec-6] DEBUG o.s.web.servlet.DispatcherServlet.logResult - Completed 200 OK
2026-05-22 00:16:11.799 [http-nio-8080-exec-7] DEBUG o.s.web.servlet.DispatcherServlet.traceDebug - GET "/api/admin/usuarios", parameters={}
2026-05-22 00:16:11.799 [http-nio-8080-exec-7] DEBUG o.s.w.s.m.m.a.RequestMappingHandlerMapping.getHandler - Mapped to com.helene.backend.controller.AdminController#listarUsuarios()
2026-05-22 00:16:11.800 [http-nio-8080-exec-7] INFO  c.h.b.controller.AdminController.listarUsuarios - Admin solicita lista de todos los usuarios
2026-05-22 00:16:11.800 [http-nio-8080-exec-7] DEBUG org.hibernate.SQL.logStatement - select u1_0.id,u1_0.email,u1_0.fecha_registro,u1_0.password,u1_0.username from usuarios u1_0
2026-05-22 00:16:11.802 [http-nio-8080-exec-7] DEBUG org.hibernate.SQL.logStatement - select r1_0.usuario_id,r1_1.id,r1_1.nombre from usuarios_roles r1_0 join roles r1_1 on r1_1.id=r1_0.rol_id where r1_0.usuario_id=?
2026-05-22 00:16:11.803 [http-nio-8080-exec-7] DEBUG org.hibernate.SQL.logStatement - select r1_0.usuario_id,r1_1.id,r1_1.nombre from usuarios_roles r1_0 join roles r1_1 on r1_1.id=r1_0.rol_id where r1_0.usuario_id=?
2026-05-22 00:16:11.804 [http-nio-8080-exec-7] DEBUG org.hibernate.SQL.logStatement - select r1_0.usuario_id,r1_1.id,r1_1.nombre from usuarios_roles r1_0 join roles r1_1 on r1_1.id=r1_0.rol_id where r1_0.usuario_id=?
2026-05-22 00:16:11.804 [http-nio-8080-exec-7] DEBUG org.hibernate.SQL.logStatement - select r1_0.usuario_id,r1_1.id,r1_1.nombre from usuarios_roles r1_0 join roles r1_1 on r1_1.id=r1_0.rol_id where r1_0.usuario_id=?
2026-05-22 00:16:11.805 [http-nio-8080-exec-7] DEBUG org.hibernate.SQL.logStatement - select r1_0.usuario_id,r1_1.id,r1_1.nombre from usuarios_roles r1_0 join roles r1_1 on r1_1.id=r1_0.rol_id where r1_0.usuario_id=?
2026-05-22 00:16:11.806 [http-nio-8080-exec-7] INFO  c.h.b.controller.AdminController.listarUsuarios - Se devuelven 5 usuarios
2026-05-22 00:16:11.806 [http-nio-8080-exec-7] DEBUG o.s.w.s.m.m.a.HttpEntityMethodProcessor.writeWithMessageConverters - Using 'application/json', given [*/*] and supported [application/json, application/*+json]
2026-05-22 00:16:11.806 [http-nio-8080-exec-7] DEBUG o.s.w.s.m.m.a.HttpEntityMethodProcessor.traceDebug - Writing [[UsuarioDto(id=1, username=celitinga, password=$2a$10$OsnUsyLhZxZOXEHbpfhpp.sLOW1PspFA19IYN36e8Ukdy2 (truncated)...]
2026-05-22 00:16:11.807 [http-nio-8080-exec-7] DEBUG o.s.web.servlet.DispatcherServlet.logResult - Completed 200 OK
2026-05-22 00:16:13.997 [http-nio-8080-exec-8] DEBUG o.s.web.servlet.DispatcherServlet.traceDebug - GET "/api/carrito", parameters={}
2026-05-22 00:16:13.997 [http-nio-8080-exec-8] DEBUG o.s.w.s.m.m.a.RequestMappingHandlerMapping.getHandler - Mapped to com.helene.backend.controller.CarritoController#obtener()
2026-05-22 00:16:13.997 [http-nio-8080-exec-8] INFO  c.h.b.controller.CarritoController.obtener - Obteniendo contenido del carrito
2026-05-22 00:16:13.998 [http-nio-8080-exec-8] DEBUG org.hibernate.SQL.logStatement - select u1_0.id,u1_0.email,u1_0.fecha_registro,u1_0.password,u1_0.username from usuarios u1_0 where u1_0.username=?
2026-05-22 00:16:13.999 [http-nio-8080-exec-8] DEBUG org.hibernate.SQL.logStatement - select r1_0.usuario_id,r1_1.id,r1_1.nombre from usuarios_roles r1_0 join roles r1_1 on r1_1.id=r1_0.rol_id where r1_0.usuario_id=?
2026-05-22 00:16:14.000 [http-nio-8080-exec-8] DEBUG org.hibernate.SQL.logStatement - select c1_0.id,c1_0.cantidad,c1_0.producto_id,c1_0.usuario_id from carrito_items c1_0 left join usuarios u1_0 on u1_0.id=c1_0.usuario_id where u1_0.id=?
2026-05-22 00:16:14.000 [http-nio-8080-exec-8] DEBUG org.hibernate.SQL.logStatement - select p1_0.id,p1_0.categoria_id,c1_0.id,c1_0.nombre,p1_0.descripcion,p1_0.descuento,p1_0.imagen_url,p1_0.nombre,p1_0.precio_final,p1_0.precio_original from productos p1_0 join categorias c1_0 on c1_0.id=p1_0.categoria_id where p1_0.id=?
2026-05-22 00:16:14.002 [http-nio-8080-exec-8] INFO  c.h.b.controller.CarritoController.obtener - Carrito obtenido con 1 items
2026-05-22 00:16:14.002 [http-nio-8080-exec-8] DEBUG o.s.w.s.m.m.a.RequestResponseBodyMethodProcessor.writeWithMessageConverters - Using 'application/json', given [*/*] and supported [application/json, application/*+json]
2026-05-22 00:16:14.002 [http-nio-8080-exec-8] DEBUG o.s.w.s.m.m.a.RequestResponseBodyMethodProcessor.traceDebug - Writing [[CarritoRespuestaDTO(id=44, productoId=2, nombreProducto=Agua micelar, precioProducto=29.99, cantida (truncated)...]
2026-05-22 00:16:14.003 [http-nio-8080-exec-8] DEBUG o.s.web.servlet.DispatcherServlet.logResult - Completed 200 OK
2026-05-22 00:17:07.981 [http-nio-8080-exec-6] DEBUG o.s.web.servlet.DispatcherServlet.traceDebug - GET "/api/carrito", parameters={}
2026-05-22 00:17:07.982 [http-nio-8080-exec-6] DEBUG o.s.w.s.m.m.a.RequestMappingHandlerMapping.getHandler - Mapped to com.helene.backend.controller.CarritoController#obtener()
2026-05-22 00:17:07.982 [http-nio-8080-exec-6] INFO  c.h.b.controller.CarritoController.obtener - Obteniendo contenido del carrito
2026-05-22 00:17:07.983 [http-nio-8080-exec-6] DEBUG org.hibernate.SQL.logStatement - select u1_0.id,u1_0.email,u1_0.fecha_registro,u1_0.password,u1_0.username from usuarios u1_0 where u1_0.username=?
2026-05-22 00:17:07.984 [http-nio-8080-exec-6] DEBUG org.hibernate.SQL.logStatement - select r1_0.usuario_id,r1_1.id,r1_1.nombre from usuarios_roles r1_0 join roles r1_1 on r1_1.id=r1_0.rol_id where r1_0.usuario_id=?
2026-05-22 00:17:07.985 [http-nio-8080-exec-6] DEBUG org.hibernate.SQL.logStatement - select c1_0.id,c1_0.cantidad,c1_0.producto_id,c1_0.usuario_id from carrito_items c1_0 left join usuarios u1_0 on u1_0.id=c1_0.usuario_id where u1_0.id=?
2026-05-22 00:17:07.986 [http-nio-8080-exec-6] DEBUG org.hibernate.SQL.logStatement - select p1_0.id,p1_0.categoria_id,c1_0.id,c1_0.nombre,p1_0.descripcion,p1_0.descuento,p1_0.imagen_url,p1_0.nombre,p1_0.precio_final,p1_0.precio_original from productos p1_0 join categorias c1_0 on c1_0.id=p1_0.categoria_id where p1_0.id=?
2026-05-22 00:17:07.987 [http-nio-8080-exec-6] INFO  c.h.b.controller.CarritoController.obtener - Carrito obtenido con 1 items
2026-05-22 00:17:07.988 [http-nio-8080-exec-6] DEBUG o.s.w.s.m.m.a.RequestResponseBodyMethodProcessor.writeWithMessageConverters - Using 'application/json', given [*/*] and supported [application/json, application/*+json]
2026-05-22 00:17:07.988 [http-nio-8080-exec-6] DEBUG o.s.w.s.m.m.a.RequestResponseBodyMethodProcessor.traceDebug - Writing [[CarritoRespuestaDTO(id=44, productoId=2, nombreProducto=Agua micelar, precioProducto=29.99, cantida (truncated)...]
2026-05-22 00:17:07.989 [http-nio-8080-exec-6] DEBUG o.s.web.servlet.DispatcherServlet.logResult - Completed 200 OK
2026-05-22 00:17:08.006 [http-nio-8080-exec-7] DEBUG o.s.web.servlet.DispatcherServlet.traceDebug - GET "/api/carrito", parameters={}
2026-05-22 00:17:08.006 [http-nio-8080-exec-7] DEBUG o.s.w.s.m.m.a.RequestMappingHandlerMapping.getHandler - Mapped to com.helene.backend.controller.CarritoController#obtener()
2026-05-22 00:17:08.006 [http-nio-8080-exec-7] INFO  c.h.b.controller.CarritoController.obtener - Obteniendo contenido del carrito
2026-05-22 00:17:08.007 [http-nio-8080-exec-7] DEBUG org.hibernate.SQL.logStatement - select u1_0.id,u1_0.email,u1_0.fecha_registro,u1_0.password,u1_0.username from usuarios u1_0 where u1_0.username=?
2026-05-22 00:17:08.009 [http-nio-8080-exec-7] DEBUG org.hibernate.SQL.logStatement - select r1_0.usuario_id,r1_1.id,r1_1.nombre from usuarios_roles r1_0 join roles r1_1 on r1_1.id=r1_0.rol_id where r1_0.usuario_id=?
2026-05-22 00:17:08.010 [http-nio-8080-exec-7] DEBUG org.hibernate.SQL.logStatement - select c1_0.id,c1_0.cantidad,c1_0.producto_id,c1_0.usuario_id from carrito_items c1_0 left join usuarios u1_0 on u1_0.id=c1_0.usuario_id where u1_0.id=?
2026-05-22 00:17:08.011 [http-nio-8080-exec-7] DEBUG org.hibernate.SQL.logStatement - select p1_0.id,p1_0.categoria_id,c1_0.id,c1_0.nombre,p1_0.descripcion,p1_0.descuento,p1_0.imagen_url,p1_0.nombre,p1_0.precio_final,p1_0.precio_original from productos p1_0 join categorias c1_0 on c1_0.id=p1_0.categoria_id where p1_0.id=?
2026-05-22 00:17:08.012 [http-nio-8080-exec-7] INFO  c.h.b.controller.CarritoController.obtener - Carrito obtenido con 1 items
2026-05-22 00:17:08.012 [http-nio-8080-exec-7] DEBUG o.s.w.s.m.m.a.RequestResponseBodyMethodProcessor.writeWithMessageConverters - Using 'application/json', given [*/*] and supported [application/json, application/*+json]
2026-05-22 00:17:08.012 [http-nio-8080-exec-7] DEBUG o.s.w.s.m.m.a.RequestResponseBodyMethodProcessor.traceDebug - Writing [[CarritoRespuestaDTO(id=44, productoId=2, nombreProducto=Agua micelar, precioProducto=29.99, cantida (truncated)...]
2026-05-22 00:17:08.013 [http-nio-8080-exec-7] DEBUG o.s.web.servlet.DispatcherServlet.logResult - Completed 200 OK
2026-05-22 00:17:11.341 [http-nio-8080-exec-8] DEBUG o.s.web.servlet.DispatcherServlet.traceDebug - GET "/api/carrito", parameters={}
2026-05-22 00:17:11.341 [http-nio-8080-exec-8] DEBUG o.s.w.s.m.m.a.RequestMappingHandlerMapping.getHandler - Mapped to com.helene.backend.controller.CarritoController#obtener()
2026-05-22 00:17:11.341 [http-nio-8080-exec-8] INFO  c.h.b.controller.CarritoController.obtener - Obteniendo contenido del carrito
2026-05-22 00:17:11.342 [http-nio-8080-exec-8] DEBUG org.hibernate.SQL.logStatement - select u1_0.id,u1_0.email,u1_0.fecha_registro,u1_0.password,u1_0.username from usuarios u1_0 where u1_0.username=?
2026-05-22 00:17:11.343 [http-nio-8080-exec-8] DEBUG org.hibernate.SQL.logStatement - select r1_0.usuario_id,r1_1.id,r1_1.nombre from usuarios_roles r1_0 join roles r1_1 on r1_1.id=r1_0.rol_id where r1_0.usuario_id=?
2026-05-22 00:17:11.344 [http-nio-8080-exec-8] DEBUG org.hibernate.SQL.logStatement - select c1_0.id,c1_0.cantidad,c1_0.producto_id,c1_0.usuario_id from carrito_items c1_0 left join usuarios u1_0 on u1_0.id=c1_0.usuario_id where u1_0.id=?
2026-05-22 00:17:11.345 [http-nio-8080-exec-8] DEBUG org.hibernate.SQL.logStatement - select p1_0.id,p1_0.categoria_id,c1_0.id,c1_0.nombre,p1_0.descripcion,p1_0.descuento,p1_0.imagen_url,p1_0.nombre,p1_0.precio_final,p1_0.precio_original from productos p1_0 join categorias c1_0 on c1_0.id=p1_0.categoria_id where p1_0.id=?
2026-05-22 00:17:11.345 [http-nio-8080-exec-8] INFO  c.h.b.controller.CarritoController.obtener - Carrito obtenido con 1 items
2026-05-22 00:17:11.346 [http-nio-8080-exec-8] DEBUG o.s.w.s.m.m.a.RequestResponseBodyMethodProcessor.writeWithMessageConverters - Using 'application/json', given [*/*] and supported [application/json, application/*+json]
2026-05-22 00:17:11.346 [http-nio-8080-exec-8] DEBUG o.s.w.s.m.m.a.RequestResponseBodyMethodProcessor.traceDebug - Writing [[CarritoRespuestaDTO(id=44, productoId=2, nombreProducto=Agua micelar, precioProducto=29.99, cantida (truncated)...]
2026-05-22 00:17:11.346 [http-nio-8080-exec-8] DEBUG o.s.web.servlet.DispatcherServlet.logResult - Completed 200 OK
2026-05-22 00:17:11.358 [http-nio-8080-exec-9] DEBUG o.s.web.servlet.DispatcherServlet.traceDebug - GET "/api/productos/categoria/1", parameters={}
2026-05-22 00:17:11.358 [http-nio-8080-exec-9] DEBUG o.s.w.s.m.m.a.RequestMappingHandlerMapping.getHandler - Mapped to com.helene.backend.controller.ProductoController#listarPorCategoria(Long)
2026-05-22 00:17:11.359 [http-nio-8080-exec-9] INFO  c.h.b.controller.ProductoController.listarPorCategoria - Listando productos de la categoría id=1
2026-05-22 00:17:11.360 [http-nio-8080-exec-9] DEBUG org.hibernate.SQL.logStatement - select p1_0.id,p1_0.categoria_id,p1_0.descripcion,p1_0.descuento,p1_0.imagen_url,p1_0.nombre,p1_0.precio_final,p1_0.precio_original from productos p1_0 left join categorias c1_0 on c1_0.id=p1_0.categoria_id where c1_0.id=?
2026-05-22 00:17:11.361 [http-nio-8080-exec-9] DEBUG org.hibernate.SQL.logStatement - select c1_0.id,c1_0.nombre from categorias c1_0 where c1_0.id=?
2026-05-22 00:17:11.361 [http-nio-8080-exec-9] INFO  c.h.b.controller.ProductoController.listarPorCategoria - Se devuelven 2 productos para categoría id=1
2026-05-22 00:17:11.361 [http-nio-8080-exec-9] DEBUG o.s.w.s.m.m.a.RequestResponseBodyMethodProcessor.writeWithMessageConverters - Using 'application/json', given [*/*] and supported [application/json, application/*+json]
2026-05-22 00:17:11.362 [http-nio-8080-exec-9] DEBUG o.s.w.s.m.m.a.RequestResponseBodyMethodProcessor.traceDebug - Writing [[ProductoDTO(id=2, nombre=Agua micelar, precioOriginal=29.99, precioFinal=29.99, descuento=0, descri (truncated)...]
2026-05-22 00:17:11.362 [http-nio-8080-exec-9] DEBUG o.s.web.servlet.DispatcherServlet.logResult - Completed 200 OK
2026-05-22 00:17:11.385 [http-nio-8080-exec-10] DEBUG o.s.web.servlet.DispatcherServlet.traceDebug - GET "/api/carrito", parameters={}
2026-05-22 00:17:11.385 [http-nio-8080-exec-10] DEBUG o.s.w.s.m.m.a.RequestMappingHandlerMapping.getHandler - Mapped to com.helene.backend.controller.CarritoController#obtener()
2026-05-22 00:17:11.385 [http-nio-8080-exec-10] INFO  c.h.b.controller.CarritoController.obtener - Obteniendo contenido del carrito
2026-05-22 00:17:11.386 [http-nio-8080-exec-10] DEBUG org.hibernate.SQL.logStatement - select u1_0.id,u1_0.email,u1_0.fecha_registro,u1_0.password,u1_0.username from usuarios u1_0 where u1_0.username=?
2026-05-22 00:17:11.391 [http-nio-8080-exec-10] DEBUG org.hibernate.SQL.logStatement - select r1_0.usuario_id,r1_1.id,r1_1.nombre from usuarios_roles r1_0 join roles r1_1 on r1_1.id=r1_0.rol_id where r1_0.usuario_id=?
2026-05-22 00:17:11.393 [http-nio-8080-exec-10] DEBUG org.hibernate.SQL.logStatement - select c1_0.id,c1_0.cantidad,c1_0.producto_id,c1_0.usuario_id from carrito_items c1_0 left join usuarios u1_0 on u1_0.id=c1_0.usuario_id where u1_0.id=?
2026-05-22 00:17:11.395 [http-nio-8080-exec-10] DEBUG org.hibernate.SQL.logStatement - select p1_0.id,p1_0.categoria_id,c1_0.id,c1_0.nombre,p1_0.descripcion,p1_0.descuento,p1_0.imagen_url,p1_0.nombre,p1_0.precio_final,p1_0.precio_original from productos p1_0 join categorias c1_0 on c1_0.id=p1_0.categoria_id where p1_0.id=?
2026-05-22 00:17:11.397 [http-nio-8080-exec-10] INFO  c.h.b.controller.CarritoController.obtener - Carrito obtenido con 1 items
2026-05-22 00:17:11.397 [http-nio-8080-exec-10] DEBUG o.s.w.s.m.m.a.RequestResponseBodyMethodProcessor.writeWithMessageConverters - Using 'application/json', given [*/*] and supported [application/json, application/*+json]
2026-05-22 00:17:11.397 [http-nio-8080-exec-10] DEBUG o.s.w.s.m.m.a.RequestResponseBodyMethodProcessor.traceDebug - Writing [[CarritoRespuestaDTO(id=44, productoId=2, nombreProducto=Agua micelar, precioProducto=29.99, cantida (truncated)...]
2026-05-22 00:17:11.398 [http-nio-8080-exec-10] DEBUG o.s.web.servlet.DispatcherServlet.logResult - Completed 200 OK
2026-05-22 00:17:13.400 [http-nio-8080-exec-1] DEBUG o.s.web.servlet.DispatcherServlet.traceDebug - GET "/api/carrito", parameters={}
2026-05-22 00:17:13.400 [http-nio-8080-exec-1] DEBUG o.s.w.s.m.m.a.RequestMappingHandlerMapping.getHandler - Mapped to com.helene.backend.controller.CarritoController#obtener()
2026-05-22 00:17:13.400 [http-nio-8080-exec-1] INFO  c.h.b.controller.CarritoController.obtener - Obteniendo contenido del carrito
2026-05-22 00:17:13.402 [http-nio-8080-exec-1] DEBUG org.hibernate.SQL.logStatement - select u1_0.id,u1_0.email,u1_0.fecha_registro,u1_0.password,u1_0.username from usuarios u1_0 where u1_0.username=?
2026-05-22 00:17:13.403 [http-nio-8080-exec-1] DEBUG org.hibernate.SQL.logStatement - select r1_0.usuario_id,r1_1.id,r1_1.nombre from usuarios_roles r1_0 join roles r1_1 on r1_1.id=r1_0.rol_id where r1_0.usuario_id=?
2026-05-22 00:17:13.404 [http-nio-8080-exec-1] DEBUG org.hibernate.SQL.logStatement - select c1_0.id,c1_0.cantidad,c1_0.producto_id,c1_0.usuario_id from carrito_items c1_0 left join usuarios u1_0 on u1_0.id=c1_0.usuario_id where u1_0.id=?
2026-05-22 00:17:13.405 [http-nio-8080-exec-1] DEBUG org.hibernate.SQL.logStatement - select p1_0.id,p1_0.categoria_id,c1_0.id,c1_0.nombre,p1_0.descripcion,p1_0.descuento,p1_0.imagen_url,p1_0.nombre,p1_0.precio_final,p1_0.precio_original from productos p1_0 join categorias c1_0 on c1_0.id=p1_0.categoria_id where p1_0.id=?
2026-05-22 00:17:13.406 [http-nio-8080-exec-1] INFO  c.h.b.controller.CarritoController.obtener - Carrito obtenido con 1 items
2026-05-22 00:17:13.406 [http-nio-8080-exec-1] DEBUG o.s.w.s.m.m.a.RequestResponseBodyMethodProcessor.writeWithMessageConverters - Using 'application/json', given [*/*] and supported [application/json, application/*+json]
2026-05-22 00:17:13.406 [http-nio-8080-exec-1] DEBUG o.s.w.s.m.m.a.RequestResponseBodyMethodProcessor.traceDebug - Writing [[CarritoRespuestaDTO(id=44, productoId=2, nombreProducto=Agua micelar, precioProducto=29.99, cantida (truncated)...]
2026-05-22 00:17:13.408 [http-nio-8080-exec-1] DEBUG o.s.web.servlet.DispatcherServlet.logResult - Completed 200 OK
2026-05-22 00:17:13.425 [http-nio-8080-exec-3] DEBUG o.s.web.servlet.DispatcherServlet.traceDebug - GET "/api/carrito", parameters={}
2026-05-22 00:17:13.425 [http-nio-8080-exec-3] DEBUG o.s.w.s.m.m.a.RequestMappingHandlerMapping.getHandler - Mapped to com.helene.backend.controller.CarritoController#obtener()
2026-05-22 00:17:13.425 [http-nio-8080-exec-3] INFO  c.h.b.controller.CarritoController.obtener - Obteniendo contenido del carrito
2026-05-22 00:17:13.426 [http-nio-8080-exec-3] DEBUG org.hibernate.SQL.logStatement - select u1_0.id,u1_0.email,u1_0.fecha_registro,u1_0.password,u1_0.username from usuarios u1_0 where u1_0.username=?
2026-05-22 00:17:13.427 [http-nio-8080-exec-3] DEBUG org.hibernate.SQL.logStatement - select r1_0.usuario_id,r1_1.id,r1_1.nombre from usuarios_roles r1_0 join roles r1_1 on r1_1.id=r1_0.rol_id where r1_0.usuario_id=?
2026-05-22 00:17:13.428 [http-nio-8080-exec-3] DEBUG org.hibernate.SQL.logStatement - select c1_0.id,c1_0.cantidad,c1_0.producto_id,c1_0.usuario_id from carrito_items c1_0 left join usuarios u1_0 on u1_0.id=c1_0.usuario_id where u1_0.id=?
2026-05-22 00:17:13.429 [http-nio-8080-exec-3] DEBUG org.hibernate.SQL.logStatement - select p1_0.id,p1_0.categoria_id,c1_0.id,c1_0.nombre,p1_0.descripcion,p1_0.descuento,p1_0.imagen_url,p1_0.nombre,p1_0.precio_final,p1_0.precio_original from productos p1_0 join categorias c1_0 on c1_0.id=p1_0.categoria_id where p1_0.id=?
2026-05-22 00:17:13.429 [http-nio-8080-exec-3] INFO  c.h.b.controller.CarritoController.obtener - Carrito obtenido con 1 items
2026-05-22 00:17:13.430 [http-nio-8080-exec-3] DEBUG o.s.w.s.m.m.a.RequestResponseBodyMethodProcessor.writeWithMessageConverters - Using 'application/json', given [*/*] and supported [application/json, application/*+json]
2026-05-22 00:17:13.430 [http-nio-8080-exec-3] DEBUG o.s.w.s.m.m.a.RequestResponseBodyMethodProcessor.traceDebug - Writing [[CarritoRespuestaDTO(id=44, productoId=2, nombreProducto=Agua micelar, precioProducto=29.99, cantida (truncated)...]
2026-05-22 00:17:13.430 [http-nio-8080-exec-3] DEBUG o.s.web.servlet.DispatcherServlet.logResult - Completed 200 OK
2026-05-22 00:18:21.154 [http-nio-8080-exec-6] DEBUG o.s.web.servlet.DispatcherServlet.traceDebug - GET "/api/carrito", parameters={}
2026-05-22 00:18:21.154 [http-nio-8080-exec-6] DEBUG o.s.w.s.m.m.a.RequestMappingHandlerMapping.getHandler - Mapped to com.helene.backend.controller.CarritoController#obtener()
2026-05-22 00:18:21.154 [http-nio-8080-exec-6] INFO  c.h.b.controller.CarritoController.obtener - Obteniendo contenido del carrito
2026-05-22 00:18:21.155 [http-nio-8080-exec-6] DEBUG org.hibernate.SQL.logStatement - select u1_0.id,u1_0.email,u1_0.fecha_registro,u1_0.password,u1_0.username from usuarios u1_0 where u1_0.username=?
2026-05-22 00:18:21.156 [http-nio-8080-exec-6] DEBUG org.hibernate.SQL.logStatement - select r1_0.usuario_id,r1_1.id,r1_1.nombre from usuarios_roles r1_0 join roles r1_1 on r1_1.id=r1_0.rol_id where r1_0.usuario_id=?
2026-05-22 00:18:21.157 [http-nio-8080-exec-6] DEBUG org.hibernate.SQL.logStatement - select c1_0.id,c1_0.cantidad,c1_0.producto_id,c1_0.usuario_id from carrito_items c1_0 left join usuarios u1_0 on u1_0.id=c1_0.usuario_id where u1_0.id=?
2026-05-22 00:18:21.157 [http-nio-8080-exec-6] DEBUG org.hibernate.SQL.logStatement - select p1_0.id,p1_0.categoria_id,c1_0.id,c1_0.nombre,p1_0.descripcion,p1_0.descuento,p1_0.imagen_url,p1_0.nombre,p1_0.precio_final,p1_0.precio_original from productos p1_0 join categorias c1_0 on c1_0.id=p1_0.categoria_id where p1_0.id=?
2026-05-22 00:18:21.158 [http-nio-8080-exec-6] INFO  c.h.b.controller.CarritoController.obtener - Carrito obtenido con 1 items
2026-05-22 00:18:21.158 [http-nio-8080-exec-6] DEBUG o.s.w.s.m.m.a.RequestResponseBodyMethodProcessor.writeWithMessageConverters - Using 'application/json', given [*/*] and supported [application/json, application/*+json]
2026-05-22 00:18:21.159 [http-nio-8080-exec-6] DEBUG o.s.w.s.m.m.a.RequestResponseBodyMethodProcessor.traceDebug - Writing [[CarritoRespuestaDTO(id=44, productoId=2, nombreProducto=Agua micelar, precioProducto=29.99, cantida (truncated)...]
2026-05-22 00:18:21.159 [http-nio-8080-exec-6] DEBUG o.s.web.servlet.DispatcherServlet.logResult - Completed 200 OK
2026-05-22 00:18:28.899 [http-nio-8080-exec-7] DEBUG o.s.web.servlet.DispatcherServlet.traceDebug - GET "/api/carrito", parameters={}
2026-05-22 00:18:28.899 [http-nio-8080-exec-7] DEBUG o.s.w.s.m.m.a.RequestMappingHandlerMapping.getHandler - Mapped to com.helene.backend.controller.CarritoController#obtener()
2026-05-22 00:18:28.899 [http-nio-8080-exec-7] INFO  c.h.b.controller.CarritoController.obtener - Obteniendo contenido del carrito
2026-05-22 00:18:28.900 [http-nio-8080-exec-7] DEBUG org.hibernate.SQL.logStatement - select u1_0.id,u1_0.email,u1_0.fecha_registro,u1_0.password,u1_0.username from usuarios u1_0 where u1_0.username=?
2026-05-22 00:18:28.901 [http-nio-8080-exec-7] DEBUG org.hibernate.SQL.logStatement - select r1_0.usuario_id,r1_1.id,r1_1.nombre from usuarios_roles r1_0 join roles r1_1 on r1_1.id=r1_0.rol_id where r1_0.usuario_id=?
2026-05-22 00:18:28.902 [http-nio-8080-exec-7] DEBUG org.hibernate.SQL.logStatement - select c1_0.id,c1_0.cantidad,c1_0.producto_id,c1_0.usuario_id from carrito_items c1_0 left join usuarios u1_0 on u1_0.id=c1_0.usuario_id where u1_0.id=?
2026-05-22 00:18:28.903 [http-nio-8080-exec-7] DEBUG org.hibernate.SQL.logStatement - select p1_0.id,p1_0.categoria_id,c1_0.id,c1_0.nombre,p1_0.descripcion,p1_0.descuento,p1_0.imagen_url,p1_0.nombre,p1_0.precio_final,p1_0.precio_original from productos p1_0 join categorias c1_0 on c1_0.id=p1_0.categoria_id where p1_0.id=?
2026-05-22 00:18:28.903 [http-nio-8080-exec-7] INFO  c.h.b.controller.CarritoController.obtener - Carrito obtenido con 1 items
2026-05-22 00:18:28.904 [http-nio-8080-exec-7] DEBUG o.s.w.s.m.m.a.RequestResponseBodyMethodProcessor.writeWithMessageConverters - Using 'application/json', given [*/*] and supported [application/json, application/*+json]
2026-05-22 00:18:28.904 [http-nio-8080-exec-7] DEBUG o.s.w.s.m.m.a.RequestResponseBodyMethodProcessor.traceDebug - Writing [[CarritoRespuestaDTO(id=44, productoId=2, nombreProducto=Agua micelar, precioProducto=29.99, cantida (truncated)...]
2026-05-22 00:18:28.904 [http-nio-8080-exec-7] DEBUG o.s.web.servlet.DispatcherServlet.logResult - Completed 200 OK
2026-05-22 00:18:28.917 [http-nio-8080-exec-8] DEBUG o.s.web.servlet.DispatcherServlet.traceDebug - GET "/api/carrito", parameters={}
2026-05-22 00:18:28.917 [http-nio-8080-exec-8] DEBUG o.s.w.s.m.m.a.RequestMappingHandlerMapping.getHandler - Mapped to com.helene.backend.controller.CarritoController#obtener()
2026-05-22 00:18:28.917 [http-nio-8080-exec-8] INFO  c.h.b.controller.CarritoController.obtener - Obteniendo contenido del carrito
2026-05-22 00:18:28.918 [http-nio-8080-exec-8] DEBUG org.hibernate.SQL.logStatement - select u1_0.id,u1_0.email,u1_0.fecha_registro,u1_0.password,u1_0.username from usuarios u1_0 where u1_0.username=?
2026-05-22 00:18:28.918 [http-nio-8080-exec-8] DEBUG org.hibernate.SQL.logStatement - select r1_0.usuario_id,r1_1.id,r1_1.nombre from usuarios_roles r1_0 join roles r1_1 on r1_1.id=r1_0.rol_id where r1_0.usuario_id=?
2026-05-22 00:18:28.920 [http-nio-8080-exec-8] DEBUG org.hibernate.SQL.logStatement - select c1_0.id,c1_0.cantidad,c1_0.producto_id,c1_0.usuario_id from carrito_items c1_0 left join usuarios u1_0 on u1_0.id=c1_0.usuario_id where u1_0.id=?
2026-05-22 00:18:28.920 [http-nio-8080-exec-8] DEBUG org.hibernate.SQL.logStatement - select p1_0.id,p1_0.categoria_id,c1_0.id,c1_0.nombre,p1_0.descripcion,p1_0.descuento,p1_0.imagen_url,p1_0.nombre,p1_0.precio_final,p1_0.precio_original from productos p1_0 join categorias c1_0 on c1_0.id=p1_0.categoria_id where p1_0.id=?
2026-05-22 00:18:28.921 [http-nio-8080-exec-8] INFO  c.h.b.controller.CarritoController.obtener - Carrito obtenido con 1 items
2026-05-22 00:18:28.921 [http-nio-8080-exec-8] DEBUG o.s.w.s.m.m.a.RequestResponseBodyMethodProcessor.writeWithMessageConverters - Using 'application/json', given [*/*] and supported [application/json, application/*+json]
2026-05-22 00:18:28.921 [http-nio-8080-exec-8] DEBUG o.s.w.s.m.m.a.RequestResponseBodyMethodProcessor.traceDebug - Writing [[CarritoRespuestaDTO(id=44, productoId=2, nombreProducto=Agua micelar, precioProducto=29.99, cantida (truncated)...]
2026-05-22 00:18:28.922 [http-nio-8080-exec-8] DEBUG o.s.web.servlet.DispatcherServlet.logResult - Completed 200 OK
2026-05-22 00:23:03.610 [http-nio-8080-exec-1] DEBUG o.s.web.servlet.DispatcherServlet.traceDebug - GET "/api/carrito", parameters={}
2026-05-22 00:23:03.611 [http-nio-8080-exec-1] DEBUG o.s.w.s.m.m.a.RequestMappingHandlerMapping.getHandler - Mapped to com.helene.backend.controller.CarritoController#obtener()
2026-05-22 00:23:03.611 [http-nio-8080-exec-1] INFO  c.h.b.controller.CarritoController.obtener - Obteniendo contenido del carrito
2026-05-22 00:23:03.612 [http-nio-8080-exec-1] DEBUG org.hibernate.SQL.logStatement - select u1_0.id,u1_0.email,u1_0.fecha_registro,u1_0.password,u1_0.username from usuarios u1_0 where u1_0.username=?
2026-05-22 00:23:03.613 [http-nio-8080-exec-1] DEBUG org.hibernate.SQL.logStatement - select r1_0.usuario_id,r1_1.id,r1_1.nombre from usuarios_roles r1_0 join roles r1_1 on r1_1.id=r1_0.rol_id where r1_0.usuario_id=?
2026-05-22 00:23:03.615 [http-nio-8080-exec-1] DEBUG org.hibernate.SQL.logStatement - select c1_0.id,c1_0.cantidad,c1_0.producto_id,c1_0.usuario_id from carrito_items c1_0 left join usuarios u1_0 on u1_0.id=c1_0.usuario_id where u1_0.id=?
2026-05-22 00:23:03.616 [http-nio-8080-exec-1] DEBUG org.hibernate.SQL.logStatement - select p1_0.id,p1_0.categoria_id,c1_0.id,c1_0.nombre,p1_0.descripcion,p1_0.descuento,p1_0.imagen_url,p1_0.nombre,p1_0.precio_final,p1_0.precio_original from productos p1_0 join categorias c1_0 on c1_0.id=p1_0.categoria_id where p1_0.id=?
2026-05-22 00:23:03.616 [http-nio-8080-exec-1] INFO  c.h.b.controller.CarritoController.obtener - Carrito obtenido con 1 items
2026-05-22 00:23:03.617 [http-nio-8080-exec-1] DEBUG o.s.w.s.m.m.a.RequestResponseBodyMethodProcessor.writeWithMessageConverters - Using 'application/json', given [*/*] and supported [application/json, application/*+json]
2026-05-22 00:23:03.617 [http-nio-8080-exec-1] DEBUG o.s.w.s.m.m.a.RequestResponseBodyMethodProcessor.traceDebug - Writing [[CarritoRespuestaDTO(id=44, productoId=2, nombreProducto=Agua micelar, precioProducto=29.99, cantida (truncated)...]
2026-05-22 00:23:03.619 [http-nio-8080-exec-1] DEBUG o.s.web.servlet.DispatcherServlet.logResult - Completed 200 OK
2026-05-22 00:23:03.656 [http-nio-8080-exec-3] DEBUG o.s.web.servlet.DispatcherServlet.traceDebug - GET "/api/carrito", parameters={}
2026-05-22 00:23:03.657 [http-nio-8080-exec-3] DEBUG o.s.w.s.m.m.a.RequestMappingHandlerMapping.getHandler - Mapped to com.helene.backend.controller.CarritoController#obtener()
2026-05-22 00:23:03.657 [http-nio-8080-exec-3] INFO  c.h.b.controller.CarritoController.obtener - Obteniendo contenido del carrito
2026-05-22 00:23:03.658 [http-nio-8080-exec-3] DEBUG org.hibernate.SQL.logStatement - select u1_0.id,u1_0.email,u1_0.fecha_registro,u1_0.password,u1_0.username from usuarios u1_0 where u1_0.username=?
2026-05-22 00:23:03.659 [http-nio-8080-exec-3] DEBUG org.hibernate.SQL.logStatement - select r1_0.usuario_id,r1_1.id,r1_1.nombre from usuarios_roles r1_0 join roles r1_1 on r1_1.id=r1_0.rol_id where r1_0.usuario_id=?
2026-05-22 00:23:03.659 [http-nio-8080-exec-3] DEBUG org.hibernate.SQL.logStatement - select c1_0.id,c1_0.cantidad,c1_0.producto_id,c1_0.usuario_id from carrito_items c1_0 left join usuarios u1_0 on u1_0.id=c1_0.usuario_id where u1_0.id=?
2026-05-22 00:23:03.660 [http-nio-8080-exec-3] DEBUG org.hibernate.SQL.logStatement - select p1_0.id,p1_0.categoria_id,c1_0.id,c1_0.nombre,p1_0.descripcion,p1_0.descuento,p1_0.imagen_url,p1_0.nombre,p1_0.precio_final,p1_0.precio_original from productos p1_0 join categorias c1_0 on c1_0.id=p1_0.categoria_id where p1_0.id=?
2026-05-22 00:23:03.661 [http-nio-8080-exec-3] INFO  c.h.b.controller.CarritoController.obtener - Carrito obtenido con 1 items
2026-05-22 00:23:03.661 [http-nio-8080-exec-3] DEBUG o.s.w.s.m.m.a.RequestResponseBodyMethodProcessor.writeWithMessageConverters - Using 'application/json', given [*/*] and supported [application/json, application/*+json]
2026-05-22 00:23:03.661 [http-nio-8080-exec-3] DEBUG o.s.w.s.m.m.a.RequestResponseBodyMethodProcessor.traceDebug - Writing [[CarritoRespuestaDTO(id=44, productoId=2, nombreProducto=Agua micelar, precioProducto=29.99, cantida (truncated)...]
2026-05-22 00:23:03.662 [http-nio-8080-exec-3] DEBUG o.s.web.servlet.DispatcherServlet.logResult - Completed 200 OK
2026-05-22 00:24:39.599 [http-nio-8080-exec-5] DEBUG o.s.web.servlet.DispatcherServlet.traceDebug - GET "/api/carrito", parameters={}
2026-05-22 00:24:39.599 [http-nio-8080-exec-5] DEBUG o.s.w.s.m.m.a.RequestMappingHandlerMapping.getHandler - Mapped to com.helene.backend.controller.CarritoController#obtener()
2026-05-22 00:24:39.599 [http-nio-8080-exec-5] INFO  c.h.b.controller.CarritoController.obtener - Obteniendo contenido del carrito
2026-05-22 00:24:39.600 [http-nio-8080-exec-5] DEBUG org.hibernate.SQL.logStatement - select u1_0.id,u1_0.email,u1_0.fecha_registro,u1_0.password,u1_0.username from usuarios u1_0 where u1_0.username=?
2026-05-22 00:24:39.601 [http-nio-8080-exec-5] DEBUG org.hibernate.SQL.logStatement - select r1_0.usuario_id,r1_1.id,r1_1.nombre from usuarios_roles r1_0 join roles r1_1 on r1_1.id=r1_0.rol_id where r1_0.usuario_id=?
2026-05-22 00:24:39.602 [http-nio-8080-exec-5] DEBUG org.hibernate.SQL.logStatement - select c1_0.id,c1_0.cantidad,c1_0.producto_id,c1_0.usuario_id from carrito_items c1_0 left join usuarios u1_0 on u1_0.id=c1_0.usuario_id where u1_0.id=?
2026-05-22 00:24:39.603 [http-nio-8080-exec-5] DEBUG org.hibernate.SQL.logStatement - select p1_0.id,p1_0.categoria_id,c1_0.id,c1_0.nombre,p1_0.descripcion,p1_0.descuento,p1_0.imagen_url,p1_0.nombre,p1_0.precio_final,p1_0.precio_original from productos p1_0 join categorias c1_0 on c1_0.id=p1_0.categoria_id where p1_0.id=?
2026-05-22 00:24:39.604 [http-nio-8080-exec-5] INFO  c.h.b.controller.CarritoController.obtener - Carrito obtenido con 1 items
2026-05-22 00:24:39.604 [http-nio-8080-exec-5] DEBUG o.s.w.s.m.m.a.RequestResponseBodyMethodProcessor.writeWithMessageConverters - Using 'application/json', given [*/*] and supported [application/json, application/*+json]
2026-05-22 00:24:39.604 [http-nio-8080-exec-5] DEBUG o.s.w.s.m.m.a.RequestResponseBodyMethodProcessor.traceDebug - Writing [[CarritoRespuestaDTO(id=44, productoId=2, nombreProducto=Agua micelar, precioProducto=29.99, cantida (truncated)...]
2026-05-22 00:24:39.606 [http-nio-8080-exec-5] DEBUG o.s.web.servlet.DispatcherServlet.logResult - Completed 200 OK
2026-05-22 00:24:39.634 [http-nio-8080-exec-4] DEBUG o.s.web.servlet.DispatcherServlet.traceDebug - GET "/api/carrito", parameters={}
2026-05-22 00:24:39.634 [http-nio-8080-exec-4] DEBUG o.s.w.s.m.m.a.RequestMappingHandlerMapping.getHandler - Mapped to com.helene.backend.controller.CarritoController#obtener()
2026-05-22 00:24:39.635 [http-nio-8080-exec-4] INFO  c.h.b.controller.CarritoController.obtener - Obteniendo contenido del carrito
2026-05-22 00:24:39.635 [http-nio-8080-exec-4] DEBUG org.hibernate.SQL.logStatement - select u1_0.id,u1_0.email,u1_0.fecha_registro,u1_0.password,u1_0.username from usuarios u1_0 where u1_0.username=?
2026-05-22 00:24:39.636 [http-nio-8080-exec-4] DEBUG org.hibernate.SQL.logStatement - select r1_0.usuario_id,r1_1.id,r1_1.nombre from usuarios_roles r1_0 join roles r1_1 on r1_1.id=r1_0.rol_id where r1_0.usuario_id=?
2026-05-22 00:24:39.638 [http-nio-8080-exec-4] DEBUG org.hibernate.SQL.logStatement - select c1_0.id,c1_0.cantidad,c1_0.producto_id,c1_0.usuario_id from carrito_items c1_0 left join usuarios u1_0 on u1_0.id=c1_0.usuario_id where u1_0.id=?
2026-05-22 00:24:39.638 [http-nio-8080-exec-4] DEBUG org.hibernate.SQL.logStatement - select p1_0.id,p1_0.categoria_id,c1_0.id,c1_0.nombre,p1_0.descripcion,p1_0.descuento,p1_0.imagen_url,p1_0.nombre,p1_0.precio_final,p1_0.precio_original from productos p1_0 join categorias c1_0 on c1_0.id=p1_0.categoria_id where p1_0.id=?
2026-05-22 00:24:39.640 [http-nio-8080-exec-4] INFO  c.h.b.controller.CarritoController.obtener - Carrito obtenido con 1 items
2026-05-22 00:24:39.640 [http-nio-8080-exec-4] DEBUG o.s.w.s.m.m.a.RequestResponseBodyMethodProcessor.writeWithMessageConverters - Using 'application/json', given [*/*] and supported [application/json, application/*+json]
2026-05-22 00:24:39.640 [http-nio-8080-exec-4] DEBUG o.s.w.s.m.m.a.RequestResponseBodyMethodProcessor.traceDebug - Writing [[CarritoRespuestaDTO(id=44, productoId=2, nombreProducto=Agua micelar, precioProducto=29.99, cantida (truncated)...]
2026-05-22 00:24:39.641 [http-nio-8080-exec-4] DEBUG o.s.web.servlet.DispatcherServlet.logResult - Completed 200 OK
2026-05-22 00:24:43.813 [http-nio-8080-exec-6] DEBUG o.s.web.servlet.DispatcherServlet.traceDebug - GET "/api/carrito", parameters={}
2026-05-22 00:24:43.814 [http-nio-8080-exec-6] DEBUG o.s.w.s.m.m.a.RequestMappingHandlerMapping.getHandler - Mapped to com.helene.backend.controller.CarritoController#obtener()
2026-05-22 00:24:43.814 [http-nio-8080-exec-6] INFO  c.h.b.controller.CarritoController.obtener - Obteniendo contenido del carrito
2026-05-22 00:24:43.815 [http-nio-8080-exec-6] DEBUG org.hibernate.SQL.logStatement - select u1_0.id,u1_0.email,u1_0.fecha_registro,u1_0.password,u1_0.username from usuarios u1_0 where u1_0.username=?
2026-05-22 00:24:43.816 [http-nio-8080-exec-6] DEBUG org.hibernate.SQL.logStatement - select r1_0.usuario_id,r1_1.id,r1_1.nombre from usuarios_roles r1_0 join roles r1_1 on r1_1.id=r1_0.rol_id where r1_0.usuario_id=?
2026-05-22 00:24:43.817 [http-nio-8080-exec-6] DEBUG org.hibernate.SQL.logStatement - select c1_0.id,c1_0.cantidad,c1_0.producto_id,c1_0.usuario_id from carrito_items c1_0 left join usuarios u1_0 on u1_0.id=c1_0.usuario_id where u1_0.id=?
2026-05-22 00:24:43.818 [http-nio-8080-exec-6] DEBUG org.hibernate.SQL.logStatement - select p1_0.id,p1_0.categoria_id,c1_0.id,c1_0.nombre,p1_0.descripcion,p1_0.descuento,p1_0.imagen_url,p1_0.nombre,p1_0.precio_final,p1_0.precio_original from productos p1_0 join categorias c1_0 on c1_0.id=p1_0.categoria_id where p1_0.id=?
2026-05-22 00:24:43.819 [http-nio-8080-exec-6] INFO  c.h.b.controller.CarritoController.obtener - Carrito obtenido con 1 items
2026-05-22 00:24:43.819 [http-nio-8080-exec-6] DEBUG o.s.w.s.m.m.a.RequestResponseBodyMethodProcessor.writeWithMessageConverters - Using 'application/json', given [*/*] and supported [application/json, application/*+json]
2026-05-22 00:24:43.819 [http-nio-8080-exec-6] DEBUG o.s.w.s.m.m.a.RequestResponseBodyMethodProcessor.traceDebug - Writing [[CarritoRespuestaDTO(id=44, productoId=2, nombreProducto=Agua micelar, precioProducto=29.99, cantida (truncated)...]
2026-05-22 00:24:43.821 [http-nio-8080-exec-6] DEBUG o.s.web.servlet.DispatcherServlet.logResult - Completed 200 OK
2026-05-22 00:24:43.844 [http-nio-8080-exec-7] DEBUG o.s.web.servlet.DispatcherServlet.traceDebug - GET "/api/carrito", parameters={}
2026-05-22 00:24:43.844 [http-nio-8080-exec-7] DEBUG o.s.w.s.m.m.a.RequestMappingHandlerMapping.getHandler - Mapped to com.helene.backend.controller.CarritoController#obtener()
2026-05-22 00:24:43.845 [http-nio-8080-exec-7] INFO  c.h.b.controller.CarritoController.obtener - Obteniendo contenido del carrito
2026-05-22 00:24:43.845 [http-nio-8080-exec-7] DEBUG org.hibernate.SQL.logStatement - select u1_0.id,u1_0.email,u1_0.fecha_registro,u1_0.password,u1_0.username from usuarios u1_0 where u1_0.username=?
2026-05-22 00:24:43.846 [http-nio-8080-exec-7] DEBUG org.hibernate.SQL.logStatement - select r1_0.usuario_id,r1_1.id,r1_1.nombre from usuarios_roles r1_0 join roles r1_1 on r1_1.id=r1_0.rol_id where r1_0.usuario_id=?
2026-05-22 00:24:43.849 [http-nio-8080-exec-7] DEBUG org.hibernate.SQL.logStatement - select c1_0.id,c1_0.cantidad,c1_0.producto_id,c1_0.usuario_id from carrito_items c1_0 left join usuarios u1_0 on u1_0.id=c1_0.usuario_id where u1_0.id=?
2026-05-22 00:24:43.850 [http-nio-8080-exec-7] DEBUG org.hibernate.SQL.logStatement - select p1_0.id,p1_0.categoria_id,c1_0.id,c1_0.nombre,p1_0.descripcion,p1_0.descuento,p1_0.imagen_url,p1_0.nombre,p1_0.precio_final,p1_0.precio_original from productos p1_0 join categorias c1_0 on c1_0.id=p1_0.categoria_id where p1_0.id=?
2026-05-22 00:24:43.851 [http-nio-8080-exec-7] INFO  c.h.b.controller.CarritoController.obtener - Carrito obtenido con 1 items
2026-05-22 00:24:43.851 [http-nio-8080-exec-7] DEBUG o.s.w.s.m.m.a.RequestResponseBodyMethodProcessor.writeWithMessageConverters - Using 'application/json', given [*/*] and supported [application/json, application/*+json]
2026-05-22 00:24:43.851 [http-nio-8080-exec-7] DEBUG o.s.w.s.m.m.a.RequestResponseBodyMethodProcessor.traceDebug - Writing [[CarritoRespuestaDTO(id=44, productoId=2, nombreProducto=Agua micelar, precioProducto=29.99, cantida (truncated)...]
2026-05-22 00:24:43.852 [http-nio-8080-exec-7] DEBUG o.s.web.servlet.DispatcherServlet.logResult - Completed 200 OK
2026-05-22 00:24:44.908 [http-nio-8080-exec-8] DEBUG o.s.web.servlet.DispatcherServlet.traceDebug - GET "/api/carrito", parameters={}
2026-05-22 00:24:44.909 [http-nio-8080-exec-8] DEBUG o.s.w.s.m.m.a.RequestMappingHandlerMapping.getHandler - Mapped to com.helene.backend.controller.CarritoController#obtener()
2026-05-22 00:24:44.909 [http-nio-8080-exec-8] INFO  c.h.b.controller.CarritoController.obtener - Obteniendo contenido del carrito
2026-05-22 00:24:44.909 [http-nio-8080-exec-8] DEBUG org.hibernate.SQL.logStatement - select u1_0.id,u1_0.email,u1_0.fecha_registro,u1_0.password,u1_0.username from usuarios u1_0 where u1_0.username=?
2026-05-22 00:24:44.911 [http-nio-8080-exec-8] DEBUG org.hibernate.SQL.logStatement - select r1_0.usuario_id,r1_1.id,r1_1.nombre from usuarios_roles r1_0 join roles r1_1 on r1_1.id=r1_0.rol_id where r1_0.usuario_id=?
2026-05-22 00:24:44.912 [http-nio-8080-exec-8] DEBUG org.hibernate.SQL.logStatement - select c1_0.id,c1_0.cantidad,c1_0.producto_id,c1_0.usuario_id from carrito_items c1_0 left join usuarios u1_0 on u1_0.id=c1_0.usuario_id where u1_0.id=?
2026-05-22 00:24:44.913 [http-nio-8080-exec-8] DEBUG org.hibernate.SQL.logStatement - select p1_0.id,p1_0.categoria_id,c1_0.id,c1_0.nombre,p1_0.descripcion,p1_0.descuento,p1_0.imagen_url,p1_0.nombre,p1_0.precio_final,p1_0.precio_original from productos p1_0 join categorias c1_0 on c1_0.id=p1_0.categoria_id where p1_0.id=?
2026-05-22 00:24:44.914 [http-nio-8080-exec-8] INFO  c.h.b.controller.CarritoController.obtener - Carrito obtenido con 1 items
2026-05-22 00:24:44.914 [http-nio-8080-exec-8] DEBUG o.s.w.s.m.m.a.RequestResponseBodyMethodProcessor.writeWithMessageConverters - Using 'application/json', given [*/*] and supported [application/json, application/*+json]
2026-05-22 00:24:44.914 [http-nio-8080-exec-8] DEBUG o.s.w.s.m.m.a.RequestResponseBodyMethodProcessor.traceDebug - Writing [[CarritoRespuestaDTO(id=44, productoId=2, nombreProducto=Agua micelar, precioProducto=29.99, cantida (truncated)...]
2026-05-22 00:24:44.915 [http-nio-8080-exec-8] DEBUG o.s.web.servlet.DispatcherServlet.logResult - Completed 200 OK
2026-05-22 00:26:12.293 [http-nio-8080-exec-1] DEBUG o.s.web.servlet.DispatcherServlet.traceDebug - GET "/api/carrito", parameters={}
2026-05-22 00:26:12.293 [http-nio-8080-exec-1] DEBUG o.s.w.s.m.m.a.RequestMappingHandlerMapping.getHandler - Mapped to com.helene.backend.controller.CarritoController#obtener()
2026-05-22 00:26:12.294 [http-nio-8080-exec-1] INFO  c.h.b.controller.CarritoController.obtener - Obteniendo contenido del carrito
2026-05-22 00:26:12.294 [http-nio-8080-exec-1] DEBUG org.hibernate.SQL.logStatement - select u1_0.id,u1_0.email,u1_0.fecha_registro,u1_0.password,u1_0.username from usuarios u1_0 where u1_0.username=?
2026-05-22 00:26:12.296 [http-nio-8080-exec-1] DEBUG org.hibernate.SQL.logStatement - select r1_0.usuario_id,r1_1.id,r1_1.nombre from usuarios_roles r1_0 join roles r1_1 on r1_1.id=r1_0.rol_id where r1_0.usuario_id=?
2026-05-22 00:26:12.297 [http-nio-8080-exec-1] DEBUG org.hibernate.SQL.logStatement - select c1_0.id,c1_0.cantidad,c1_0.producto_id,c1_0.usuario_id from carrito_items c1_0 left join usuarios u1_0 on u1_0.id=c1_0.usuario_id where u1_0.id=?
2026-05-22 00:26:12.298 [http-nio-8080-exec-1] DEBUG org.hibernate.SQL.logStatement - select p1_0.id,p1_0.categoria_id,c1_0.id,c1_0.nombre,p1_0.descripcion,p1_0.descuento,p1_0.imagen_url,p1_0.nombre,p1_0.precio_final,p1_0.precio_original from productos p1_0 join categorias c1_0 on c1_0.id=p1_0.categoria_id where p1_0.id=?
2026-05-22 00:26:12.299 [http-nio-8080-exec-1] INFO  c.h.b.controller.CarritoController.obtener - Carrito obtenido con 1 items
2026-05-22 00:26:12.299 [http-nio-8080-exec-1] DEBUG o.s.w.s.m.m.a.RequestResponseBodyMethodProcessor.writeWithMessageConverters - Using 'application/json', given [*/*] and supported [application/json, application/*+json]
2026-05-22 00:26:12.299 [http-nio-8080-exec-1] DEBUG o.s.w.s.m.m.a.RequestResponseBodyMethodProcessor.traceDebug - Writing [[CarritoRespuestaDTO(id=44, productoId=2, nombreProducto=Agua micelar, precioProducto=29.99, cantida (truncated)...]
2026-05-22 00:26:12.299 [http-nio-8080-exec-1] DEBUG o.s.web.servlet.DispatcherServlet.logResult - Completed 200 OK
2026-05-22 00:26:12.321 [http-nio-8080-exec-3] DEBUG o.s.web.servlet.DispatcherServlet.traceDebug - GET "/api/carrito", parameters={}
2026-05-22 00:26:12.321 [http-nio-8080-exec-3] DEBUG o.s.w.s.m.m.a.RequestMappingHandlerMapping.getHandler - Mapped to com.helene.backend.controller.CarritoController#obtener()
2026-05-22 00:26:12.321 [http-nio-8080-exec-3] INFO  c.h.b.controller.CarritoController.obtener - Obteniendo contenido del carrito
2026-05-22 00:26:12.322 [http-nio-8080-exec-3] DEBUG org.hibernate.SQL.logStatement - select u1_0.id,u1_0.email,u1_0.fecha_registro,u1_0.password,u1_0.username from usuarios u1_0 where u1_0.username=?
2026-05-22 00:26:12.323 [http-nio-8080-exec-3] DEBUG org.hibernate.SQL.logStatement - select r1_0.usuario_id,r1_1.id,r1_1.nombre from usuarios_roles r1_0 join roles r1_1 on r1_1.id=r1_0.rol_id where r1_0.usuario_id=?
2026-05-22 00:26:12.325 [http-nio-8080-exec-3] DEBUG org.hibernate.SQL.logStatement - select c1_0.id,c1_0.cantidad,c1_0.producto_id,c1_0.usuario_id from carrito_items c1_0 left join usuarios u1_0 on u1_0.id=c1_0.usuario_id where u1_0.id=?
2026-05-22 00:26:12.325 [http-nio-8080-exec-3] DEBUG org.hibernate.SQL.logStatement - select p1_0.id,p1_0.categoria_id,c1_0.id,c1_0.nombre,p1_0.descripcion,p1_0.descuento,p1_0.imagen_url,p1_0.nombre,p1_0.precio_final,p1_0.precio_original from productos p1_0 join categorias c1_0 on c1_0.id=p1_0.categoria_id where p1_0.id=?
2026-05-22 00:26:12.326 [http-nio-8080-exec-3] INFO  c.h.b.controller.CarritoController.obtener - Carrito obtenido con 1 items
2026-05-22 00:26:12.326 [http-nio-8080-exec-3] DEBUG o.s.w.s.m.m.a.RequestResponseBodyMethodProcessor.writeWithMessageConverters - Using 'application/json', given [*/*] and supported [application/json, application/*+json]
2026-05-22 00:26:12.326 [http-nio-8080-exec-3] DEBUG o.s.w.s.m.m.a.RequestResponseBodyMethodProcessor.traceDebug - Writing [[CarritoRespuestaDTO(id=44, productoId=2, nombreProducto=Agua micelar, precioProducto=29.99, cantida (truncated)...]
2026-05-22 00:26:12.327 [http-nio-8080-exec-3] DEBUG o.s.web.servlet.DispatcherServlet.logResult - Completed 200 OK
2026-05-22 00:28:26.958 [http-nio-8080-exec-5] DEBUG o.s.web.servlet.DispatcherServlet.traceDebug - GET "/api/carrito", parameters={}
2026-05-22 00:28:26.958 [http-nio-8080-exec-5] DEBUG o.s.w.s.m.m.a.RequestMappingHandlerMapping.getHandler - Mapped to com.helene.backend.controller.CarritoController#obtener()
2026-05-22 00:28:26.958 [http-nio-8080-exec-5] INFO  c.h.b.controller.CarritoController.obtener - Obteniendo contenido del carrito
2026-05-22 00:28:26.959 [http-nio-8080-exec-5] DEBUG org.hibernate.SQL.logStatement - select u1_0.id,u1_0.email,u1_0.fecha_registro,u1_0.password,u1_0.username from usuarios u1_0 where u1_0.username=?
2026-05-22 00:28:26.960 [http-nio-8080-exec-5] DEBUG org.hibernate.SQL.logStatement - select r1_0.usuario_id,r1_1.id,r1_1.nombre from usuarios_roles r1_0 join roles r1_1 on r1_1.id=r1_0.rol_id where r1_0.usuario_id=?
2026-05-22 00:28:26.961 [http-nio-8080-exec-5] DEBUG org.hibernate.SQL.logStatement - select c1_0.id,c1_0.cantidad,c1_0.producto_id,c1_0.usuario_id from carrito_items c1_0 left join usuarios u1_0 on u1_0.id=c1_0.usuario_id where u1_0.id=?
2026-05-22 00:28:26.962 [http-nio-8080-exec-5] DEBUG org.hibernate.SQL.logStatement - select p1_0.id,p1_0.categoria_id,c1_0.id,c1_0.nombre,p1_0.descripcion,p1_0.descuento,p1_0.imagen_url,p1_0.nombre,p1_0.precio_final,p1_0.precio_original from productos p1_0 join categorias c1_0 on c1_0.id=p1_0.categoria_id where p1_0.id=?
2026-05-22 00:28:26.963 [http-nio-8080-exec-5] INFO  c.h.b.controller.CarritoController.obtener - Carrito obtenido con 1 items
2026-05-22 00:28:26.963 [http-nio-8080-exec-5] DEBUG o.s.w.s.m.m.a.RequestResponseBodyMethodProcessor.writeWithMessageConverters - Using 'application/json', given [*/*] and supported [application/json, application/*+json]
2026-05-22 00:28:26.963 [http-nio-8080-exec-5] DEBUG o.s.w.s.m.m.a.RequestResponseBodyMethodProcessor.traceDebug - Writing [[CarritoRespuestaDTO(id=44, productoId=2, nombreProducto=Agua micelar, precioProducto=29.99, cantida (truncated)...]
2026-05-22 00:28:26.964 [http-nio-8080-exec-5] DEBUG o.s.web.servlet.DispatcherServlet.logResult - Completed 200 OK
2026-05-22 00:28:26.996 [http-nio-8080-exec-4] DEBUG o.s.web.servlet.DispatcherServlet.traceDebug - GET "/api/carrito", parameters={}
2026-05-22 00:28:26.996 [http-nio-8080-exec-4] DEBUG o.s.w.s.m.m.a.RequestMappingHandlerMapping.getHandler - Mapped to com.helene.backend.controller.CarritoController#obtener()
2026-05-22 00:28:26.996 [http-nio-8080-exec-4] INFO  c.h.b.controller.CarritoController.obtener - Obteniendo contenido del carrito
2026-05-22 00:28:26.997 [http-nio-8080-exec-4] DEBUG org.hibernate.SQL.logStatement - select u1_0.id,u1_0.email,u1_0.fecha_registro,u1_0.password,u1_0.username from usuarios u1_0 where u1_0.username=?
2026-05-22 00:28:26.998 [http-nio-8080-exec-4] DEBUG org.hibernate.SQL.logStatement - select r1_0.usuario_id,r1_1.id,r1_1.nombre from usuarios_roles r1_0 join roles r1_1 on r1_1.id=r1_0.rol_id where r1_0.usuario_id=?
2026-05-22 00:28:26.999 [http-nio-8080-exec-4] DEBUG org.hibernate.SQL.logStatement - select c1_0.id,c1_0.cantidad,c1_0.producto_id,c1_0.usuario_id from carrito_items c1_0 left join usuarios u1_0 on u1_0.id=c1_0.usuario_id where u1_0.id=?
2026-05-22 00:28:27.000 [http-nio-8080-exec-4] DEBUG org.hibernate.SQL.logStatement - select p1_0.id,p1_0.categoria_id,c1_0.id,c1_0.nombre,p1_0.descripcion,p1_0.descuento,p1_0.imagen_url,p1_0.nombre,p1_0.precio_final,p1_0.precio_original from productos p1_0 join categorias c1_0 on c1_0.id=p1_0.categoria_id where p1_0.id=?
2026-05-22 00:28:27.001 [http-nio-8080-exec-4] INFO  c.h.b.controller.CarritoController.obtener - Carrito obtenido con 1 items
2026-05-22 00:28:27.001 [http-nio-8080-exec-4] DEBUG o.s.w.s.m.m.a.RequestResponseBodyMethodProcessor.writeWithMessageConverters - Using 'application/json', given [*/*] and supported [application/json, application/*+json]
2026-05-22 00:28:27.001 [http-nio-8080-exec-4] DEBUG o.s.w.s.m.m.a.RequestResponseBodyMethodProcessor.traceDebug - Writing [[CarritoRespuestaDTO(id=44, productoId=2, nombreProducto=Agua micelar, precioProducto=29.99, cantida (truncated)...]
2026-05-22 00:28:27.001 [http-nio-8080-exec-4] DEBUG o.s.web.servlet.DispatcherServlet.logResult - Completed 200 OK
2026-05-22 00:29:10.919 [http-nio-8080-exec-7] DEBUG o.s.web.servlet.DispatcherServlet.traceDebug - GET "/api/carrito", parameters={}
2026-05-22 00:29:10.919 [http-nio-8080-exec-7] DEBUG o.s.w.s.m.m.a.RequestMappingHandlerMapping.getHandler - Mapped to com.helene.backend.controller.CarritoController#obtener()
2026-05-22 00:29:10.920 [http-nio-8080-exec-7] INFO  c.h.b.controller.CarritoController.obtener - Obteniendo contenido del carrito
2026-05-22 00:29:10.920 [http-nio-8080-exec-7] DEBUG org.hibernate.SQL.logStatement - select u1_0.id,u1_0.email,u1_0.fecha_registro,u1_0.password,u1_0.username from usuarios u1_0 where u1_0.username=?
2026-05-22 00:29:10.922 [http-nio-8080-exec-7] DEBUG org.hibernate.SQL.logStatement - select r1_0.usuario_id,r1_1.id,r1_1.nombre from usuarios_roles r1_0 join roles r1_1 on r1_1.id=r1_0.rol_id where r1_0.usuario_id=?
2026-05-22 00:29:10.923 [http-nio-8080-exec-7] DEBUG org.hibernate.SQL.logStatement - select c1_0.id,c1_0.cantidad,c1_0.producto_id,c1_0.usuario_id from carrito_items c1_0 left join usuarios u1_0 on u1_0.id=c1_0.usuario_id where u1_0.id=?
2026-05-22 00:29:10.924 [http-nio-8080-exec-7] DEBUG org.hibernate.SQL.logStatement - select p1_0.id,p1_0.categoria_id,c1_0.id,c1_0.nombre,p1_0.descripcion,p1_0.descuento,p1_0.imagen_url,p1_0.nombre,p1_0.precio_final,p1_0.precio_original from productos p1_0 join categorias c1_0 on c1_0.id=p1_0.categoria_id where p1_0.id=?
2026-05-22 00:29:10.925 [http-nio-8080-exec-7] INFO  c.h.b.controller.CarritoController.obtener - Carrito obtenido con 1 items
2026-05-22 00:29:10.925 [http-nio-8080-exec-7] DEBUG o.s.w.s.m.m.a.RequestResponseBodyMethodProcessor.writeWithMessageConverters - Using 'application/json', given [*/*] and supported [application/json, application/*+json]
2026-05-22 00:29:10.925 [http-nio-8080-exec-7] DEBUG o.s.w.s.m.m.a.RequestResponseBodyMethodProcessor.traceDebug - Writing [[CarritoRespuestaDTO(id=44, productoId=2, nombreProducto=Agua micelar, precioProducto=29.99, cantida (truncated)...]
2026-05-22 00:29:10.926 [http-nio-8080-exec-7] DEBUG o.s.web.servlet.DispatcherServlet.logResult - Completed 200 OK
2026-05-22 00:29:10.950 [http-nio-8080-exec-8] DEBUG o.s.web.servlet.DispatcherServlet.traceDebug - GET "/api/carrito", parameters={}
2026-05-22 00:29:10.950 [http-nio-8080-exec-8] DEBUG o.s.w.s.m.m.a.RequestMappingHandlerMapping.getHandler - Mapped to com.helene.backend.controller.CarritoController#obtener()
2026-05-22 00:29:10.951 [http-nio-8080-exec-8] INFO  c.h.b.controller.CarritoController.obtener - Obteniendo contenido del carrito
2026-05-22 00:29:10.951 [http-nio-8080-exec-8] DEBUG org.hibernate.SQL.logStatement - select u1_0.id,u1_0.email,u1_0.fecha_registro,u1_0.password,u1_0.username from usuarios u1_0 where u1_0.username=?
2026-05-22 00:29:10.953 [http-nio-8080-exec-8] DEBUG org.hibernate.SQL.logStatement - select r1_0.usuario_id,r1_1.id,r1_1.nombre from usuarios_roles r1_0 join roles r1_1 on r1_1.id=r1_0.rol_id where r1_0.usuario_id=?
2026-05-22 00:29:10.955 [http-nio-8080-exec-8] DEBUG org.hibernate.SQL.logStatement - select c1_0.id,c1_0.cantidad,c1_0.producto_id,c1_0.usuario_id from carrito_items c1_0 left join usuarios u1_0 on u1_0.id=c1_0.usuario_id where u1_0.id=?
2026-05-22 00:29:10.955 [http-nio-8080-exec-8] DEBUG org.hibernate.SQL.logStatement - select p1_0.id,p1_0.categoria_id,c1_0.id,c1_0.nombre,p1_0.descripcion,p1_0.descuento,p1_0.imagen_url,p1_0.nombre,p1_0.precio_final,p1_0.precio_original from productos p1_0 join categorias c1_0 on c1_0.id=p1_0.categoria_id where p1_0.id=?
2026-05-22 00:29:10.956 [http-nio-8080-exec-8] INFO  c.h.b.controller.CarritoController.obtener - Carrito obtenido con 1 items
2026-05-22 00:29:10.956 [http-nio-8080-exec-8] DEBUG o.s.w.s.m.m.a.RequestResponseBodyMethodProcessor.writeWithMessageConverters - Using 'application/json', given [*/*] and supported [application/json, application/*+json]
2026-05-22 00:29:10.956 [http-nio-8080-exec-8] DEBUG o.s.w.s.m.m.a.RequestResponseBodyMethodProcessor.traceDebug - Writing [[CarritoRespuestaDTO(id=44, productoId=2, nombreProducto=Agua micelar, precioProducto=29.99, cantida (truncated)...]
2026-05-22 00:29:10.957 [http-nio-8080-exec-8] DEBUG o.s.web.servlet.DispatcherServlet.logResult - Completed 200 OK
2026-05-22 00:31:05.699 [http-nio-8080-exec-10] DEBUG o.s.web.servlet.DispatcherServlet.traceDebug - GET "/api/carrito", parameters={}
2026-05-22 00:31:05.700 [http-nio-8080-exec-10] DEBUG o.s.w.s.m.m.a.RequestMappingHandlerMapping.getHandler - Mapped to com.helene.backend.controller.CarritoController#obtener()
2026-05-22 00:31:05.700 [http-nio-8080-exec-10] INFO  c.h.b.controller.CarritoController.obtener - Obteniendo contenido del carrito
2026-05-22 00:31:05.701 [http-nio-8080-exec-10] DEBUG org.hibernate.SQL.logStatement - select u1_0.id,u1_0.email,u1_0.fecha_registro,u1_0.password,u1_0.username from usuarios u1_0 where u1_0.username=?
2026-05-22 00:31:05.702 [http-nio-8080-exec-10] DEBUG org.hibernate.SQL.logStatement - select r1_0.usuario_id,r1_1.id,r1_1.nombre from usuarios_roles r1_0 join roles r1_1 on r1_1.id=r1_0.rol_id where r1_0.usuario_id=?
2026-05-22 00:31:05.703 [http-nio-8080-exec-10] DEBUG org.hibernate.SQL.logStatement - select c1_0.id,c1_0.cantidad,c1_0.producto_id,c1_0.usuario_id from carrito_items c1_0 left join usuarios u1_0 on u1_0.id=c1_0.usuario_id where u1_0.id=?
2026-05-22 00:31:05.703 [http-nio-8080-exec-10] DEBUG org.hibernate.SQL.logStatement - select p1_0.id,p1_0.categoria_id,c1_0.id,c1_0.nombre,p1_0.descripcion,p1_0.descuento,p1_0.imagen_url,p1_0.nombre,p1_0.precio_final,p1_0.precio_original from productos p1_0 join categorias c1_0 on c1_0.id=p1_0.categoria_id where p1_0.id=?
2026-05-22 00:31:05.705 [http-nio-8080-exec-10] INFO  c.h.b.controller.CarritoController.obtener - Carrito obtenido con 1 items
2026-05-22 00:31:05.705 [http-nio-8080-exec-10] DEBUG o.s.w.s.m.m.a.RequestResponseBodyMethodProcessor.writeWithMessageConverters - Using 'application/json', given [*/*] and supported [application/json, application/*+json]
2026-05-22 00:31:05.705 [http-nio-8080-exec-10] DEBUG o.s.w.s.m.m.a.RequestResponseBodyMethodProcessor.traceDebug - Writing [[CarritoRespuestaDTO(id=44, productoId=2, nombreProducto=Agua micelar, precioProducto=29.99, cantida (truncated)...]
2026-05-22 00:31:05.706 [http-nio-8080-exec-10] DEBUG o.s.web.servlet.DispatcherServlet.logResult - Completed 200 OK
2026-05-22 00:31:05.737 [http-nio-8080-exec-1] DEBUG o.s.web.servlet.DispatcherServlet.traceDebug - GET "/api/carrito", parameters={}
2026-05-22 00:31:05.738 [http-nio-8080-exec-1] DEBUG o.s.w.s.m.m.a.RequestMappingHandlerMapping.getHandler - Mapped to com.helene.backend.controller.CarritoController#obtener()
2026-05-22 00:31:05.738 [http-nio-8080-exec-1] INFO  c.h.b.controller.CarritoController.obtener - Obteniendo contenido del carrito
2026-05-22 00:31:05.739 [http-nio-8080-exec-1] DEBUG org.hibernate.SQL.logStatement - select u1_0.id,u1_0.email,u1_0.fecha_registro,u1_0.password,u1_0.username from usuarios u1_0 where u1_0.username=?
2026-05-22 00:31:05.741 [http-nio-8080-exec-1] DEBUG org.hibernate.SQL.logStatement - select r1_0.usuario_id,r1_1.id,r1_1.nombre from usuarios_roles r1_0 join roles r1_1 on r1_1.id=r1_0.rol_id where r1_0.usuario_id=?
2026-05-22 00:31:05.743 [http-nio-8080-exec-1] DEBUG org.hibernate.SQL.logStatement - select c1_0.id,c1_0.cantidad,c1_0.producto_id,c1_0.usuario_id from carrito_items c1_0 left join usuarios u1_0 on u1_0.id=c1_0.usuario_id where u1_0.id=?
2026-05-22 00:31:05.743 [http-nio-8080-exec-1] DEBUG org.hibernate.SQL.logStatement - select p1_0.id,p1_0.categoria_id,c1_0.id,c1_0.nombre,p1_0.descripcion,p1_0.descuento,p1_0.imagen_url,p1_0.nombre,p1_0.precio_final,p1_0.precio_original from productos p1_0 join categorias c1_0 on c1_0.id=p1_0.categoria_id where p1_0.id=?
2026-05-22 00:31:05.744 [http-nio-8080-exec-1] INFO  c.h.b.controller.CarritoController.obtener - Carrito obtenido con 1 items
2026-05-22 00:31:05.744 [http-nio-8080-exec-1] DEBUG o.s.w.s.m.m.a.RequestResponseBodyMethodProcessor.writeWithMessageConverters - Using 'application/json', given [*/*] and supported [application/json, application/*+json]
2026-05-22 00:31:05.745 [http-nio-8080-exec-1] DEBUG o.s.w.s.m.m.a.RequestResponseBodyMethodProcessor.traceDebug - Writing [[CarritoRespuestaDTO(id=44, productoId=2, nombreProducto=Agua micelar, precioProducto=29.99, cantida (truncated)...]
2026-05-22 00:31:05.745 [http-nio-8080-exec-1] DEBUG o.s.web.servlet.DispatcherServlet.logResult - Completed 200 OK
2026-05-22 00:35:04.809 [http-nio-8080-exec-2] DEBUG o.s.web.servlet.DispatcherServlet.traceDebug - GET "/api/carrito", parameters={}
2026-05-22 00:35:04.809 [http-nio-8080-exec-2] DEBUG o.s.w.s.m.m.a.RequestMappingHandlerMapping.getHandler - Mapped to com.helene.backend.controller.CarritoController#obtener()
2026-05-22 00:35:04.809 [http-nio-8080-exec-2] INFO  c.h.b.controller.CarritoController.obtener - Obteniendo contenido del carrito
2026-05-22 00:35:04.810 [http-nio-8080-exec-2] DEBUG org.hibernate.SQL.logStatement - select u1_0.id,u1_0.email,u1_0.fecha_registro,u1_0.password,u1_0.username from usuarios u1_0 where u1_0.username=?
2026-05-22 00:35:04.812 [http-nio-8080-exec-2] DEBUG org.hibernate.SQL.logStatement - select r1_0.usuario_id,r1_1.id,r1_1.nombre from usuarios_roles r1_0 join roles r1_1 on r1_1.id=r1_0.rol_id where r1_0.usuario_id=?
2026-05-22 00:35:04.814 [http-nio-8080-exec-2] DEBUG org.hibernate.SQL.logStatement - select c1_0.id,c1_0.cantidad,c1_0.producto_id,c1_0.usuario_id from carrito_items c1_0 left join usuarios u1_0 on u1_0.id=c1_0.usuario_id where u1_0.id=?
2026-05-22 00:35:04.815 [http-nio-8080-exec-2] DEBUG org.hibernate.SQL.logStatement - select p1_0.id,p1_0.categoria_id,c1_0.id,c1_0.nombre,p1_0.descripcion,p1_0.descuento,p1_0.imagen_url,p1_0.nombre,p1_0.precio_final,p1_0.precio_original from productos p1_0 join categorias c1_0 on c1_0.id=p1_0.categoria_id where p1_0.id=?
2026-05-22 00:35:04.815 [http-nio-8080-exec-2] INFO  c.h.b.controller.CarritoController.obtener - Carrito obtenido con 1 items
2026-05-22 00:35:04.815 [http-nio-8080-exec-2] DEBUG o.s.w.s.m.m.a.RequestResponseBodyMethodProcessor.writeWithMessageConverters - Using 'application/json', given [*/*] and supported [application/json, application/*+json]
2026-05-22 00:35:04.817 [http-nio-8080-exec-2] DEBUG o.s.w.s.m.m.a.RequestResponseBodyMethodProcessor.traceDebug - Writing [[CarritoRespuestaDTO(id=44, productoId=2, nombreProducto=Agua micelar, precioProducto=29.99, cantida (truncated)...]
2026-05-22 00:35:04.817 [http-nio-8080-exec-2] DEBUG o.s.web.servlet.DispatcherServlet.logResult - Completed 200 OK
2026-05-22 00:35:04.872 [http-nio-8080-exec-5] DEBUG o.s.web.servlet.DispatcherServlet.traceDebug - GET "/api/carrito", parameters={}
2026-05-22 00:35:04.872 [http-nio-8080-exec-5] DEBUG o.s.w.s.m.m.a.RequestMappingHandlerMapping.getHandler - Mapped to com.helene.backend.controller.CarritoController#obtener()
2026-05-22 00:35:04.873 [http-nio-8080-exec-5] INFO  c.h.b.controller.CarritoController.obtener - Obteniendo contenido del carrito
2026-05-22 00:35:04.874 [http-nio-8080-exec-5] DEBUG org.hibernate.SQL.logStatement - select u1_0.id,u1_0.email,u1_0.fecha_registro,u1_0.password,u1_0.username from usuarios u1_0 where u1_0.username=?
2026-05-22 00:35:04.875 [http-nio-8080-exec-5] DEBUG org.hibernate.SQL.logStatement - select r1_0.usuario_id,r1_1.id,r1_1.nombre from usuarios_roles r1_0 join roles r1_1 on r1_1.id=r1_0.rol_id where r1_0.usuario_id=?
2026-05-22 00:35:04.876 [http-nio-8080-exec-5] DEBUG org.hibernate.SQL.logStatement - select c1_0.id,c1_0.cantidad,c1_0.producto_id,c1_0.usuario_id from carrito_items c1_0 left join usuarios u1_0 on u1_0.id=c1_0.usuario_id where u1_0.id=?
2026-05-22 00:35:04.877 [http-nio-8080-exec-5] DEBUG org.hibernate.SQL.logStatement - select p1_0.id,p1_0.categoria_id,c1_0.id,c1_0.nombre,p1_0.descripcion,p1_0.descuento,p1_0.imagen_url,p1_0.nombre,p1_0.precio_final,p1_0.precio_original from productos p1_0 join categorias c1_0 on c1_0.id=p1_0.categoria_id where p1_0.id=?
2026-05-22 00:35:04.878 [http-nio-8080-exec-5] INFO  c.h.b.controller.CarritoController.obtener - Carrito obtenido con 1 items
2026-05-22 00:35:04.878 [http-nio-8080-exec-5] DEBUG o.s.w.s.m.m.a.RequestResponseBodyMethodProcessor.writeWithMessageConverters - Using 'application/json', given [*/*] and supported [application/json, application/*+json]
2026-05-22 00:35:04.878 [http-nio-8080-exec-5] DEBUG o.s.w.s.m.m.a.RequestResponseBodyMethodProcessor.traceDebug - Writing [[CarritoRespuestaDTO(id=44, productoId=2, nombreProducto=Agua micelar, precioProducto=29.99, cantida (truncated)...]
2026-05-22 00:35:04.878 [http-nio-8080-exec-5] DEBUG o.s.web.servlet.DispatcherServlet.logResult - Completed 200 OK
2026-05-22 00:36:35.001 [http-nio-8080-exec-6] DEBUG o.s.web.servlet.DispatcherServlet.traceDebug - GET "/api/carrito", parameters={}
2026-05-22 00:36:35.001 [http-nio-8080-exec-6] DEBUG o.s.w.s.m.m.a.RequestMappingHandlerMapping.getHandler - Mapped to com.helene.backend.controller.CarritoController#obtener()
2026-05-22 00:36:35.002 [http-nio-8080-exec-6] INFO  c.h.b.controller.CarritoController.obtener - Obteniendo contenido del carrito
2026-05-22 00:36:35.003 [http-nio-8080-exec-6] DEBUG org.hibernate.SQL.logStatement - select u1_0.id,u1_0.email,u1_0.fecha_registro,u1_0.password,u1_0.username from usuarios u1_0 where u1_0.username=?
2026-05-22 00:36:35.004 [http-nio-8080-exec-6] DEBUG org.hibernate.SQL.logStatement - select r1_0.usuario_id,r1_1.id,r1_1.nombre from usuarios_roles r1_0 join roles r1_1 on r1_1.id=r1_0.rol_id where r1_0.usuario_id=?
2026-05-22 00:36:35.005 [http-nio-8080-exec-6] DEBUG org.hibernate.SQL.logStatement - select c1_0.id,c1_0.cantidad,c1_0.producto_id,c1_0.usuario_id from carrito_items c1_0 left join usuarios u1_0 on u1_0.id=c1_0.usuario_id where u1_0.id=?
2026-05-22 00:36:35.006 [http-nio-8080-exec-6] DEBUG org.hibernate.SQL.logStatement - select p1_0.id,p1_0.categoria_id,c1_0.id,c1_0.nombre,p1_0.descripcion,p1_0.descuento,p1_0.imagen_url,p1_0.nombre,p1_0.precio_final,p1_0.precio_original from productos p1_0 join categorias c1_0 on c1_0.id=p1_0.categoria_id where p1_0.id=?
2026-05-22 00:36:35.006 [http-nio-8080-exec-6] INFO  c.h.b.controller.CarritoController.obtener - Carrito obtenido con 1 items
2026-05-22 00:36:35.007 [http-nio-8080-exec-6] DEBUG o.s.w.s.m.m.a.RequestResponseBodyMethodProcessor.writeWithMessageConverters - Using 'application/json', given [*/*] and supported [application/json, application/*+json]
2026-05-22 00:36:35.007 [http-nio-8080-exec-6] DEBUG o.s.w.s.m.m.a.RequestResponseBodyMethodProcessor.traceDebug - Writing [[CarritoRespuestaDTO(id=44, productoId=2, nombreProducto=Agua micelar, precioProducto=29.99, cantida (truncated)...]
2026-05-22 00:36:35.008 [http-nio-8080-exec-6] DEBUG o.s.web.servlet.DispatcherServlet.logResult - Completed 200 OK
2026-05-22 00:36:40.467 [http-nio-8080-exec-7] DEBUG o.s.web.servlet.DispatcherServlet.traceDebug - GET "/api/carrito", parameters={}
2026-05-22 00:36:40.467 [http-nio-8080-exec-7] DEBUG o.s.w.s.m.m.a.RequestMappingHandlerMapping.getHandler - Mapped to com.helene.backend.controller.CarritoController#obtener()
2026-05-22 00:36:40.468 [http-nio-8080-exec-7] INFO  c.h.b.controller.CarritoController.obtener - Obteniendo contenido del carrito
2026-05-22 00:36:40.468 [http-nio-8080-exec-7] DEBUG org.hibernate.SQL.logStatement - select u1_0.id,u1_0.email,u1_0.fecha_registro,u1_0.password,u1_0.username from usuarios u1_0 where u1_0.username=?
2026-05-22 00:36:40.469 [http-nio-8080-exec-7] DEBUG org.hibernate.SQL.logStatement - select r1_0.usuario_id,r1_1.id,r1_1.nombre from usuarios_roles r1_0 join roles r1_1 on r1_1.id=r1_0.rol_id where r1_0.usuario_id=?
2026-05-22 00:36:40.470 [http-nio-8080-exec-7] DEBUG org.hibernate.SQL.logStatement - select c1_0.id,c1_0.cantidad,c1_0.producto_id,c1_0.usuario_id from carrito_items c1_0 left join usuarios u1_0 on u1_0.id=c1_0.usuario_id where u1_0.id=?
2026-05-22 00:36:40.471 [http-nio-8080-exec-7] DEBUG org.hibernate.SQL.logStatement - select p1_0.id,p1_0.categoria_id,c1_0.id,c1_0.nombre,p1_0.descripcion,p1_0.descuento,p1_0.imagen_url,p1_0.nombre,p1_0.precio_final,p1_0.precio_original from productos p1_0 join categorias c1_0 on c1_0.id=p1_0.categoria_id where p1_0.id=?
2026-05-22 00:36:40.472 [http-nio-8080-exec-7] INFO  c.h.b.controller.CarritoController.obtener - Carrito obtenido con 1 items
2026-05-22 00:36:40.472 [http-nio-8080-exec-7] DEBUG o.s.w.s.m.m.a.RequestResponseBodyMethodProcessor.writeWithMessageConverters - Using 'application/json', given [*/*] and supported [application/json, application/*+json]
2026-05-22 00:36:40.472 [http-nio-8080-exec-7] DEBUG o.s.w.s.m.m.a.RequestResponseBodyMethodProcessor.traceDebug - Writing [[CarritoRespuestaDTO(id=44, productoId=2, nombreProducto=Agua micelar, precioProducto=29.99, cantida (truncated)...]
2026-05-22 00:36:40.473 [http-nio-8080-exec-7] DEBUG o.s.web.servlet.DispatcherServlet.logResult - Completed 200 OK
2026-05-22 00:36:40.485 [http-nio-8080-exec-8] DEBUG o.s.web.servlet.DispatcherServlet.traceDebug - GET "/api/productos/categoria/1", parameters={}
2026-05-22 00:36:40.486 [http-nio-8080-exec-8] DEBUG o.s.w.s.m.m.a.RequestMappingHandlerMapping.getHandler - Mapped to com.helene.backend.controller.ProductoController#listarPorCategoria(Long)
2026-05-22 00:36:40.487 [http-nio-8080-exec-8] INFO  c.h.b.controller.ProductoController.listarPorCategoria - Listando productos de la categoría id=1
2026-05-22 00:36:40.488 [http-nio-8080-exec-8] DEBUG org.hibernate.SQL.logStatement - select p1_0.id,p1_0.categoria_id,p1_0.descripcion,p1_0.descuento,p1_0.imagen_url,p1_0.nombre,p1_0.precio_final,p1_0.precio_original from productos p1_0 left join categorias c1_0 on c1_0.id=p1_0.categoria_id where c1_0.id=?
2026-05-22 00:36:40.489 [http-nio-8080-exec-8] DEBUG org.hibernate.SQL.logStatement - select c1_0.id,c1_0.nombre from categorias c1_0 where c1_0.id=?
2026-05-22 00:36:40.490 [http-nio-8080-exec-8] INFO  c.h.b.controller.ProductoController.listarPorCategoria - Se devuelven 2 productos para categoría id=1
2026-05-22 00:36:40.490 [http-nio-8080-exec-8] DEBUG o.s.w.s.m.m.a.RequestResponseBodyMethodProcessor.writeWithMessageConverters - Using 'application/json', given [*/*] and supported [application/json, application/*+json]
2026-05-22 00:36:40.491 [http-nio-8080-exec-8] DEBUG o.s.w.s.m.m.a.RequestResponseBodyMethodProcessor.traceDebug - Writing [[ProductoDTO(id=2, nombre=Agua micelar, precioOriginal=29.99, precioFinal=29.99, descuento=0, descri (truncated)...]
2026-05-22 00:36:40.491 [http-nio-8080-exec-8] DEBUG o.s.web.servlet.DispatcherServlet.logResult - Completed 200 OK
2026-05-22 00:36:40.508 [http-nio-8080-exec-9] DEBUG o.s.web.servlet.DispatcherServlet.traceDebug - GET "/api/carrito", parameters={}
2026-05-22 00:36:40.508 [http-nio-8080-exec-9] DEBUG o.s.w.s.m.m.a.RequestMappingHandlerMapping.getHandler - Mapped to com.helene.backend.controller.CarritoController#obtener()
2026-05-22 00:36:40.508 [http-nio-8080-exec-9] INFO  c.h.b.controller.CarritoController.obtener - Obteniendo contenido del carrito
2026-05-22 00:36:40.509 [http-nio-8080-exec-9] DEBUG org.hibernate.SQL.logStatement - select u1_0.id,u1_0.email,u1_0.fecha_registro,u1_0.password,u1_0.username from usuarios u1_0 where u1_0.username=?
2026-05-22 00:36:40.510 [http-nio-8080-exec-9] DEBUG org.hibernate.SQL.logStatement - select r1_0.usuario_id,r1_1.id,r1_1.nombre from usuarios_roles r1_0 join roles r1_1 on r1_1.id=r1_0.rol_id where r1_0.usuario_id=?
2026-05-22 00:36:40.511 [http-nio-8080-exec-9] DEBUG org.hibernate.SQL.logStatement - select c1_0.id,c1_0.cantidad,c1_0.producto_id,c1_0.usuario_id from carrito_items c1_0 left join usuarios u1_0 on u1_0.id=c1_0.usuario_id where u1_0.id=?
2026-05-22 00:36:40.511 [http-nio-8080-exec-9] DEBUG org.hibernate.SQL.logStatement - select p1_0.id,p1_0.categoria_id,c1_0.id,c1_0.nombre,p1_0.descripcion,p1_0.descuento,p1_0.imagen_url,p1_0.nombre,p1_0.precio_final,p1_0.precio_original from productos p1_0 join categorias c1_0 on c1_0.id=p1_0.categoria_id where p1_0.id=?
2026-05-22 00:36:40.513 [http-nio-8080-exec-9] INFO  c.h.b.controller.CarritoController.obtener - Carrito obtenido con 1 items
2026-05-22 00:36:40.514 [http-nio-8080-exec-9] DEBUG o.s.w.s.m.m.a.RequestResponseBodyMethodProcessor.writeWithMessageConverters - Using 'application/json', given [*/*] and supported [application/json, application/*+json]
2026-05-22 00:36:40.514 [http-nio-8080-exec-9] DEBUG o.s.w.s.m.m.a.RequestResponseBodyMethodProcessor.traceDebug - Writing [[CarritoRespuestaDTO(id=44, productoId=2, nombreProducto=Agua micelar, precioProducto=29.99, cantida (truncated)...]
2026-05-22 00:36:40.514 [http-nio-8080-exec-9] DEBUG o.s.web.servlet.DispatcherServlet.logResult - Completed 200 OK
2026-05-22 00:36:56.845 [SpringApplicationShutdownHook] INFO  o.s.o.j.LocalContainerEntityManagerFactoryBean.destroy - Closing JPA EntityManagerFactory for persistence unit 'default'
2026-05-22 00:36:56.852 [SpringApplicationShutdownHook] INFO  com.zaxxer.hikari.HikariDataSource.close - HikariPool-1 - Shutdown initiated...
2026-05-22 00:36:56.863 [SpringApplicationShutdownHook] INFO  com.zaxxer.hikari.HikariDataSource.close - HikariPool-1 - Shutdown completed.
